implementation,phase,matrix_type,n,trial,checkpoint,memory_bytes,memory_mb
custom_lu,full_solve,random_dense,8,0,before_problem_setup,803328,0.766113
custom_lu,full_solve,random_dense,8,0,after_problem_setup,803328,0.766113
custom_lu,factorization,random_dense,8,0,after_factorization_benchmark,803328,0.766113
custom_lu,solve,random_dense,8,0,after_solve_benchmark_and_accuracy,803328,0.766113
custom_lu,full_solve,random_dense,8,0,after_full_solve_benchmark,803328,0.766113
custom_lu,full_solve,random_dense,8,1,before_problem_setup,803328,0.766113
custom_lu,full_solve,random_dense,8,1,after_problem_setup,803328,0.766113
custom_lu,factorization,random_dense,8,1,after_factorization_benchmark,803328,0.766113
custom_lu,solve,random_dense,8,1,after_solve_benchmark_and_accuracy,803328,0.766113
custom_lu,full_solve,random_dense,8,1,after_full_solve_benchmark,803328,0.766113
custom_lu,full_solve,random_dense,8,2,before_problem_setup,803328,0.766113
custom_lu,full_solve,random_dense,8,2,after_problem_setup,803328,0.766113
custom_lu,factorization,random_dense,8,2,after_factorization_benchmark,803328,0.766113
custom_lu,solve,random_dense,8,2,after_solve_benchmark_and_accuracy,803328,0.766113
custom_lu,full_solve,random_dense,8,2,after_full_solve_benchmark,803328,0.766113
custom_lu,full_solve,random_dense,8,3,before_problem_setup,803328,0.766113
custom_lu,full_solve,random_dense,8,3,after_problem_setup,803328,0.766113
custom_lu,factorization,random_dense,8,3,after_factorization_benchmark,803328,0.766113
custom_lu,solve,random_dense,8,3,after_solve_benchmark_and_accuracy,803328,0.766113
custom_lu,full_solve,random_dense,8,3,after_full_solve_benchmark,803328,0.766113
custom_lu,full_solve,random_dense,8,4,before_problem_setup,803328,0.766113
custom_lu,full_solve,random_dense,8,4,after_problem_setup,803328,0.766113
custom_lu,factorization,random_dense,8,4,after_factorization_benchmark,803328,0.766113
custom_lu,solve,random_dense,8,4,after_solve_benchmark_and_accuracy,803328,0.766113
custom_lu,full_solve,random_dense,8,4,after_full_solve_benchmark,803328,0.766113
custom_lu,full_solve,diagonally_dominant,8,0,before_problem_setup,803328,0.766113
custom_lu,full_solve,diagonally_dominant,8,0,after_problem_setup,803328,0.766113
custom_lu,factorization,diagonally_dominant,8,0,after_factorization_benchmark,803328,0.766113
custom_lu,solve,diagonally_dominant,8,0,after_solve_benchmark_and_accuracy,803328,0.766113
custom_lu,full_solve,diagonally_dominant,8,0,after_full_solve_benchmark,803328,0.766113
custom_lu,full_solve,diagonally_dominant,8,1,before_problem_setup,803328,0.766113
custom_lu,full_solve,diagonally_dominant,8,1,after_problem_setup,803328,0.766113
custom_lu,factorization,diagonally_dominant,8,1,after_factorization_benchmark,803328,0.766113
custom_lu,solve,diagonally_dominant,8,1,after_solve_benchmark_and_accuracy,803328,0.766113
custom_lu,full_solve,diagonally_dominant,8,1,after_full_solve_benchmark,803328,0.766113
custom_lu,full_solve,diagonally_dominant,8,2,before_problem_setup,803328,0.766113
custom_lu,full_solve,diagonally_dominant,8,2,after_problem_setup,803328,0.766113
custom_lu,factorization,diagonally_dominant,8,2,after_factorization_benchmark,803328,0.766113
custom_lu,solve,diagonally_dominant,8,2,after_solve_benchmark_and_accuracy,803328,0.766113
custom_lu,full_solve,diagonally_dominant,8,2,after_full_solve_benchmark,803328,0.766113
custom_lu,full_solve,diagonally_dominant,8,3,before_problem_setup,803328,0.766113
custom_lu,full_solve,diagonally_dominant,8,3,after_problem_setup,803328,0.766113
custom_lu,factorization,diagonally_dominant,8,3,after_factorization_benchmark,803328,0.766113
custom_lu,solve,diagonally_dominant,8,3,after_solve_benchmark_and_accuracy,803328,0.766113
custom_lu,full_solve,diagonally_dominant,8,3,after_full_solve_benchmark,803328,0.766113
custom_lu,full_solve,diagonally_dominant,8,4,before_problem_setup,803328,0.766113
custom_lu,full_solve,diagonally_dominant,8,4,after_problem_setup,803328,0.766113
custom_lu,factorization,diagonally_dominant,8,4,after_factorization_benchmark,803328,0.766113
custom_lu,solve,diagonally_dominant,8,4,after_solve_benchmark_and_accuracy,803328,0.766113
custom_lu,full_solve,diagonally_dominant,8,4,after_full_solve_benchmark,819712,0.781738
custom_lu,full_solve,random_dense,16,0,before_problem_setup,819712,0.781738
custom_lu,full_solve,random_dense,16,0,after_problem_setup,819712,0.781738
custom_lu,factorization,random_dense,16,0,after_factorization_benchmark,819712,0.781738
custom_lu,solve,random_dense,16,0,after_solve_benchmark_and_accuracy,819712,0.781738
custom_lu,full_solve,random_dense,16,0,after_full_solve_benchmark,819712,0.781738
custom_lu,full_solve,random_dense,16,1,before_problem_setup,819712,0.781738
custom_lu,full_solve,random_dense,16,1,after_problem_setup,819712,0.781738
custom_lu,factorization,random_dense,16,1,after_factorization_benchmark,819712,0.781738
custom_lu,solve,random_dense,16,1,after_solve_benchmark_and_accuracy,819712,0.781738
custom_lu,full_solve,random_dense,16,1,after_full_solve_benchmark,819712,0.781738
custom_lu,full_solve,random_dense,16,2,before_problem_setup,819712,0.781738
custom_lu,full_solve,random_dense,16,2,after_problem_setup,819712,0.781738
custom_lu,factorization,random_dense,16,2,after_factorization_benchmark,819712,0.781738
custom_lu,solve,random_dense,16,2,after_solve_benchmark_and_accuracy,819712,0.781738
custom_lu,full_solve,random_dense,16,2,after_full_solve_benchmark,819712,0.781738
custom_lu,full_solve,random_dense,16,3,before_problem_setup,819712,0.781738
custom_lu,full_solve,random_dense,16,3,after_problem_setup,819712,0.781738
custom_lu,factorization,random_dense,16,3,after_factorization_benchmark,819712,0.781738
custom_lu,solve,random_dense,16,3,after_solve_benchmark_and_accuracy,819712,0.781738
custom_lu,full_solve,random_dense,16,3,after_full_solve_benchmark,819712,0.781738
custom_lu,full_solve,random_dense,16,4,before_problem_setup,819712,0.781738
custom_lu,full_solve,random_dense,16,4,after_problem_setup,819712,0.781738
custom_lu,factorization,random_dense,16,4,after_factorization_benchmark,819712,0.781738
custom_lu,solve,random_dense,16,4,after_solve_benchmark_and_accuracy,819712,0.781738
custom_lu,full_solve,random_dense,16,4,after_full_solve_benchmark,819712,0.781738
custom_lu,full_solve,diagonally_dominant,16,0,before_problem_setup,819712,0.781738
custom_lu,full_solve,diagonally_dominant,16,0,after_problem_setup,819712,0.781738
custom_lu,factorization,diagonally_dominant,16,0,after_factorization_benchmark,819712,0.781738
custom_lu,solve,diagonally_dominant,16,0,after_solve_benchmark_and_accuracy,819712,0.781738
custom_lu,full_solve,diagonally_dominant,16,0,after_full_solve_benchmark,819712,0.781738
custom_lu,full_solve,diagonally_dominant,16,1,before_problem_setup,819712,0.781738
custom_lu,full_solve,diagonally_dominant,16,1,after_problem_setup,819712,0.781738
custom_lu,factorization,diagonally_dominant,16,1,after_factorization_benchmark,819712,0.781738
custom_lu,solve,diagonally_dominant,16,1,after_solve_benchmark_and_accuracy,819712,0.781738
custom_lu,full_solve,diagonally_dominant,16,1,after_full_solve_benchmark,819712,0.781738
custom_lu,full_solve,diagonally_dominant,16,2,before_problem_setup,819712,0.781738
custom_lu,full_solve,diagonally_dominant,16,2,after_problem_setup,819712,0.781738
custom_lu,factorization,diagonally_dominant,16,2,after_factorization_benchmark,819712,0.781738
custom_lu,solve,diagonally_dominant,16,2,after_solve_benchmark_and_accuracy,819712,0.781738
custom_lu,full_solve,diagonally_dominant,16,2,after_full_solve_benchmark,819712,0.781738
custom_lu,full_solve,diagonally_dominant,16,3,before_problem_setup,819712,0.781738
custom_lu,full_solve,diagonally_dominant,16,3,after_problem_setup,819712,0.781738
custom_lu,factorization,diagonally_dominant,16,3,after_factorization_benchmark,819712,0.781738
custom_lu,solve,diagonally_dominant,16,3,after_solve_benchmark_and_accuracy,819712,0.781738
custom_lu,full_solve,diagonally_dominant,16,3,after_full_solve_benchmark,819712,0.781738
custom_lu,full_solve,diagonally_dominant,16,4,before_problem_setup,819712,0.781738
custom_lu,full_solve,diagonally_dominant,16,4,after_problem_setup,819712,0.781738
custom_lu,factorization,diagonally_dominant,16,4,after_factorization_benchmark,819712,0.781738
custom_lu,solve,diagonally_dominant,16,4,after_solve_benchmark_and_accuracy,819712,0.781738
custom_lu,full_solve,diagonally_dominant,16,4,after_full_solve_benchmark,819712,0.781738
custom_lu,full_solve,random_dense,32,0,before_problem_setup,819712,0.781738
custom_lu,full_solve,random_dense,32,0,after_problem_setup,836096,0.797363
custom_lu,factorization,random_dense,32,0,after_factorization_benchmark,852480,0.812988
custom_lu,solve,random_dense,32,0,after_solve_benchmark_and_accuracy,852480,0.812988
custom_lu,full_solve,random_dense,32,0,after_full_solve_benchmark,852480,0.812988
custom_lu,full_solve,random_dense,32,1,before_problem_setup,852480,0.812988
custom_lu,full_solve,random_dense,32,1,after_problem_setup,852480,0.812988
custom_lu,factorization,random_dense,32,1,after_factorization_benchmark,852480,0.812988
custom_lu,solve,random_dense,32,1,after_solve_benchmark_and_accuracy,852480,0.812988
custom_lu,full_solve,random_dense,32,1,after_full_solve_benchmark,852480,0.812988
custom_lu,full_solve,random_dense,32,2,before_problem_setup,852480,0.812988
custom_lu,full_solve,random_dense,32,2,after_problem_setup,852480,0.812988
custom_lu,factorization,random_dense,32,2,after_factorization_benchmark,852480,0.812988
custom_lu,solve,random_dense,32,2,after_solve_benchmark_and_accuracy,852480,0.812988
custom_lu,full_solve,random_dense,32,2,after_full_solve_benchmark,852480,0.812988
custom_lu,full_solve,random_dense,32,3,before_problem_setup,852480,0.812988
custom_lu,full_solve,random_dense,32,3,after_problem_setup,852480,0.812988
custom_lu,factorization,random_dense,32,3,after_factorization_benchmark,918016,0.875488
custom_lu,solve,random_dense,32,3,after_solve_benchmark_and_accuracy,918016,0.875488
custom_lu,full_solve,random_dense,32,3,after_full_solve_benchmark,934400,0.891113
custom_lu,full_solve,random_dense,32,4,before_problem_setup,934400,0.891113
custom_lu,full_solve,random_dense,32,4,after_problem_setup,934400,0.891113
custom_lu,factorization,random_dense,32,4,after_factorization_benchmark,934400,0.891113
custom_lu,solve,random_dense,32,4,after_solve_benchmark_and_accuracy,934400,0.891113
custom_lu,full_solve,random_dense,32,4,after_full_solve_benchmark,934400,0.891113
custom_lu,full_solve,diagonally_dominant,32,0,before_problem_setup,934400,0.891113
custom_lu,full_solve,diagonally_dominant,32,0,after_problem_setup,934400,0.891113
custom_lu,factorization,diagonally_dominant,32,0,after_factorization_benchmark,934400,0.891113
custom_lu,solve,diagonally_dominant,32,0,after_solve_benchmark_and_accuracy,934400,0.891113
custom_lu,full_solve,diagonally_dominant,32,0,after_full_solve_benchmark,950784,0.906738
custom_lu,full_solve,diagonally_dominant,32,1,before_problem_setup,950784,0.906738
custom_lu,full_solve,diagonally_dominant,32,1,after_problem_setup,950784,0.906738
custom_lu,factorization,diagonally_dominant,32,1,after_factorization_benchmark,950784,0.906738
custom_lu,solve,diagonally_dominant,32,1,after_solve_benchmark_and_accuracy,950784,0.906738
custom_lu,full_solve,diagonally_dominant,32,1,after_full_solve_benchmark,950784,0.906738
custom_lu,full_solve,diagonally_dominant,32,2,before_problem_setup,950784,0.906738
custom_lu,full_solve,diagonally_dominant,32,2,after_problem_setup,950784,0.906738
custom_lu,factorization,diagonally_dominant,32,2,after_factorization_benchmark,950784,0.906738
custom_lu,solve,diagonally_dominant,32,2,after_solve_benchmark_and_accuracy,950784,0.906738
custom_lu,full_solve,diagonally_dominant,32,2,after_full_solve_benchmark,950784,0.906738
custom_lu,full_solve,diagonally_dominant,32,3,before_problem_setup,950784,0.906738
custom_lu,full_solve,diagonally_dominant,32,3,after_problem_setup,950784,0.906738
custom_lu,factorization,diagonally_dominant,32,3,after_factorization_benchmark,950784,0.906738
custom_lu,solve,diagonally_dominant,32,3,after_solve_benchmark_and_accuracy,950784,0.906738
custom_lu,full_solve,diagonally_dominant,32,3,after_full_solve_benchmark,950784,0.906738
custom_lu,full_solve,diagonally_dominant,32,4,before_problem_setup,950784,0.906738
custom_lu,full_solve,diagonally_dominant,32,4,after_problem_setup,950784,0.906738
custom_lu,factorization,diagonally_dominant,32,4,after_factorization_benchmark,950784,0.906738
custom_lu,solve,diagonally_dominant,32,4,after_solve_benchmark_and_accuracy,950784,0.906738
custom_lu,full_solve,diagonally_dominant,32,4,after_full_solve_benchmark,950784,0.906738
custom_lu,full_solve,random_dense,64,0,before_problem_setup,950784,0.906738
custom_lu,full_solve,random_dense,64,0,after_problem_setup,983552,0.937988
custom_lu,factorization,random_dense,64,0,after_factorization_benchmark,1016320,0.969238
custom_lu,solve,random_dense,64,0,after_solve_benchmark_and_accuracy,1016320,0.969238
custom_lu,full_solve,random_dense,64,0,after_full_solve_benchmark,1065472,1.01611
custom_lu,full_solve,random_dense,64,1,before_problem_setup,1065472,1.01611
custom_lu,full_solve,random_dense,64,1,after_problem_setup,1065472,1.01611
custom_lu,factorization,random_dense,64,1,after_factorization_benchmark,1065472,1.01611
custom_lu,solve,random_dense,64,1,after_solve_benchmark_and_accuracy,1065472,1.01611
custom_lu,full_solve,random_dense,64,1,after_full_solve_benchmark,1065472,1.01611
custom_lu,full_solve,random_dense,64,2,before_problem_setup,1065472,1.01611
custom_lu,full_solve,random_dense,64,2,after_problem_setup,1065472,1.01611
custom_lu,factorization,random_dense,64,2,after_factorization_benchmark,1065472,1.01611
custom_lu,solve,random_dense,64,2,after_solve_benchmark_and_accuracy,1065472,1.01611
custom_lu,full_solve,random_dense,64,2,after_full_solve_benchmark,1065472,1.01611
custom_lu,full_solve,random_dense,64,3,before_problem_setup,1065472,1.01611
custom_lu,full_solve,random_dense,64,3,after_problem_setup,1065472,1.01611
custom_lu,factorization,random_dense,64,3,after_factorization_benchmark,1180224,1.12555
custom_lu,solve,random_dense,64,3,after_solve_benchmark_and_accuracy,1180224,1.12555
custom_lu,full_solve,random_dense,64,3,after_full_solve_benchmark,1212992,1.1568
custom_lu,full_solve,random_dense,64,4,before_problem_setup,1212992,1.1568
custom_lu,full_solve,random_dense,64,4,after_problem_setup,1212992,1.1568
custom_lu,factorization,random_dense,64,4,after_factorization_benchmark,1212992,1.1568
custom_lu,solve,random_dense,64,4,after_solve_benchmark_and_accuracy,1212992,1.1568
custom_lu,full_solve,random_dense,64,4,after_full_solve_benchmark,1245760,1.18805
custom_lu,full_solve,diagonally_dominant,64,0,before_problem_setup,1245760,1.18805
custom_lu,full_solve,diagonally_dominant,64,0,after_problem_setup,1245760,1.18805
custom_lu,factorization,diagonally_dominant,64,0,after_factorization_benchmark,1245760,1.18805
custom_lu,solve,diagonally_dominant,64,0,after_solve_benchmark_and_accuracy,1245760,1.18805
custom_lu,full_solve,diagonally_dominant,64,0,after_full_solve_benchmark,1245760,1.18805
custom_lu,full_solve,diagonally_dominant,64,1,before_problem_setup,1245760,1.18805
custom_lu,full_solve,diagonally_dominant,64,1,after_problem_setup,1245760,1.18805
custom_lu,factorization,diagonally_dominant,64,1,after_factorization_benchmark,1245760,1.18805
custom_lu,solve,diagonally_dominant,64,1,after_solve_benchmark_and_accuracy,1245760,1.18805
custom_lu,full_solve,diagonally_dominant,64,1,after_full_solve_benchmark,1245760,1.18805
custom_lu,full_solve,diagonally_dominant,64,2,before_problem_setup,1245760,1.18805
custom_lu,full_solve,diagonally_dominant,64,2,after_problem_setup,1245760,1.18805
custom_lu,factorization,diagonally_dominant,64,2,after_factorization_benchmark,1344064,1.2818
custom_lu,solve,diagonally_dominant,64,2,after_solve_benchmark_and_accuracy,1344064,1.2818
custom_lu,full_solve,diagonally_dominant,64,2,after_full_solve_benchmark,1376832,1.31305
custom_lu,full_solve,diagonally_dominant,64,3,before_problem_setup,1376832,1.31305
custom_lu,full_solve,diagonally_dominant,64,3,after_problem_setup,1376832,1.31305
custom_lu,factorization,diagonally_dominant,64,3,after_factorization_benchmark,1376832,1.31305
custom_lu,solve,diagonally_dominant,64,3,after_solve_benchmark_and_accuracy,1376832,1.31305
custom_lu,full_solve,diagonally_dominant,64,3,after_full_solve_benchmark,1409600,1.3443
custom_lu,full_solve,diagonally_dominant,64,4,before_problem_setup,1409600,1.3443
custom_lu,full_solve,diagonally_dominant,64,4,after_problem_setup,1409600,1.3443
custom_lu,factorization,diagonally_dominant,64,4,after_factorization_benchmark,1409600,1.3443
custom_lu,solve,diagonally_dominant,64,4,after_solve_benchmark_and_accuracy,1409600,1.3443
custom_lu,full_solve,diagonally_dominant,64,4,after_full_solve_benchmark,1409600,1.3443
custom_lu,full_solve,random_dense,128,0,before_problem_setup,1409600,1.3443
custom_lu,full_solve,random_dense,128,0,after_problem_setup,1589888,1.51624
custom_lu,factorization,random_dense,128,0,after_factorization_benchmark,1901248,1.81317
custom_lu,solve,random_dense,128,0,after_solve_benchmark_and_accuracy,1901248,1.81317
custom_lu,full_solve,random_dense,128,0,after_full_solve_benchmark,2212608,2.11011
custom_lu,full_solve,random_dense,128,1,before_problem_setup,2212608,2.11011
custom_lu,full_solve,random_dense,128,1,after_problem_setup,2212608,2.11011
custom_lu,factorization,random_dense,128,1,after_factorization_benchmark,2343680,2.23511
custom_lu,solve,random_dense,128,1,after_solve_benchmark_and_accuracy,2343680,2.23511
custom_lu,full_solve,random_dense,128,1,after_full_solve_benchmark,2343680,2.23511
custom_lu,full_solve,random_dense,128,2,before_problem_setup,2343680,2.23511
custom_lu,full_solve,random_dense,128,2,after_problem_setup,2343680,2.23511
custom_lu,factorization,random_dense,128,2,after_factorization_benchmark,2343680,2.23511
custom_lu,solve,random_dense,128,2,after_solve_benchmark_and_accuracy,2343680,2.23511
custom_lu,full_solve,random_dense,128,2,after_full_solve_benchmark,2343680,2.23511
custom_lu,full_solve,random_dense,128,3,before_problem_setup,2343680,2.23511
custom_lu,full_solve,random_dense,128,3,after_problem_setup,2343680,2.23511
custom_lu,factorization,random_dense,128,3,after_factorization_benchmark,2343680,2.23511
custom_lu,solve,random_dense,128,3,after_solve_benchmark_and_accuracy,2343680,2.23511
custom_lu,full_solve,random_dense,128,3,after_full_solve_benchmark,2343680,2.23511
custom_lu,full_solve,random_dense,128,4,before_problem_setup,2343680,2.23511
custom_lu,full_solve,random_dense,128,4,after_problem_setup,2343680,2.23511
custom_lu,factorization,random_dense,128,4,after_factorization_benchmark,2523968,2.40704
custom_lu,solve,random_dense,128,4,after_solve_benchmark_and_accuracy,2523968,2.40704
custom_lu,full_solve,random_dense,128,4,after_full_solve_benchmark,2655040,2.53204
custom_lu,full_solve,diagonally_dominant,128,0,before_problem_setup,2655040,2.53204
custom_lu,full_solve,diagonally_dominant,128,0,after_problem_setup,2655040,2.53204
custom_lu,factorization,diagonally_dominant,128,0,after_factorization_benchmark,2655040,2.53204
custom_lu,solve,diagonally_dominant,128,0,after_solve_benchmark_and_accuracy,2655040,2.53204
custom_lu,full_solve,diagonally_dominant,128,0,after_full_solve_benchmark,2786112,2.65704
custom_lu,full_solve,diagonally_dominant,128,1,before_problem_setup,2786112,2.65704
custom_lu,full_solve,diagonally_dominant,128,1,after_problem_setup,2786112,2.65704
custom_lu,factorization,diagonally_dominant,128,1,after_factorization_benchmark,2786112,2.65704
custom_lu,solve,diagonally_dominant,128,1,after_solve_benchmark_and_accuracy,2786112,2.65704
custom_lu,full_solve,diagonally_dominant,128,1,after_full_solve_benchmark,2786112,2.65704
custom_lu,full_solve,diagonally_dominant,128,2,before_problem_setup,2786112,2.65704
custom_lu,full_solve,diagonally_dominant,128,2,after_problem_setup,2786112,2.65704
custom_lu,factorization,diagonally_dominant,128,2,after_factorization_benchmark,2786112,2.65704
custom_lu,solve,diagonally_dominant,128,2,after_solve_benchmark_and_accuracy,2786112,2.65704
custom_lu,full_solve,diagonally_dominant,128,2,after_full_solve_benchmark,2917184,2.78204
custom_lu,full_solve,diagonally_dominant,128,3,before_problem_setup,2917184,2.78204
custom_lu,full_solve,diagonally_dominant,128,3,after_problem_setup,2917184,2.78204
custom_lu,factorization,diagonally_dominant,128,3,after_factorization_benchmark,2917184,2.78204
custom_lu,solve,diagonally_dominant,128,3,after_solve_benchmark_and_accuracy,2917184,2.78204
custom_lu,full_solve,diagonally_dominant,128,3,after_full_solve_benchmark,3048256,2.90704
custom_lu,full_solve,diagonally_dominant,128,4,before_problem_setup,3048256,2.90704
custom_lu,full_solve,diagonally_dominant,128,4,after_problem_setup,3048256,2.90704
custom_lu,factorization,diagonally_dominant,128,4,after_factorization_benchmark,3048256,2.90704
custom_lu,solve,diagonally_dominant,128,4,after_solve_benchmark_and_accuracy,3048256,2.90704
custom_lu,full_solve,diagonally_dominant,128,4,after_full_solve_benchmark,3048256,2.90704
custom_lu,full_solve,random_dense,256,0,before_problem_setup,3048256,2.90704
custom_lu,full_solve,random_dense,256,0,after_problem_setup,3572544,3.40704
custom_lu,factorization,random_dense,256,0,after_factorization_benchmark,5145408,4.90704
custom_lu,solve,random_dense,256,0,after_solve_benchmark_and_accuracy,5145408,4.90704
custom_lu,full_solve,random_dense,256,0,after_full_solve_benchmark,5145408,4.90704
custom_lu,full_solve,random_dense,256,1,before_problem_setup,5145408,4.90704
custom_lu,full_solve,random_dense,256,1,after_problem_setup,5145408,4.90704
custom_lu,factorization,random_dense,256,1,after_factorization_benchmark,5145408,4.90704
custom_lu,solve,random_dense,256,1,after_solve_benchmark_and_accuracy,5145408,4.90704
custom_lu,full_solve,random_dense,256,1,after_full_solve_benchmark,5669696,5.40704
custom_lu,full_solve,random_dense,256,2,before_problem_setup,5669696,5.40704
custom_lu,full_solve,random_dense,256,2,after_problem_setup,5669696,5.40704
custom_lu,factorization,random_dense,256,2,after_factorization_benchmark,5669696,5.40704
custom_lu,solve,random_dense,256,2,after_solve_benchmark_and_accuracy,5669696,5.40704
custom_lu,full_solve,random_dense,256,2,after_full_solve_benchmark,6193984,5.90704
custom_lu,full_solve,random_dense,256,3,before_problem_setup,6193984,5.90704
custom_lu,full_solve,random_dense,256,3,after_problem_setup,6193984,5.90704
custom_lu,factorization,random_dense,256,3,after_factorization_benchmark,6193984,5.90704
custom_lu,solve,random_dense,256,3,after_solve_benchmark_and_accuracy,6193984,5.90704
custom_lu,full_solve,random_dense,256,3,after_full_solve_benchmark,6718272,6.40704
custom_lu,full_solve,random_dense,256,4,before_problem_setup,6718272,6.40704
custom_lu,full_solve,random_dense,256,4,after_problem_setup,6718272,6.40704
custom_lu,factorization,random_dense,256,4,after_factorization_benchmark,7242560,6.90704
custom_lu,solve,random_dense,256,4,after_solve_benchmark_and_accuracy,7242560,6.90704
custom_lu,full_solve,random_dense,256,4,after_full_solve_benchmark,7242560,6.90704
custom_lu,full_solve,diagonally_dominant,256,0,before_problem_setup,7242560,6.90704
custom_lu,full_solve,diagonally_dominant,256,0,after_problem_setup,7242560,6.90704
custom_lu,factorization,diagonally_dominant,256,0,after_factorization_benchmark,7766848,7.40704
custom_lu,solve,diagonally_dominant,256,0,after_solve_benchmark_and_accuracy,7766848,7.40704
custom_lu,full_solve,diagonally_dominant,256,0,after_full_solve_benchmark,8291136,7.90704
custom_lu,full_solve,diagonally_dominant,256,1,before_problem_setup,8291136,7.90704
custom_lu,full_solve,diagonally_dominant,256,1,after_problem_setup,8291136,7.90704
custom_lu,factorization,diagonally_dominant,256,1,after_factorization_benchmark,8291136,7.90704
custom_lu,solve,diagonally_dominant,256,1,after_solve_benchmark_and_accuracy,8291136,7.90704
custom_lu,full_solve,diagonally_dominant,256,1,after_full_solve_benchmark,8291136,7.90704
custom_lu,full_solve,diagonally_dominant,256,2,before_problem_setup,8291136,7.90704
custom_lu,full_solve,diagonally_dominant,256,2,after_problem_setup,8291136,7.90704
custom_lu,factorization,diagonally_dominant,256,2,after_factorization_benchmark,8291136,7.90704
custom_lu,solve,diagonally_dominant,256,2,after_solve_benchmark_and_accuracy,8291136,7.90704
custom_lu,full_solve,diagonally_dominant,256,2,after_full_solve_benchmark,8291136,7.90704
custom_lu,full_solve,diagonally_dominant,256,3,before_problem_setup,8291136,7.90704
custom_lu,full_solve,diagonally_dominant,256,3,after_problem_setup,8291136,7.90704
custom_lu,factorization,diagonally_dominant,256,3,after_factorization_benchmark,8291136,7.90704
custom_lu,solve,diagonally_dominant,256,3,after_solve_benchmark_and_accuracy,8291136,7.90704
custom_lu,full_solve,diagonally_dominant,256,3,after_full_solve_benchmark,8291136,7.90704
custom_lu,full_solve,diagonally_dominant,256,4,before_problem_setup,8291136,7.90704
custom_lu,full_solve,diagonally_dominant,256,4,after_problem_setup,8291136,7.90704
custom_lu,factorization,diagonally_dominant,256,4,after_factorization_benchmark,8291136,7.90704
custom_lu,solve,diagonally_dominant,256,4,after_solve_benchmark_and_accuracy,8291136,7.90704
custom_lu,full_solve,diagonally_dominant,256,4,after_full_solve_benchmark,8291136,7.90704
custom_lu,full_solve,random_dense,512,0,before_problem_setup,8291136,7.90704
custom_lu,full_solve,random_dense,512,0,after_problem_setup,10388288,9.90704
custom_lu,factorization,random_dense,512,0,after_factorization_benchmark,4490048,4.28204
custom_lu,solve,random_dense,512,0,after_solve_benchmark_and_accuracy,4490048,4.28204
custom_lu,full_solve,random_dense,512,0,after_full_solve_benchmark,4490048,4.28204
custom_lu,full_solve,random_dense,512,1,before_problem_setup,2392896,2.28204
custom_lu,full_solve,random_dense,512,1,after_problem_setup,2392896,2.28204
custom_lu,factorization,random_dense,512,1,after_factorization_benchmark,2392896,2.28204
custom_lu,solve,random_dense,512,1,after_solve_benchmark_and_accuracy,2392896,2.28204
custom_lu,full_solve,random_dense,512,1,after_full_solve_benchmark,2392896,2.28204
custom_lu,full_solve,random_dense,512,2,before_problem_setup,2392896,2.28204
custom_lu,full_solve,random_dense,512,2,after_problem_setup,2392896,2.28204
custom_lu,factorization,random_dense,512,2,after_factorization_benchmark,2392896,2.28204
custom_lu,solve,random_dense,512,2,after_solve_benchmark_and_accuracy,2392896,2.28204
custom_lu,full_solve,random_dense,512,2,after_full_solve_benchmark,2392896,2.28204
custom_lu,full_solve,random_dense,512,3,before_problem_setup,2392896,2.28204
custom_lu,full_solve,random_dense,512,3,after_problem_setup,2392896,2.28204
custom_lu,factorization,random_dense,512,3,after_factorization_benchmark,2392896,2.28204
custom_lu,solve,random_dense,512,3,after_solve_benchmark_and_accuracy,2392896,2.28204
custom_lu,full_solve,random_dense,512,3,after_full_solve_benchmark,2392896,2.28204
custom_lu,full_solve,random_dense,512,4,before_problem_setup,2392896,2.28204
custom_lu,full_solve,random_dense,512,4,after_problem_setup,2392896,2.28204
custom_lu,factorization,random_dense,512,4,after_factorization_benchmark,2392896,2.28204
custom_lu,solve,random_dense,512,4,after_solve_benchmark_and_accuracy,2392896,2.28204
custom_lu,full_solve,random_dense,512,4,after_full_solve_benchmark,2392896,2.28204
custom_lu,full_solve,diagonally_dominant,512,0,before_problem_setup,2392896,2.28204
custom_lu,full_solve,diagonally_dominant,512,0,after_problem_setup,2392896,2.28204
custom_lu,factorization,diagonally_dominant,512,0,after_factorization_benchmark,2392896,2.28204
custom_lu,solve,diagonally_dominant,512,0,after_solve_benchmark_and_accuracy,2392896,2.28204
custom_lu,full_solve,diagonally_dominant,512,0,after_full_solve_benchmark,2392896,2.28204
custom_lu,full_solve,diagonally_dominant,512,1,before_problem_setup,2392896,2.28204
custom_lu,full_solve,diagonally_dominant,512,1,after_problem_setup,2392896,2.28204
custom_lu,factorization,diagonally_dominant,512,1,after_factorization_benchmark,2392896,2.28204
custom_lu,solve,diagonally_dominant,512,1,after_solve_benchmark_and_accuracy,2392896,2.28204
custom_lu,full_solve,diagonally_dominant,512,1,after_full_solve_benchmark,2392896,2.28204
custom_lu,full_solve,diagonally_dominant,512,2,before_problem_setup,2392896,2.28204
custom_lu,full_solve,diagonally_dominant,512,2,after_problem_setup,2392896,2.28204
custom_lu,factorization,diagonally_dominant,512,2,after_factorization_benchmark,2392896,2.28204
custom_lu,solve,diagonally_dominant,512,2,after_solve_benchmark_and_accuracy,2392896,2.28204
custom_lu,full_solve,diagonally_dominant,512,2,after_full_solve_benchmark,2392896,2.28204
custom_lu,full_solve,diagonally_dominant,512,3,before_problem_setup,2392896,2.28204
custom_lu,full_solve,diagonally_dominant,512,3,after_problem_setup,2392896,2.28204
custom_lu,factorization,diagonally_dominant,512,3,after_factorization_benchmark,2392896,2.28204
custom_lu,solve,diagonally_dominant,512,3,after_solve_benchmark_and_accuracy,2392896,2.28204
custom_lu,full_solve,diagonally_dominant,512,3,after_full_solve_benchmark,2392896,2.28204
custom_lu,full_solve,diagonally_dominant,512,4,before_problem_setup,2392896,2.28204
custom_lu,full_solve,diagonally_dominant,512,4,after_problem_setup,2392896,2.28204
custom_lu,factorization,diagonally_dominant,512,4,after_factorization_benchmark,2392896,2.28204
custom_lu,solve,diagonally_dominant,512,4,after_solve_benchmark_and_accuracy,2392896,2.28204
custom_lu,full_solve,diagonally_dominant,512,4,after_full_solve_benchmark,2392896,2.28204
custom_lu,residual_factorization_debug,random_dense,8,0,before_residual_problem_setup,2392896,2.28204
custom_lu,residual_factorization_debug,random_dense,8,0,after_residual_problem_setup,2392896,2.28204
custom_lu,residual_factorization_debug,random_dense,8,0,after_residual_factorization_setup,2392896,2.28204
custom_lu,residual_factorization_debug,random_dense,8,0,after_debug_factorization_residual_benchmark,2392896,2.28204
custom_lu,residual_factorization_fast,random_dense,8,0,after_fast_factorization_residual_benchmark,2392896,2.28204
custom_lu,residual_solve,random_dense,8,0,after_solve_residual_benchmark,2392896,2.28204
custom_lu,residual_factorization_debug,random_dense,8,1,before_residual_problem_setup,2392896,2.28204
custom_lu,residual_factorization_debug,random_dense,8,1,after_residual_problem_setup,2392896,2.28204
custom_lu,residual_factorization_debug,random_dense,8,1,after_residual_factorization_setup,2392896,2.28204
custom_lu,residual_factorization_debug,random_dense,8,1,after_debug_factorization_residual_benchmark,2392896,2.28204
custom_lu,residual_factorization_fast,random_dense,8,1,after_fast_factorization_residual_benchmark,2392896,2.28204
custom_lu,residual_solve,random_dense,8,1,after_solve_residual_benchmark,2392896,2.28204
custom_lu,residual_factorization_debug,random_dense,8,2,before_residual_problem_setup,2392896,2.28204
custom_lu,residual_factorization_debug,random_dense,8,2,after_residual_problem_setup,2392896,2.28204
custom_lu,residual_factorization_debug,random_dense,8,2,after_residual_factorization_setup,2392896,2.28204
custom_lu,residual_factorization_debug,random_dense,8,2,after_debug_factorization_residual_benchmark,2392896,2.28204
custom_lu,residual_factorization_fast,random_dense,8,2,after_fast_factorization_residual_benchmark,2392896,2.28204
custom_lu,residual_solve,random_dense,8,2,after_solve_residual_benchmark,2392896,2.28204
custom_lu,residual_factorization_debug,random_dense,8,3,before_residual_problem_setup,2392896,2.28204
custom_lu,residual_factorization_debug,random_dense,8,3,after_residual_problem_setup,2392896,2.28204
custom_lu,residual_factorization_debug,random_dense,8,3,after_residual_factorization_setup,2392896,2.28204
custom_lu,residual_factorization_debug,random_dense,8,3,after_debug_factorization_residual_benchmark,2409280,2.29767
custom_lu,residual_factorization_fast,random_dense,8,3,after_fast_factorization_residual_benchmark,2409280,2.29767
custom_lu,residual_solve,random_dense,8,3,after_solve_residual_benchmark,2409280,2.29767
custom_lu,residual_factorization_debug,random_dense,8,4,before_residual_problem_setup,2409280,2.29767
custom_lu,residual_factorization_debug,random_dense,8,4,after_residual_problem_setup,2409280,2.29767
custom_lu,residual_factorization_debug,random_dense,8,4,after_residual_factorization_setup,2409280,2.29767
custom_lu,residual_factorization_debug,random_dense,8,4,after_debug_factorization_residual_benchmark,2409280,2.29767
custom_lu,residual_factorization_fast,random_dense,8,4,after_fast_factorization_residual_benchmark,2409280,2.29767
custom_lu,residual_solve,random_dense,8,4,after_solve_residual_benchmark,2409280,2.29767
custom_lu,residual_factorization_debug,diagonally_dominant,8,0,before_residual_problem_setup,2409280,2.29767
custom_lu,residual_factorization_debug,diagonally_dominant,8,0,after_residual_problem_setup,2409280,2.29767
custom_lu,residual_factorization_debug,diagonally_dominant,8,0,after_residual_factorization_setup,2409280,2.29767
custom_lu,residual_factorization_debug,diagonally_dominant,8,0,after_debug_factorization_residual_benchmark,2409280,2.29767
custom_lu,residual_factorization_fast,diagonally_dominant,8,0,after_fast_factorization_residual_benchmark,2409280,2.29767
custom_lu,residual_solve,diagonally_dominant,8,0,after_solve_residual_benchmark,2409280,2.29767
custom_lu,residual_factorization_debug,diagonally_dominant,8,1,before_residual_problem_setup,2409280,2.29767
custom_lu,residual_factorization_debug,diagonally_dominant,8,1,after_residual_problem_setup,2409280,2.29767
custom_lu,residual_factorization_debug,diagonally_dominant,8,1,after_residual_factorization_setup,2409280,2.29767
custom_lu,residual_factorization_debug,diagonally_dominant,8,1,after_debug_factorization_residual_benchmark,2409280,2.29767
custom_lu,residual_factorization_fast,diagonally_dominant,8,1,after_fast_factorization_residual_benchmark,2409280,2.29767
custom_lu,residual_solve,diagonally_dominant,8,1,after_solve_residual_benchmark,2409280,2.29767
custom_lu,residual_factorization_debug,diagonally_dominant,8,2,before_residual_problem_setup,2409280,2.29767
custom_lu,residual_factorization_debug,diagonally_dominant,8,2,after_residual_problem_setup,2409280,2.29767
custom_lu,residual_factorization_debug,diagonally_dominant,8,2,after_residual_factorization_setup,2409280,2.29767
custom_lu,residual_factorization_debug,diagonally_dominant,8,2,after_debug_factorization_residual_benchmark,2409280,2.29767
custom_lu,residual_factorization_fast,diagonally_dominant,8,2,after_fast_factorization_residual_benchmark,2409280,2.29767
custom_lu,residual_solve,diagonally_dominant,8,2,after_solve_residual_benchmark,2409280,2.29767
custom_lu,residual_factorization_debug,diagonally_dominant,8,3,before_residual_problem_setup,2409280,2.29767
custom_lu,residual_factorization_debug,diagonally_dominant,8,3,after_residual_problem_setup,2409280,2.29767
custom_lu,residual_factorization_debug,diagonally_dominant,8,3,after_residual_factorization_setup,2409280,2.29767
custom_lu,residual_factorization_debug,diagonally_dominant,8,3,after_debug_factorization_residual_benchmark,2409280,2.29767
custom_lu,residual_factorization_fast,diagonally_dominant,8,3,after_fast_factorization_residual_benchmark,2409280,2.29767
custom_lu,residual_solve,diagonally_dominant,8,3,after_solve_residual_benchmark,2409280,2.29767
custom_lu,residual_factorization_debug,diagonally_dominant,8,4,before_residual_problem_setup,2409280,2.29767
custom_lu,residual_factorization_debug,diagonally_dominant,8,4,after_residual_problem_setup,2409280,2.29767
custom_lu,residual_factorization_debug,diagonally_dominant,8,4,after_residual_factorization_setup,2409280,2.29767
custom_lu,residual_factorization_debug,diagonally_dominant,8,4,after_debug_factorization_residual_benchmark,2409280,2.29767
custom_lu,residual_factorization_fast,diagonally_dominant,8,4,after_fast_factorization_residual_benchmark,2409280,2.29767
custom_lu,residual_solve,diagonally_dominant,8,4,after_solve_residual_benchmark,2409280,2.29767
custom_lu,residual_factorization_debug,random_dense,16,0,before_residual_problem_setup,2409280,2.29767
custom_lu,residual_factorization_debug,random_dense,16,0,after_residual_problem_setup,2409280,2.29767
custom_lu,residual_factorization_debug,random_dense,16,0,after_residual_factorization_setup,2409280,2.29767
custom_lu,residual_factorization_debug,random_dense,16,0,after_debug_factorization_residual_benchmark,2409280,2.29767
custom_lu,residual_factorization_fast,random_dense,16,0,after_fast_factorization_residual_benchmark,2409280,2.29767
custom_lu,residual_solve,random_dense,16,0,after_solve_residual_benchmark,2409280,2.29767
custom_lu,residual_factorization_debug,random_dense,16,1,before_residual_problem_setup,2409280,2.29767
custom_lu,residual_factorization_debug,random_dense,16,1,after_residual_problem_setup,2409280,2.29767
custom_lu,residual_factorization_debug,random_dense,16,1,after_residual_factorization_setup,2409280,2.29767
custom_lu,residual_factorization_debug,random_dense,16,1,after_debug_factorization_residual_benchmark,2409280,2.29767
custom_lu,residual_factorization_fast,random_dense,16,1,after_fast_factorization_residual_benchmark,2409280,2.29767
custom_lu,residual_solve,random_dense,16,1,after_solve_residual_benchmark,2409280,2.29767
custom_lu,residual_factorization_debug,random_dense,16,2,before_residual_problem_setup,2409280,2.29767
custom_lu,residual_factorization_debug,random_dense,16,2,after_residual_problem_setup,2409280,2.29767
custom_lu,residual_factorization_debug,random_dense,16,2,after_residual_factorization_setup,2409280,2.29767
custom_lu,residual_factorization_debug,random_dense,16,2,after_debug_factorization_residual_benchmark,2409280,2.29767
custom_lu,residual_factorization_fast,random_dense,16,2,after_fast_factorization_residual_benchmark,2409280,2.29767
custom_lu,residual_solve,random_dense,16,2,after_solve_residual_benchmark,2409280,2.29767
custom_lu,residual_factorization_debug,random_dense,16,3,before_residual_problem_setup,2409280,2.29767
custom_lu,residual_factorization_debug,random_dense,16,3,after_residual_problem_setup,2409280,2.29767
custom_lu,residual_factorization_debug,random_dense,16,3,after_residual_factorization_setup,2409280,2.29767
custom_lu,residual_factorization_debug,random_dense,16,3,after_debug_factorization_residual_benchmark,2409280,2.29767
custom_lu,residual_factorization_fast,random_dense,16,3,after_fast_factorization_residual_benchmark,2409280,2.29767
custom_lu,residual_solve,random_dense,16,3,after_solve_residual_benchmark,2409280,2.29767
custom_lu,residual_factorization_debug,random_dense,16,4,before_residual_problem_setup,2409280,2.29767
custom_lu,residual_factorization_debug,random_dense,16,4,after_residual_problem_setup,2409280,2.29767
custom_lu,residual_factorization_debug,random_dense,16,4,after_residual_factorization_setup,2409280,2.29767
custom_lu,residual_factorization_debug,random_dense,16,4,after_debug_factorization_residual_benchmark,2409280,2.29767
custom_lu,residual_factorization_fast,random_dense,16,4,after_fast_factorization_residual_benchmark,2409280,2.29767
custom_lu,residual_solve,random_dense,16,4,after_solve_residual_benchmark,2409280,2.29767
custom_lu,residual_factorization_debug,diagonally_dominant,16,0,before_residual_problem_setup,2409280,2.29767
custom_lu,residual_factorization_debug,diagonally_dominant,16,0,after_residual_problem_setup,2409280,2.29767
custom_lu,residual_factorization_debug,diagonally_dominant,16,0,after_residual_factorization_setup,2409280,2.29767
custom_lu,residual_factorization_debug,diagonally_dominant,16,0,after_debug_factorization_residual_benchmark,2409280,2.29767
custom_lu,residual_factorization_fast,diagonally_dominant,16,0,after_fast_factorization_residual_benchmark,2409280,2.29767
custom_lu,residual_solve,diagonally_dominant,16,0,after_solve_residual_benchmark,2409280,2.29767
custom_lu,residual_factorization_debug,diagonally_dominant,16,1,before_residual_problem_setup,2409280,2.29767
custom_lu,residual_factorization_debug,diagonally_dominant,16,1,after_residual_problem_setup,2409280,2.29767
custom_lu,residual_factorization_debug,diagonally_dominant,16,1,after_residual_factorization_setup,2409280,2.29767
custom_lu,residual_factorization_debug,diagonally_dominant,16,1,after_debug_factorization_residual_benchmark,2409280,2.29767
custom_lu,residual_factorization_fast,diagonally_dominant,16,1,after_fast_factorization_residual_benchmark,2409280,2.29767
custom_lu,residual_solve,diagonally_dominant,16,1,after_solve_residual_benchmark,2409280,2.29767
custom_lu,residual_factorization_debug,diagonally_dominant,16,2,before_residual_problem_setup,2409280,2.29767
custom_lu,residual_factorization_debug,diagonally_dominant,16,2,after_residual_problem_setup,2409280,2.29767
custom_lu,residual_factorization_debug,diagonally_dominant,16,2,after_residual_factorization_setup,2409280,2.29767
custom_lu,residual_factorization_debug,diagonally_dominant,16,2,after_debug_factorization_residual_benchmark,2409280,2.29767
custom_lu,residual_factorization_fast,diagonally_dominant,16,2,after_fast_factorization_residual_benchmark,2409280,2.29767
custom_lu,residual_solve,diagonally_dominant,16,2,after_solve_residual_benchmark,2409280,2.29767
custom_lu,residual_factorization_debug,diagonally_dominant,16,3,before_residual_problem_setup,2409280,2.29767
custom_lu,residual_factorization_debug,diagonally_dominant,16,3,after_residual_problem_setup,2409280,2.29767
custom_lu,residual_factorization_debug,diagonally_dominant,16,3,after_residual_factorization_setup,2409280,2.29767
custom_lu,residual_factorization_debug,diagonally_dominant,16,3,after_debug_factorization_residual_benchmark,2409280,2.29767
custom_lu,residual_factorization_fast,diagonally_dominant,16,3,after_fast_factorization_residual_benchmark,2409280,2.29767
custom_lu,residual_solve,diagonally_dominant,16,3,after_solve_residual_benchmark,2409280,2.29767
custom_lu,residual_factorization_debug,diagonally_dominant,16,4,before_residual_problem_setup,2409280,2.29767
custom_lu,residual_factorization_debug,diagonally_dominant,16,4,after_residual_problem_setup,2409280,2.29767
custom_lu,residual_factorization_debug,diagonally_dominant,16,4,after_residual_factorization_setup,2409280,2.29767
custom_lu,residual_factorization_debug,diagonally_dominant,16,4,after_debug_factorization_residual_benchmark,2409280,2.29767
custom_lu,residual_factorization_fast,diagonally_dominant,16,4,after_fast_factorization_residual_benchmark,2409280,2.29767
custom_lu,residual_solve,diagonally_dominant,16,4,after_solve_residual_benchmark,2409280,2.29767
custom_lu,residual_factorization_debug,random_dense,32,0,before_residual_problem_setup,2409280,2.29767
custom_lu,residual_factorization_debug,random_dense,32,0,after_residual_problem_setup,2409280,2.29767
custom_lu,residual_factorization_debug,random_dense,32,0,after_residual_factorization_setup,2409280,2.29767
custom_lu,residual_factorization_debug,random_dense,32,0,after_debug_factorization_residual_benchmark,2425664,2.31329
custom_lu,residual_factorization_fast,random_dense,32,0,after_fast_factorization_residual_benchmark,2425664,2.31329
custom_lu,residual_solve,random_dense,32,0,after_solve_residual_benchmark,2425664,2.31329
custom_lu,residual_factorization_debug,random_dense,32,1,before_residual_problem_setup,2425664,2.31329
custom_lu,residual_factorization_debug,random_dense,32,1,after_residual_problem_setup,2425664,2.31329
custom_lu,residual_factorization_debug,random_dense,32,1,after_residual_factorization_setup,2425664,2.31329
custom_lu,residual_factorization_debug,random_dense,32,1,after_debug_factorization_residual_benchmark,2425664,2.31329
custom_lu,residual_factorization_fast,random_dense,32,1,after_fast_factorization_residual_benchmark,2425664,2.31329
custom_lu,residual_solve,random_dense,32,1,after_solve_residual_benchmark,2425664,2.31329
custom_lu,residual_factorization_debug,random_dense,32,2,before_residual_problem_setup,2425664,2.31329
custom_lu,residual_factorization_debug,random_dense,32,2,after_residual_problem_setup,2425664,2.31329
custom_lu,residual_factorization_debug,random_dense,32,2,after_residual_factorization_setup,2425664,2.31329
custom_lu,residual_factorization_debug,random_dense,32,2,after_debug_factorization_residual_benchmark,2442048,2.32892
custom_lu,residual_factorization_fast,random_dense,32,2,after_fast_factorization_residual_benchmark,2442048,2.32892
custom_lu,residual_solve,random_dense,32,2,after_solve_residual_benchmark,2442048,2.32892
custom_lu,residual_factorization_debug,random_dense,32,3,before_residual_problem_setup,2442048,2.32892
custom_lu,residual_factorization_debug,random_dense,32,3,after_residual_problem_setup,2442048,2.32892
custom_lu,residual_factorization_debug,random_dense,32,3,after_residual_factorization_setup,2442048,2.32892
custom_lu,residual_factorization_debug,random_dense,32,3,after_debug_factorization_residual_benchmark,2442048,2.32892
custom_lu,residual_factorization_fast,random_dense,32,3,after_fast_factorization_residual_benchmark,2442048,2.32892
custom_lu,residual_solve,random_dense,32,3,after_solve_residual_benchmark,2442048,2.32892
custom_lu,residual_factorization_debug,random_dense,32,4,before_residual_problem_setup,2442048,2.32892
custom_lu,residual_factorization_debug,random_dense,32,4,after_residual_problem_setup,2442048,2.32892
custom_lu,residual_factorization_debug,random_dense,32,4,after_residual_factorization_setup,2442048,2.32892
custom_lu,residual_factorization_debug,random_dense,32,4,after_debug_factorization_residual_benchmark,2442048,2.32892
custom_lu,residual_factorization_fast,random_dense,32,4,after_fast_factorization_residual_benchmark,2442048,2.32892
custom_lu,residual_solve,random_dense,32,4,after_solve_residual_benchmark,2442048,2.32892
custom_lu,residual_factorization_debug,diagonally_dominant,32,0,before_residual_problem_setup,2442048,2.32892
custom_lu,residual_factorization_debug,diagonally_dominant,32,0,after_residual_problem_setup,2442048,2.32892
custom_lu,residual_factorization_debug,diagonally_dominant,32,0,after_residual_factorization_setup,2442048,2.32892
custom_lu,residual_factorization_debug,diagonally_dominant,32,0,after_debug_factorization_residual_benchmark,2442048,2.32892
custom_lu,residual_factorization_fast,diagonally_dominant,32,0,after_fast_factorization_residual_benchmark,2442048,2.32892
custom_lu,residual_solve,diagonally_dominant,32,0,after_solve_residual_benchmark,2442048,2.32892
custom_lu,residual_factorization_debug,diagonally_dominant,32,1,before_residual_problem_setup,2442048,2.32892
custom_lu,residual_factorization_debug,diagonally_dominant,32,1,after_residual_problem_setup,2442048,2.32892
custom_lu,residual_factorization_debug,diagonally_dominant,32,1,after_residual_factorization_setup,2442048,2.32892
custom_lu,residual_factorization_debug,diagonally_dominant,32,1,after_debug_factorization_residual_benchmark,2442048,2.32892
custom_lu,residual_factorization_fast,diagonally_dominant,32,1,after_fast_factorization_residual_benchmark,2442048,2.32892
custom_lu,residual_solve,diagonally_dominant,32,1,after_solve_residual_benchmark,2442048,2.32892
custom_lu,residual_factorization_debug,diagonally_dominant,32,2,before_residual_problem_setup,2442048,2.32892
custom_lu,residual_factorization_debug,diagonally_dominant,32,2,after_residual_problem_setup,2442048,2.32892
custom_lu,residual_factorization_debug,diagonally_dominant,32,2,after_residual_factorization_setup,2442048,2.32892
custom_lu,residual_factorization_debug,diagonally_dominant,32,2,after_debug_factorization_residual_benchmark,2442048,2.32892
custom_lu,residual_factorization_fast,diagonally_dominant,32,2,after_fast_factorization_residual_benchmark,2442048,2.32892
custom_lu,residual_solve,diagonally_dominant,32,2,after_solve_residual_benchmark,2442048,2.32892
custom_lu,residual_factorization_debug,diagonally_dominant,32,3,before_residual_problem_setup,2442048,2.32892
custom_lu,residual_factorization_debug,diagonally_dominant,32,3,after_residual_problem_setup,2442048,2.32892
custom_lu,residual_factorization_debug,diagonally_dominant,32,3,after_residual_factorization_setup,2442048,2.32892
custom_lu,residual_factorization_debug,diagonally_dominant,32,3,after_debug_factorization_residual_benchmark,2442048,2.32892
custom_lu,residual_factorization_fast,diagonally_dominant,32,3,after_fast_factorization_residual_benchmark,2442048,2.32892
custom_lu,residual_solve,diagonally_dominant,32,3,after_solve_residual_benchmark,2442048,2.32892
custom_lu,residual_factorization_debug,diagonally_dominant,32,4,before_residual_problem_setup,2442048,2.32892
custom_lu,residual_factorization_debug,diagonally_dominant,32,4,after_residual_problem_setup,2442048,2.32892
custom_lu,residual_factorization_debug,diagonally_dominant,32,4,after_residual_factorization_setup,2442048,2.32892
custom_lu,residual_factorization_debug,diagonally_dominant,32,4,after_debug_factorization_residual_benchmark,2442048,2.32892
custom_lu,residual_factorization_fast,diagonally_dominant,32,4,after_fast_factorization_residual_benchmark,2442048,2.32892
custom_lu,residual_solve,diagonally_dominant,32,4,after_solve_residual_benchmark,2442048,2.32892
custom_lu,residual_factorization_debug,random_dense,64,0,before_residual_problem_setup,2442048,2.32892
custom_lu,residual_factorization_debug,random_dense,64,0,after_residual_problem_setup,2442048,2.32892
custom_lu,residual_factorization_debug,random_dense,64,0,after_residual_factorization_setup,2442048,2.32892
custom_lu,residual_factorization_debug,random_dense,64,0,after_debug_factorization_residual_benchmark,2442048,2.32892
custom_lu,residual_factorization_fast,random_dense,64,0,after_fast_factorization_residual_benchmark,2442048,2.32892
custom_lu,residual_solve,random_dense,64,0,after_solve_residual_benchmark,2442048,2.32892
custom_lu,residual_factorization_debug,random_dense,64,1,before_residual_problem_setup,2442048,2.32892
custom_lu,residual_factorization_debug,random_dense,64,1,after_residual_problem_setup,2442048,2.32892
custom_lu,residual_factorization_debug,random_dense,64,1,after_residual_factorization_setup,2442048,2.32892
custom_lu,residual_factorization_debug,random_dense,64,1,after_debug_factorization_residual_benchmark,2507584,2.39142
custom_lu,residual_factorization_fast,random_dense,64,1,after_fast_factorization_residual_benchmark,2507584,2.39142
custom_lu,residual_solve,random_dense,64,1,after_solve_residual_benchmark,2507584,2.39142
custom_lu,residual_factorization_debug,random_dense,64,2,before_residual_problem_setup,2507584,2.39142
custom_lu,residual_factorization_debug,random_dense,64,2,after_residual_problem_setup,2507584,2.39142
custom_lu,residual_factorization_debug,random_dense,64,2,after_residual_factorization_setup,2540352,2.42267
custom_lu,residual_factorization_debug,random_dense,64,2,after_debug_factorization_residual_benchmark,2638656,2.51642
custom_lu,residual_factorization_fast,random_dense,64,2,after_fast_factorization_residual_benchmark,2638656,2.51642
custom_lu,residual_solve,random_dense,64,2,after_solve_residual_benchmark,2638656,2.51642
custom_lu,residual_factorization_debug,random_dense,64,3,before_residual_problem_setup,2638656,2.51642
custom_lu,residual_factorization_debug,random_dense,64,3,after_residual_problem_setup,2638656,2.51642
custom_lu,residual_factorization_debug,random_dense,64,3,after_residual_factorization_setup,2638656,2.51642
custom_lu,residual_factorization_debug,random_dense,64,3,after_debug_factorization_residual_benchmark,2671424,2.54767
custom_lu,residual_factorization_fast,random_dense,64,3,after_fast_factorization_residual_benchmark,2671424,2.54767
custom_lu,residual_solve,random_dense,64,3,after_solve_residual_benchmark,2671424,2.54767
custom_lu,residual_factorization_debug,random_dense,64,4,before_residual_problem_setup,2671424,2.54767
custom_lu,residual_factorization_debug,random_dense,64,4,after_residual_problem_setup,2671424,2.54767
custom_lu,residual_factorization_debug,random_dense,64,4,after_residual_factorization_setup,2671424,2.54767
custom_lu,residual_factorization_debug,random_dense,64,4,after_debug_factorization_residual_benchmark,2736960,2.61017
custom_lu,residual_factorization_fast,random_dense,64,4,after_fast_factorization_residual_benchmark,2736960,2.61017
custom_lu,residual_solve,random_dense,64,4,after_solve_residual_benchmark,2736960,2.61017
custom_lu,residual_factorization_debug,diagonally_dominant,64,0,before_residual_problem_setup,2736960,2.61017
custom_lu,residual_factorization_debug,diagonally_dominant,64,0,after_residual_problem_setup,2736960,2.61017
custom_lu,residual_factorization_debug,diagonally_dominant,64,0,after_residual_factorization_setup,2736960,2.61017
custom_lu,residual_factorization_debug,diagonally_dominant,64,0,after_debug_factorization_residual_benchmark,2736960,2.61017
custom_lu,residual_factorization_fast,diagonally_dominant,64,0,after_fast_factorization_residual_benchmark,2736960,2.61017
custom_lu,residual_solve,diagonally_dominant,64,0,after_solve_residual_benchmark,2736960,2.61017
custom_lu,residual_factorization_debug,diagonally_dominant,64,1,before_residual_problem_setup,2736960,2.61017
custom_lu,residual_factorization_debug,diagonally_dominant,64,1,after_residual_problem_setup,2736960,2.61017
custom_lu,residual_factorization_debug,diagonally_dominant,64,1,after_residual_factorization_setup,2736960,2.61017
custom_lu,residual_factorization_debug,diagonally_dominant,64,1,after_debug_factorization_residual_benchmark,2736960,2.61017
custom_lu,residual_factorization_fast,diagonally_dominant,64,1,after_fast_factorization_residual_benchmark,2736960,2.61017
custom_lu,residual_solve,diagonally_dominant,64,1,after_solve_residual_benchmark,2736960,2.61017
custom_lu,residual_factorization_debug,diagonally_dominant,64,2,before_residual_problem_setup,2736960,2.61017
custom_lu,residual_factorization_debug,diagonally_dominant,64,2,after_residual_problem_setup,2736960,2.61017
custom_lu,residual_factorization_debug,diagonally_dominant,64,2,after_residual_factorization_setup,2736960,2.61017
custom_lu,residual_factorization_debug,diagonally_dominant,64,2,after_debug_factorization_residual_benchmark,2736960,2.61017
custom_lu,residual_factorization_fast,diagonally_dominant,64,2,after_fast_factorization_residual_benchmark,2736960,2.61017
custom_lu,residual_solve,diagonally_dominant,64,2,after_solve_residual_benchmark,2736960,2.61017
custom_lu,residual_factorization_debug,diagonally_dominant,64,3,before_residual_problem_setup,2736960,2.61017
custom_lu,residual_factorization_debug,diagonally_dominant,64,3,after_residual_problem_setup,2736960,2.61017
custom_lu,residual_factorization_debug,diagonally_dominant,64,3,after_residual_factorization_setup,2736960,2.61017
custom_lu,residual_factorization_debug,diagonally_dominant,64,3,after_debug_factorization_residual_benchmark,2736960,2.61017
custom_lu,residual_factorization_fast,diagonally_dominant,64,3,after_fast_factorization_residual_benchmark,2736960,2.61017
custom_lu,residual_solve,diagonally_dominant,64,3,after_solve_residual_benchmark,2736960,2.61017
custom_lu,residual_factorization_debug,diagonally_dominant,64,4,before_residual_problem_setup,2736960,2.61017
custom_lu,residual_factorization_debug,diagonally_dominant,64,4,after_residual_problem_setup,2736960,2.61017
custom_lu,residual_factorization_debug,diagonally_dominant,64,4,after_residual_factorization_setup,2736960,2.61017
custom_lu,residual_factorization_debug,diagonally_dominant,64,4,after_debug_factorization_residual_benchmark,2736960,2.61017
custom_lu,residual_factorization_fast,diagonally_dominant,64,4,after_fast_factorization_residual_benchmark,2736960,2.61017
custom_lu,residual_solve,diagonally_dominant,64,4,after_solve_residual_benchmark,2736960,2.61017
custom_lu,residual_factorization_debug,random_dense,128,0,before_residual_problem_setup,2736960,2.61017
custom_lu,residual_factorization_debug,random_dense,128,0,after_residual_problem_setup,2736960,2.61017
custom_lu,residual_factorization_debug,random_dense,128,0,after_residual_factorization_setup,2736960,2.61017
custom_lu,residual_factorization_debug,random_dense,128,0,after_debug_factorization_residual_benchmark,2343744,2.23517
custom_lu,residual_factorization_fast,random_dense,128,0,after_fast_factorization_residual_benchmark,2343744,2.23517
custom_lu,residual_solve,random_dense,128,0,after_solve_residual_benchmark,2343744,2.23517
custom_lu,residual_factorization_debug,random_dense,128,1,before_residual_problem_setup,2343744,2.23517
custom_lu,residual_factorization_debug,random_dense,128,1,after_residual_problem_setup,2343744,2.23517
custom_lu,residual_factorization_debug,random_dense,128,1,after_residual_factorization_setup,2343744,2.23517
custom_lu,residual_factorization_debug,random_dense,128,1,after_debug_factorization_residual_benchmark,2343744,2.23517
custom_lu,residual_factorization_fast,random_dense,128,1,after_fast_factorization_residual_benchmark,2343744,2.23517
custom_lu,residual_solve,random_dense,128,1,after_solve_residual_benchmark,2343744,2.23517
custom_lu,residual_factorization_debug,random_dense,128,2,before_residual_problem_setup,2343744,2.23517
custom_lu,residual_factorization_debug,random_dense,128,2,after_residual_problem_setup,2343744,2.23517
custom_lu,residual_factorization_debug,random_dense,128,2,after_residual_factorization_setup,2343744,2.23517
custom_lu,residual_factorization_debug,random_dense,128,2,after_debug_factorization_residual_benchmark,2343744,2.23517
custom_lu,residual_factorization_fast,random_dense,128,2,after_fast_factorization_residual_benchmark,2343744,2.23517
custom_lu,residual_solve,random_dense,128,2,after_solve_residual_benchmark,2343744,2.23517
custom_lu,residual_factorization_debug,random_dense,128,3,before_residual_problem_setup,2343744,2.23517
custom_lu,residual_factorization_debug,random_dense,128,3,after_residual_problem_setup,2343744,2.23517
custom_lu,residual_factorization_debug,random_dense,128,3,after_residual_factorization_setup,2343744,2.23517
custom_lu,residual_factorization_debug,random_dense,128,3,after_debug_factorization_residual_benchmark,2343744,2.23517
custom_lu,residual_factorization_fast,random_dense,128,3,after_fast_factorization_residual_benchmark,2343744,2.23517
custom_lu,residual_solve,random_dense,128,3,after_solve_residual_benchmark,2343744,2.23517
custom_lu,residual_factorization_debug,random_dense,128,4,before_residual_problem_setup,2343744,2.23517
custom_lu,residual_factorization_debug,random_dense,128,4,after_residual_problem_setup,2343744,2.23517
custom_lu,residual_factorization_debug,random_dense,128,4,after_residual_factorization_setup,2343744,2.23517
custom_lu,residual_factorization_debug,random_dense,128,4,after_debug_factorization_residual_benchmark,2343744,2.23517
custom_lu,residual_factorization_fast,random_dense,128,4,after_fast_factorization_residual_benchmark,2343744,2.23517
custom_lu,residual_solve,random_dense,128,4,after_solve_residual_benchmark,2343744,2.23517
custom_lu,residual_factorization_debug,diagonally_dominant,128,0,before_residual_problem_setup,2343744,2.23517
custom_lu,residual_factorization_debug,diagonally_dominant,128,0,after_residual_problem_setup,2343744,2.23517
custom_lu,residual_factorization_debug,diagonally_dominant,128,0,after_residual_factorization_setup,2343744,2.23517
custom_lu,residual_factorization_debug,diagonally_dominant,128,0,after_debug_factorization_residual_benchmark,2343744,2.23517
custom_lu,residual_factorization_fast,diagonally_dominant,128,0,after_fast_factorization_residual_benchmark,2343744,2.23517
custom_lu,residual_solve,diagonally_dominant,128,0,after_solve_residual_benchmark,2343744,2.23517
custom_lu,residual_factorization_debug,diagonally_dominant,128,1,before_residual_problem_setup,2343744,2.23517
custom_lu,residual_factorization_debug,diagonally_dominant,128,1,after_residual_problem_setup,2343744,2.23517
custom_lu,residual_factorization_debug,diagonally_dominant,128,1,after_residual_factorization_setup,2343744,2.23517
custom_lu,residual_factorization_debug,diagonally_dominant,128,1,after_debug_factorization_residual_benchmark,2343744,2.23517
custom_lu,residual_factorization_fast,diagonally_dominant,128,1,after_fast_factorization_residual_benchmark,2343744,2.23517
custom_lu,residual_solve,diagonally_dominant,128,1,after_solve_residual_benchmark,2343744,2.23517
custom_lu,residual_factorization_debug,diagonally_dominant,128,2,before_residual_problem_setup,2343744,2.23517
custom_lu,residual_factorization_debug,diagonally_dominant,128,2,after_residual_problem_setup,2360128,2.25079
custom_lu,residual_factorization_debug,diagonally_dominant,128,2,after_residual_factorization_setup,2360128,2.25079
custom_lu,residual_factorization_debug,diagonally_dominant,128,2,after_debug_factorization_residual_benchmark,2360128,2.25079
custom_lu,residual_factorization_fast,diagonally_dominant,128,2,after_fast_factorization_residual_benchmark,2360128,2.25079
custom_lu,residual_solve,diagonally_dominant,128,2,after_solve_residual_benchmark,2360128,2.25079
custom_lu,residual_factorization_debug,diagonally_dominant,128,3,before_residual_problem_setup,2360128,2.25079
custom_lu,residual_factorization_debug,diagonally_dominant,128,3,after_residual_problem_setup,2360128,2.25079
custom_lu,residual_factorization_debug,diagonally_dominant,128,3,after_residual_factorization_setup,2360128,2.25079
custom_lu,residual_factorization_debug,diagonally_dominant,128,3,after_debug_factorization_residual_benchmark,2360128,2.25079
custom_lu,residual_factorization_fast,diagonally_dominant,128,3,after_fast_factorization_residual_benchmark,2360128,2.25079
custom_lu,residual_solve,diagonally_dominant,128,3,after_solve_residual_benchmark,2360128,2.25079
custom_lu,residual_factorization_debug,diagonally_dominant,128,4,before_residual_problem_setup,2360128,2.25079
custom_lu,residual_factorization_debug,diagonally_dominant,128,4,after_residual_problem_setup,2360128,2.25079
custom_lu,residual_factorization_debug,diagonally_dominant,128,4,after_residual_factorization_setup,2360128,2.25079
custom_lu,residual_factorization_debug,diagonally_dominant,128,4,after_debug_factorization_residual_benchmark,2360128,2.25079
custom_lu,residual_factorization_fast,diagonally_dominant,128,4,after_fast_factorization_residual_benchmark,2360128,2.25079
custom_lu,residual_solve,diagonally_dominant,128,4,after_solve_residual_benchmark,2360128,2.25079
custom_lu,residual_factorization_debug,random_dense,256,0,before_residual_problem_setup,2360128,2.25079
custom_lu,residual_factorization_debug,random_dense,256,0,after_residual_problem_setup,2360128,2.25079
custom_lu,residual_factorization_debug,random_dense,256,0,after_residual_factorization_setup,2360128,2.25079
custom_lu,residual_factorization_debug,random_dense,256,0,after_debug_factorization_residual_benchmark,2360128,2.25079
custom_lu,residual_factorization_fast,random_dense,256,0,after_fast_factorization_residual_benchmark,2360128,2.25079
custom_lu,residual_solve,random_dense,256,0,after_solve_residual_benchmark,2360128,2.25079
custom_lu,residual_factorization_debug,random_dense,256,1,before_residual_problem_setup,2360128,2.25079
custom_lu,residual_factorization_debug,random_dense,256,1,after_residual_problem_setup,2360128,2.25079
custom_lu,residual_factorization_debug,random_dense,256,1,after_residual_factorization_setup,2360128,2.25079
custom_lu,residual_factorization_debug,random_dense,256,1,after_debug_factorization_residual_benchmark,2360128,2.25079
custom_lu,residual_factorization_fast,random_dense,256,1,after_fast_factorization_residual_benchmark,2360128,2.25079
custom_lu,residual_solve,random_dense,256,1,after_solve_residual_benchmark,2360128,2.25079
custom_lu,residual_factorization_debug,random_dense,256,2,before_residual_problem_setup,2360128,2.25079
custom_lu,residual_factorization_debug,random_dense,256,2,after_residual_problem_setup,2360128,2.25079
custom_lu,residual_factorization_debug,random_dense,256,2,after_residual_factorization_setup,2360128,2.25079
custom_lu,residual_factorization_debug,random_dense,256,2,after_debug_factorization_residual_benchmark,2360128,2.25079
custom_lu,residual_factorization_fast,random_dense,256,2,after_fast_factorization_residual_benchmark,2360128,2.25079
custom_lu,residual_solve,random_dense,256,2,after_solve_residual_benchmark,2360128,2.25079
custom_lu,residual_factorization_debug,random_dense,256,3,before_residual_problem_setup,2360128,2.25079
custom_lu,residual_factorization_debug,random_dense,256,3,after_residual_problem_setup,2360128,2.25079
custom_lu,residual_factorization_debug,random_dense,256,3,after_residual_factorization_setup,2360128,2.25079
custom_lu,residual_factorization_debug,random_dense,256,3,after_debug_factorization_residual_benchmark,2360128,2.25079
custom_lu,residual_factorization_fast,random_dense,256,3,after_fast_factorization_residual_benchmark,2360128,2.25079
custom_lu,residual_solve,random_dense,256,3,after_solve_residual_benchmark,2360128,2.25079
custom_lu,residual_factorization_debug,random_dense,256,4,before_residual_problem_setup,2360128,2.25079
custom_lu,residual_factorization_debug,random_dense,256,4,after_residual_problem_setup,2360128,2.25079
custom_lu,residual_factorization_debug,random_dense,256,4,after_residual_factorization_setup,2360128,2.25079
custom_lu,residual_factorization_debug,random_dense,256,4,after_debug_factorization_residual_benchmark,2360128,2.25079
custom_lu,residual_factorization_fast,random_dense,256,4,after_fast_factorization_residual_benchmark,2360128,2.25079
custom_lu,residual_solve,random_dense,256,4,after_solve_residual_benchmark,2360128,2.25079
custom_lu,residual_factorization_debug,diagonally_dominant,256,0,before_residual_problem_setup,2360128,2.25079
custom_lu,residual_factorization_debug,diagonally_dominant,256,0,after_residual_problem_setup,2360128,2.25079
custom_lu,residual_factorization_debug,diagonally_dominant,256,0,after_residual_factorization_setup,2360128,2.25079
custom_lu,residual_factorization_debug,diagonally_dominant,256,0,after_debug_factorization_residual_benchmark,2360128,2.25079
custom_lu,residual_factorization_fast,diagonally_dominant,256,0,after_fast_factorization_residual_benchmark,2360128,2.25079
custom_lu,residual_solve,diagonally_dominant,256,0,after_solve_residual_benchmark,2360128,2.25079
custom_lu,residual_factorization_debug,diagonally_dominant,256,1,before_residual_problem_setup,2360128,2.25079
custom_lu,residual_factorization_debug,diagonally_dominant,256,1,after_residual_problem_setup,2360128,2.25079
custom_lu,residual_factorization_debug,diagonally_dominant,256,1,after_residual_factorization_setup,2360128,2.25079
custom_lu,residual_factorization_debug,diagonally_dominant,256,1,after_debug_factorization_residual_benchmark,2360128,2.25079
custom_lu,residual_factorization_fast,diagonally_dominant,256,1,after_fast_factorization_residual_benchmark,2360128,2.25079
custom_lu,residual_solve,diagonally_dominant,256,1,after_solve_residual_benchmark,2360128,2.25079
custom_lu,residual_factorization_debug,diagonally_dominant,256,2,before_residual_problem_setup,2360128,2.25079
custom_lu,residual_factorization_debug,diagonally_dominant,256,2,after_residual_problem_setup,2360128,2.25079
custom_lu,residual_factorization_debug,diagonally_dominant,256,2,after_residual_factorization_setup,2360128,2.25079
custom_lu,residual_factorization_debug,diagonally_dominant,256,2,after_debug_factorization_residual_benchmark,2360128,2.25079
custom_lu,residual_factorization_fast,diagonally_dominant,256,2,after_fast_factorization_residual_benchmark,2360128,2.25079
custom_lu,residual_solve,diagonally_dominant,256,2,after_solve_residual_benchmark,2360128,2.25079
custom_lu,residual_factorization_debug,diagonally_dominant,256,3,before_residual_problem_setup,2360128,2.25079
custom_lu,residual_factorization_debug,diagonally_dominant,256,3,after_residual_problem_setup,2360128,2.25079
custom_lu,residual_factorization_debug,diagonally_dominant,256,3,after_residual_factorization_setup,2360128,2.25079
custom_lu,residual_factorization_debug,diagonally_dominant,256,3,after_debug_factorization_residual_benchmark,2360128,2.25079
custom_lu,residual_factorization_fast,diagonally_dominant,256,3,after_fast_factorization_residual_benchmark,2360128,2.25079
custom_lu,residual_solve,diagonally_dominant,256,3,after_solve_residual_benchmark,2360128,2.25079
custom_lu,residual_factorization_debug,diagonally_dominant,256,4,before_residual_problem_setup,2360128,2.25079
custom_lu,residual_factorization_debug,diagonally_dominant,256,4,after_residual_problem_setup,2360128,2.25079
custom_lu,residual_factorization_debug,diagonally_dominant,256,4,after_residual_factorization_setup,2360128,2.25079
custom_lu,residual_factorization_debug,diagonally_dominant,256,4,after_debug_factorization_residual_benchmark,2360128,2.25079
custom_lu,residual_factorization_fast,diagonally_dominant,256,4,after_fast_factorization_residual_benchmark,2360128,2.25079
custom_lu,residual_solve,diagonally_dominant,256,4,after_solve_residual_benchmark,2360128,2.25079
custom_lu,residual_factorization_debug,random_dense,512,0,before_residual_problem_setup,2360128,2.25079
custom_lu,residual_factorization_debug,random_dense,512,0,after_residual_problem_setup,2360128,2.25079
custom_lu,residual_factorization_debug,random_dense,512,0,after_residual_factorization_setup,2360128,2.25079
custom_lu,residual_factorization_debug,random_dense,512,0,after_debug_factorization_residual_benchmark,2360128,2.25079
custom_lu,residual_factorization_fast,random_dense,512,0,after_fast_factorization_residual_benchmark,2360128,2.25079
custom_lu,residual_solve,random_dense,512,0,after_solve_residual_benchmark,2360128,2.25079
custom_lu,residual_factorization_debug,random_dense,512,1,before_residual_problem_setup,2360128,2.25079
custom_lu,residual_factorization_debug,random_dense,512,1,after_residual_problem_setup,2360128,2.25079
custom_lu,residual_factorization_debug,random_dense,512,1,after_residual_factorization_setup,2360128,2.25079
custom_lu,residual_factorization_debug,random_dense,512,1,after_debug_factorization_residual_benchmark,8700736,8.29767
custom_lu,residual_factorization_fast,random_dense,512,1,after_fast_factorization_residual_benchmark,8700736,8.29767
custom_lu,residual_solve,random_dense,512,1,after_solve_residual_benchmark,8700736,8.29767
custom_lu,residual_factorization_debug,random_dense,512,2,before_residual_problem_setup,4506432,4.29767
custom_lu,residual_factorization_debug,random_dense,512,2,after_residual_problem_setup,4506432,4.29767
custom_lu,residual_factorization_debug,random_dense,512,2,after_residual_factorization_setup,6603584,6.29767
custom_lu,residual_factorization_debug,random_dense,512,2,after_debug_factorization_residual_benchmark,6603584,6.29767
custom_lu,residual_factorization_fast,random_dense,512,2,after_fast_factorization_residual_benchmark,6603584,6.29767
custom_lu,residual_solve,random_dense,512,2,after_solve_residual_benchmark,6603584,6.29767
custom_lu,residual_factorization_debug,random_dense,512,3,before_residual_problem_setup,4506432,4.29767
custom_lu,residual_factorization_debug,random_dense,512,3,after_residual_problem_setup,4506432,4.29767
custom_lu,residual_factorization_debug,random_dense,512,3,after_residual_factorization_setup,4506432,4.29767
custom_lu,residual_factorization_debug,random_dense,512,3,after_debug_factorization_residual_benchmark,4506432,4.29767
custom_lu,residual_factorization_fast,random_dense,512,3,after_fast_factorization_residual_benchmark,4506432,4.29767
custom_lu,residual_solve,random_dense,512,3,after_solve_residual_benchmark,4506432,4.29767
custom_lu,residual_factorization_debug,random_dense,512,4,before_residual_problem_setup,4506432,4.29767
custom_lu,residual_factorization_debug,random_dense,512,4,after_residual_problem_setup,4506432,4.29767
custom_lu,residual_factorization_debug,random_dense,512,4,after_residual_factorization_setup,4506432,4.29767
custom_lu,residual_factorization_debug,random_dense,512,4,after_debug_factorization_residual_benchmark,4506432,4.29767
custom_lu,residual_factorization_fast,random_dense,512,4,after_fast_factorization_residual_benchmark,4506432,4.29767
custom_lu,residual_solve,random_dense,512,4,after_solve_residual_benchmark,4506432,4.29767
custom_lu,residual_factorization_debug,diagonally_dominant,512,0,before_residual_problem_setup,4506432,4.29767
custom_lu,residual_factorization_debug,diagonally_dominant,512,0,after_residual_problem_setup,4506432,4.29767
custom_lu,residual_factorization_debug,diagonally_dominant,512,0,after_residual_factorization_setup,4506432,4.29767
custom_lu,residual_factorization_debug,diagonally_dominant,512,0,after_debug_factorization_residual_benchmark,4506432,4.29767
custom_lu,residual_factorization_fast,diagonally_dominant,512,0,after_fast_factorization_residual_benchmark,4506432,4.29767
custom_lu,residual_solve,diagonally_dominant,512,0,after_solve_residual_benchmark,4506432,4.29767
custom_lu,residual_factorization_debug,diagonally_dominant,512,1,before_residual_problem_setup,4506432,4.29767
custom_lu,residual_factorization_debug,diagonally_dominant,512,1,after_residual_problem_setup,4506432,4.29767
custom_lu,residual_factorization_debug,diagonally_dominant,512,1,after_residual_factorization_setup,4506432,4.29767
custom_lu,residual_factorization_debug,diagonally_dominant,512,1,after_debug_factorization_residual_benchmark,4506432,4.29767
custom_lu,residual_factorization_fast,diagonally_dominant,512,1,after_fast_factorization_residual_benchmark,4506432,4.29767
custom_lu,residual_solve,diagonally_dominant,512,1,after_solve_residual_benchmark,4506432,4.29767
custom_lu,residual_factorization_debug,diagonally_dominant,512,2,before_residual_problem_setup,4506432,4.29767
custom_lu,residual_factorization_debug,diagonally_dominant,512,2,after_residual_problem_setup,4506432,4.29767
custom_lu,residual_factorization_debug,diagonally_dominant,512,2,after_residual_factorization_setup,4506432,4.29767
custom_lu,residual_factorization_debug,diagonally_dominant,512,2,after_debug_factorization_residual_benchmark,6603584,6.29767
custom_lu,residual_factorization_fast,diagonally_dominant,512,2,after_fast_factorization_residual_benchmark,6603584,6.29767
custom_lu,residual_solve,diagonally_dominant,512,2,after_solve_residual_benchmark,6603584,6.29767
custom_lu,residual_factorization_debug,diagonally_dominant,512,3,before_residual_problem_setup,4506432,4.29767
custom_lu,residual_factorization_debug,diagonally_dominant,512,3,after_residual_problem_setup,6161216,5.87579
custom_lu,residual_factorization_debug,diagonally_dominant,512,3,after_residual_factorization_setup,8258368,7.87579
custom_lu,residual_factorization_debug,diagonally_dominant,512,3,after_debug_factorization_residual_benchmark,8258368,7.87579
custom_lu,residual_factorization_fast,diagonally_dominant,512,3,after_fast_factorization_residual_benchmark,8258368,7.87579
custom_lu,residual_solve,diagonally_dominant,512,3,after_solve_residual_benchmark,8258368,7.87579
custom_lu,residual_factorization_debug,diagonally_dominant,512,4,before_residual_problem_setup,4506432,4.29767
custom_lu,residual_factorization_debug,diagonally_dominant,512,4,after_residual_problem_setup,4506432,4.29767
custom_lu,residual_factorization_debug,diagonally_dominant,512,4,after_residual_factorization_setup,4506432,4.29767
custom_lu,residual_factorization_debug,diagonally_dominant,512,4,after_debug_factorization_residual_benchmark,4506432,4.29767
custom_lu,residual_factorization_fast,diagonally_dominant,512,4,after_fast_factorization_residual_benchmark,4506432,4.29767
custom_lu,residual_solve,diagonally_dominant,512,4,after_solve_residual_benchmark,4522816,4.31329
eigen_partial_piv_lu,factorization,random_dense,8,0,before_problem_setup,4522816,4.31329
eigen_partial_piv_lu,factorization,random_dense,8,0,after_problem_setup,4522816,4.31329
eigen_partial_piv_lu,factorization,random_dense,8,0,after_factorization_benchmark,4522816,4.31329
eigen_partial_piv_lu,solve,random_dense,8,0,after_solve_benchmark_and_accuracy,4522816,4.31329
eigen_partial_piv_lu,full_solve,random_dense,8,0,after_full_solve_benchmark,4522816,4.31329
eigen_partial_piv_lu,factorization,random_dense,8,1,before_problem_setup,4522816,4.31329
eigen_partial_piv_lu,factorization,random_dense,8,1,after_problem_setup,4522816,4.31329
eigen_partial_piv_lu,factorization,random_dense,8,1,after_factorization_benchmark,4522816,4.31329
eigen_partial_piv_lu,solve,random_dense,8,1,after_solve_benchmark_and_accuracy,4522816,4.31329
eigen_partial_piv_lu,full_solve,random_dense,8,1,after_full_solve_benchmark,4522816,4.31329
eigen_partial_piv_lu,factorization,random_dense,8,2,before_problem_setup,4522816,4.31329
eigen_partial_piv_lu,factorization,random_dense,8,2,after_problem_setup,4522816,4.31329
eigen_partial_piv_lu,factorization,random_dense,8,2,after_factorization_benchmark,4522816,4.31329
eigen_partial_piv_lu,solve,random_dense,8,2,after_solve_benchmark_and_accuracy,4522816,4.31329
eigen_partial_piv_lu,full_solve,random_dense,8,2,after_full_solve_benchmark,4522816,4.31329
eigen_partial_piv_lu,factorization,random_dense,8,3,before_problem_setup,4522816,4.31329
eigen_partial_piv_lu,factorization,random_dense,8,3,after_problem_setup,4522816,4.31329
eigen_partial_piv_lu,factorization,random_dense,8,3,after_factorization_benchmark,4522816,4.31329
eigen_partial_piv_lu,solve,random_dense,8,3,after_solve_benchmark_and_accuracy,4522816,4.31329
eigen_partial_piv_lu,full_solve,random_dense,8,3,after_full_solve_benchmark,4522816,4.31329
eigen_partial_piv_lu,factorization,random_dense,8,4,before_problem_setup,4522816,4.31329
eigen_partial_piv_lu,factorization,random_dense,8,4,after_problem_setup,4522816,4.31329
eigen_partial_piv_lu,factorization,random_dense,8,4,after_factorization_benchmark,4522816,4.31329
eigen_partial_piv_lu,solve,random_dense,8,4,after_solve_benchmark_and_accuracy,4522816,4.31329
eigen_partial_piv_lu,full_solve,random_dense,8,4,after_full_solve_benchmark,4522816,4.31329
eigen_partial_piv_lu,factorization,diagonally_dominant,8,0,before_problem_setup,4522816,4.31329
eigen_partial_piv_lu,factorization,diagonally_dominant,8,0,after_problem_setup,4522816,4.31329
eigen_partial_piv_lu,factorization,diagonally_dominant,8,0,after_factorization_benchmark,4522816,4.31329
eigen_partial_piv_lu,solve,diagonally_dominant,8,0,after_solve_benchmark_and_accuracy,4522816,4.31329
eigen_partial_piv_lu,full_solve,diagonally_dominant,8,0,after_full_solve_benchmark,4522816,4.31329
eigen_partial_piv_lu,factorization,diagonally_dominant,8,1,before_problem_setup,4522816,4.31329
eigen_partial_piv_lu,factorization,diagonally_dominant,8,1,after_problem_setup,4522816,4.31329
eigen_partial_piv_lu,factorization,diagonally_dominant,8,1,after_factorization_benchmark,4522816,4.31329
eigen_partial_piv_lu,solve,diagonally_dominant,8,1,after_solve_benchmark_and_accuracy,4522816,4.31329
eigen_partial_piv_lu,full_solve,diagonally_dominant,8,1,after_full_solve_benchmark,4522816,4.31329
eigen_partial_piv_lu,factorization,diagonally_dominant,8,2,before_problem_setup,4522816,4.31329
eigen_partial_piv_lu,factorization,diagonally_dominant,8,2,after_problem_setup,4522816,4.31329
eigen_partial_piv_lu,factorization,diagonally_dominant,8,2,after_factorization_benchmark,4522816,4.31329
eigen_partial_piv_lu,solve,diagonally_dominant,8,2,after_solve_benchmark_and_accuracy,4522816,4.31329
eigen_partial_piv_lu,full_solve,diagonally_dominant,8,2,after_full_solve_benchmark,4522816,4.31329
eigen_partial_piv_lu,factorization,diagonally_dominant,8,3,before_problem_setup,4522816,4.31329
eigen_partial_piv_lu,factorization,diagonally_dominant,8,3,after_problem_setup,4522816,4.31329
eigen_partial_piv_lu,factorization,diagonally_dominant,8,3,after_factorization_benchmark,4522816,4.31329
eigen_partial_piv_lu,solve,diagonally_dominant,8,3,after_solve_benchmark_and_accuracy,4522816,4.31329
eigen_partial_piv_lu,full_solve,diagonally_dominant,8,3,after_full_solve_benchmark,4522816,4.31329
eigen_partial_piv_lu,factorization,diagonally_dominant,8,4,before_problem_setup,4522816,4.31329
eigen_partial_piv_lu,factorization,diagonally_dominant,8,4,after_problem_setup,4522816,4.31329
eigen_partial_piv_lu,factorization,diagonally_dominant,8,4,after_factorization_benchmark,4522816,4.31329
eigen_partial_piv_lu,solve,diagonally_dominant,8,4,after_solve_benchmark_and_accuracy,4522816,4.31329
eigen_partial_piv_lu,full_solve,diagonally_dominant,8,4,after_full_solve_benchmark,4522816,4.31329
eigen_partial_piv_lu,factorization,random_dense,16,0,before_problem_setup,4522816,4.31329
eigen_partial_piv_lu,factorization,random_dense,16,0,after_problem_setup,4522816,4.31329
eigen_partial_piv_lu,factorization,random_dense,16,0,after_factorization_benchmark,4522816,4.31329
eigen_partial_piv_lu,solve,random_dense,16,0,after_solve_benchmark_and_accuracy,4522816,4.31329
eigen_partial_piv_lu,full_solve,random_dense,16,0,after_full_solve_benchmark,4522816,4.31329
eigen_partial_piv_lu,factorization,random_dense,16,1,before_problem_setup,4522816,4.31329
eigen_partial_piv_lu,factorization,random_dense,16,1,after_problem_setup,4522816,4.31329
eigen_partial_piv_lu,factorization,random_dense,16,1,after_factorization_benchmark,4522816,4.31329
eigen_partial_piv_lu,solve,random_dense,16,1,after_solve_benchmark_and_accuracy,4522816,4.31329
eigen_partial_piv_lu,full_solve,random_dense,16,1,after_full_solve_benchmark,4522816,4.31329
eigen_partial_piv_lu,factorization,random_dense,16,2,before_problem_setup,4522816,4.31329
eigen_partial_piv_lu,factorization,random_dense,16,2,after_problem_setup,4522816,4.31329
eigen_partial_piv_lu,factorization,random_dense,16,2,after_factorization_benchmark,4522816,4.31329
eigen_partial_piv_lu,solve,random_dense,16,2,after_solve_benchmark_and_accuracy,4522816,4.31329
eigen_partial_piv_lu,full_solve,random_dense,16,2,after_full_solve_benchmark,4522816,4.31329
eigen_partial_piv_lu,factorization,random_dense,16,3,before_problem_setup,4522816,4.31329
eigen_partial_piv_lu,factorization,random_dense,16,3,after_problem_setup,4522816,4.31329
eigen_partial_piv_lu,factorization,random_dense,16,3,after_factorization_benchmark,4522816,4.31329
eigen_partial_piv_lu,solve,random_dense,16,3,after_solve_benchmark_and_accuracy,4522816,4.31329
eigen_partial_piv_lu,full_solve,random_dense,16,3,after_full_solve_benchmark,4522816,4.31329
eigen_partial_piv_lu,factorization,random_dense,16,4,before_problem_setup,4522816,4.31329
eigen_partial_piv_lu,factorization,random_dense,16,4,after_problem_setup,4522816,4.31329
eigen_partial_piv_lu,factorization,random_dense,16,4,after_factorization_benchmark,4522816,4.31329
eigen_partial_piv_lu,solve,random_dense,16,4,after_solve_benchmark_and_accuracy,4522816,4.31329
eigen_partial_piv_lu,full_solve,random_dense,16,4,after_full_solve_benchmark,4522816,4.31329
eigen_partial_piv_lu,factorization,diagonally_dominant,16,0,before_problem_setup,4522816,4.31329
eigen_partial_piv_lu,factorization,diagonally_dominant,16,0,after_problem_setup,4522816,4.31329
eigen_partial_piv_lu,factorization,diagonally_dominant,16,0,after_factorization_benchmark,4522816,4.31329
eigen_partial_piv_lu,solve,diagonally_dominant,16,0,after_solve_benchmark_and_accuracy,4522816,4.31329
eigen_partial_piv_lu,full_solve,diagonally_dominant,16,0,after_full_solve_benchmark,4522816,4.31329
eigen_partial_piv_lu,factorization,diagonally_dominant,16,1,before_problem_setup,4522816,4.31329
eigen_partial_piv_lu,factorization,diagonally_dominant,16,1,after_problem_setup,4522816,4.31329
eigen_partial_piv_lu,factorization,diagonally_dominant,16,1,after_factorization_benchmark,4522816,4.31329
eigen_partial_piv_lu,solve,diagonally_dominant,16,1,after_solve_benchmark_and_accuracy,4522816,4.31329
eigen_partial_piv_lu,full_solve,diagonally_dominant,16,1,after_full_solve_benchmark,4522816,4.31329
eigen_partial_piv_lu,factorization,diagonally_dominant,16,2,before_problem_setup,4522816,4.31329
eigen_partial_piv_lu,factorization,diagonally_dominant,16,2,after_problem_setup,4522816,4.31329
eigen_partial_piv_lu,factorization,diagonally_dominant,16,2,after_factorization_benchmark,4522816,4.31329
eigen_partial_piv_lu,solve,diagonally_dominant,16,2,after_solve_benchmark_and_accuracy,4522816,4.31329
eigen_partial_piv_lu,full_solve,diagonally_dominant,16,2,after_full_solve_benchmark,4522816,4.31329
eigen_partial_piv_lu,factorization,diagonally_dominant,16,3,before_problem_setup,4522816,4.31329
eigen_partial_piv_lu,factorization,diagonally_dominant,16,3,after_problem_setup,4522816,4.31329
eigen_partial_piv_lu,factorization,diagonally_dominant,16,3,after_factorization_benchmark,4522816,4.31329
eigen_partial_piv_lu,solve,diagonally_dominant,16,3,after_solve_benchmark_and_accuracy,4522816,4.31329
eigen_partial_piv_lu,full_solve,diagonally_dominant,16,3,after_full_solve_benchmark,4522816,4.31329
eigen_partial_piv_lu,factorization,diagonally_dominant,16,4,before_problem_setup,4522816,4.31329
eigen_partial_piv_lu,factorization,diagonally_dominant,16,4,after_problem_setup,4522816,4.31329
eigen_partial_piv_lu,factorization,diagonally_dominant,16,4,after_factorization_benchmark,4522816,4.31329
eigen_partial_piv_lu,solve,diagonally_dominant,16,4,after_solve_benchmark_and_accuracy,4522816,4.31329
eigen_partial_piv_lu,full_solve,diagonally_dominant,16,4,after_full_solve_benchmark,4522816,4.31329
eigen_partial_piv_lu,factorization,random_dense,32,0,before_problem_setup,4522816,4.31329
eigen_partial_piv_lu,factorization,random_dense,32,0,after_problem_setup,4522816,4.31329
eigen_partial_piv_lu,factorization,random_dense,32,0,after_factorization_benchmark,4555584,4.34454
eigen_partial_piv_lu,solve,random_dense,32,0,after_solve_benchmark_and_accuracy,4555584,4.34454
eigen_partial_piv_lu,full_solve,random_dense,32,0,after_full_solve_benchmark,4555584,4.34454
eigen_partial_piv_lu,factorization,random_dense,32,1,before_problem_setup,4555584,4.34454
eigen_partial_piv_lu,factorization,random_dense,32,1,after_problem_setup,4555584,4.34454
eigen_partial_piv_lu,factorization,random_dense,32,1,after_factorization_benchmark,4555584,4.34454
eigen_partial_piv_lu,solve,random_dense,32,1,after_solve_benchmark_and_accuracy,4555584,4.34454
eigen_partial_piv_lu,full_solve,random_dense,32,1,after_full_solve_benchmark,4555584,4.34454
eigen_partial_piv_lu,factorization,random_dense,32,2,before_problem_setup,4555584,4.34454
eigen_partial_piv_lu,factorization,random_dense,32,2,after_problem_setup,4555584,4.34454
eigen_partial_piv_lu,factorization,random_dense,32,2,after_factorization_benchmark,4555584,4.34454
eigen_partial_piv_lu,solve,random_dense,32,2,after_solve_benchmark_and_accuracy,4555584,4.34454
eigen_partial_piv_lu,full_solve,random_dense,32,2,after_full_solve_benchmark,4555584,4.34454
eigen_partial_piv_lu,factorization,random_dense,32,3,before_problem_setup,4555584,4.34454
eigen_partial_piv_lu,factorization,random_dense,32,3,after_problem_setup,4555584,4.34454
eigen_partial_piv_lu,factorization,random_dense,32,3,after_factorization_benchmark,4555584,4.34454
eigen_partial_piv_lu,solve,random_dense,32,3,after_solve_benchmark_and_accuracy,4555584,4.34454
eigen_partial_piv_lu,full_solve,random_dense,32,3,after_full_solve_benchmark,4555584,4.34454
eigen_partial_piv_lu,factorization,random_dense,32,4,before_problem_setup,4555584,4.34454
eigen_partial_piv_lu,factorization,random_dense,32,4,after_problem_setup,4555584,4.34454
eigen_partial_piv_lu,factorization,random_dense,32,4,after_factorization_benchmark,4555584,4.34454
eigen_partial_piv_lu,solve,random_dense,32,4,after_solve_benchmark_and_accuracy,4555584,4.34454
eigen_partial_piv_lu,full_solve,random_dense,32,4,after_full_solve_benchmark,4555584,4.34454
eigen_partial_piv_lu,factorization,diagonally_dominant,32,0,before_problem_setup,4555584,4.34454
eigen_partial_piv_lu,factorization,diagonally_dominant,32,0,after_problem_setup,4555584,4.34454
eigen_partial_piv_lu,factorization,diagonally_dominant,32,0,after_factorization_benchmark,4555584,4.34454
eigen_partial_piv_lu,solve,diagonally_dominant,32,0,after_solve_benchmark_and_accuracy,4555584,4.34454
eigen_partial_piv_lu,full_solve,diagonally_dominant,32,0,after_full_solve_benchmark,4555584,4.34454
eigen_partial_piv_lu,factorization,diagonally_dominant,32,1,before_problem_setup,4555584,4.34454
eigen_partial_piv_lu,factorization,diagonally_dominant,32,1,after_problem_setup,4555584,4.34454
eigen_partial_piv_lu,factorization,diagonally_dominant,32,1,after_factorization_benchmark,4555584,4.34454
eigen_partial_piv_lu,solve,diagonally_dominant,32,1,after_solve_benchmark_and_accuracy,4555584,4.34454
eigen_partial_piv_lu,full_solve,diagonally_dominant,32,1,after_full_solve_benchmark,4555584,4.34454
eigen_partial_piv_lu,factorization,diagonally_dominant,32,2,before_problem_setup,4555584,4.34454
eigen_partial_piv_lu,factorization,diagonally_dominant,32,2,after_problem_setup,4555584,4.34454
eigen_partial_piv_lu,factorization,diagonally_dominant,32,2,after_factorization_benchmark,4555584,4.34454
eigen_partial_piv_lu,solve,diagonally_dominant,32,2,after_solve_benchmark_and_accuracy,4555584,4.34454
eigen_partial_piv_lu,full_solve,diagonally_dominant,32,2,after_full_solve_benchmark,4555584,4.34454
eigen_partial_piv_lu,factorization,diagonally_dominant,32,3,before_problem_setup,4555584,4.34454
eigen_partial_piv_lu,factorization,diagonally_dominant,32,3,after_problem_setup,4555584,4.34454
eigen_partial_piv_lu,factorization,diagonally_dominant,32,3,after_factorization_benchmark,4555584,4.34454
eigen_partial_piv_lu,solve,diagonally_dominant,32,3,after_solve_benchmark_and_accuracy,4555584,4.34454
eigen_partial_piv_lu,full_solve,diagonally_dominant,32,3,after_full_solve_benchmark,4555584,4.34454
eigen_partial_piv_lu,factorization,diagonally_dominant,32,4,before_problem_setup,4555584,4.34454
eigen_partial_piv_lu,factorization,diagonally_dominant,32,4,after_problem_setup,4555584,4.34454
eigen_partial_piv_lu,factorization,diagonally_dominant,32,4,after_factorization_benchmark,4555584,4.34454
eigen_partial_piv_lu,solve,diagonally_dominant,32,4,after_solve_benchmark_and_accuracy,4555584,4.34454
eigen_partial_piv_lu,full_solve,diagonally_dominant,32,4,after_full_solve_benchmark,4555584,4.34454
eigen_partial_piv_lu,factorization,random_dense,64,0,before_problem_setup,4555584,4.34454
eigen_partial_piv_lu,factorization,random_dense,64,0,after_problem_setup,4555584,4.34454
eigen_partial_piv_lu,factorization,random_dense,64,0,after_factorization_benchmark,4555584,4.34454
eigen_partial_piv_lu,solve,random_dense,64,0,after_solve_benchmark_and_accuracy,4588352,4.37579
eigen_partial_piv_lu,full_solve,random_dense,64,0,after_full_solve_benchmark,4588352,4.37579
eigen_partial_piv_lu,factorization,random_dense,64,1,before_problem_setup,4588352,4.37579
eigen_partial_piv_lu,factorization,random_dense,64,1,after_problem_setup,4588352,4.37579
eigen_partial_piv_lu,factorization,random_dense,64,1,after_factorization_benchmark,4588352,4.37579
eigen_partial_piv_lu,solve,random_dense,64,1,after_solve_benchmark_and_accuracy,4588352,4.37579
eigen_partial_piv_lu,full_solve,random_dense,64,1,after_full_solve_benchmark,4588352,4.37579
eigen_partial_piv_lu,factorization,random_dense,64,2,before_problem_setup,4588352,4.37579
eigen_partial_piv_lu,factorization,random_dense,64,2,after_problem_setup,4588352,4.37579
eigen_partial_piv_lu,factorization,random_dense,64,2,after_factorization_benchmark,4588352,4.37579
eigen_partial_piv_lu,solve,random_dense,64,2,after_solve_benchmark_and_accuracy,4588352,4.37579
eigen_partial_piv_lu,full_solve,random_dense,64,2,after_full_solve_benchmark,4588352,4.37579
eigen_partial_piv_lu,factorization,random_dense,64,3,before_problem_setup,4588352,4.37579
eigen_partial_piv_lu,factorization,random_dense,64,3,after_problem_setup,4588352,4.37579
eigen_partial_piv_lu,factorization,random_dense,64,3,after_factorization_benchmark,4588352,4.37579
eigen_partial_piv_lu,solve,random_dense,64,3,after_solve_benchmark_and_accuracy,4588352,4.37579
eigen_partial_piv_lu,full_solve,random_dense,64,3,after_full_solve_benchmark,4588352,4.37579
eigen_partial_piv_lu,factorization,random_dense,64,4,before_problem_setup,4588352,4.37579
eigen_partial_piv_lu,factorization,random_dense,64,4,after_problem_setup,4588352,4.37579
eigen_partial_piv_lu,factorization,random_dense,64,4,after_factorization_benchmark,4588352,4.37579
eigen_partial_piv_lu,solve,random_dense,64,4,after_solve_benchmark_and_accuracy,4588352,4.37579
eigen_partial_piv_lu,full_solve,random_dense,64,4,after_full_solve_benchmark,4588352,4.37579
eigen_partial_piv_lu,factorization,diagonally_dominant,64,0,before_problem_setup,4588352,4.37579
eigen_partial_piv_lu,factorization,diagonally_dominant,64,0,after_problem_setup,4588352,4.37579
eigen_partial_piv_lu,factorization,diagonally_dominant,64,0,after_factorization_benchmark,4588352,4.37579
eigen_partial_piv_lu,solve,diagonally_dominant,64,0,after_solve_benchmark_and_accuracy,4588352,4.37579
eigen_partial_piv_lu,full_solve,diagonally_dominant,64,0,after_full_solve_benchmark,4588352,4.37579
eigen_partial_piv_lu,factorization,diagonally_dominant,64,1,before_problem_setup,4588352,4.37579
eigen_partial_piv_lu,factorization,diagonally_dominant,64,1,after_problem_setup,4588352,4.37579
eigen_partial_piv_lu,factorization,diagonally_dominant,64,1,after_factorization_benchmark,4588352,4.37579
eigen_partial_piv_lu,solve,diagonally_dominant,64,1,after_solve_benchmark_and_accuracy,4588352,4.37579
eigen_partial_piv_lu,full_solve,diagonally_dominant,64,1,after_full_solve_benchmark,4588352,4.37579
eigen_partial_piv_lu,factorization,diagonally_dominant,64,2,before_problem_setup,4588352,4.37579
eigen_partial_piv_lu,factorization,diagonally_dominant,64,2,after_problem_setup,4588352,4.37579
eigen_partial_piv_lu,factorization,diagonally_dominant,64,2,after_factorization_benchmark,4588352,4.37579
eigen_partial_piv_lu,solve,diagonally_dominant,64,2,after_solve_benchmark_and_accuracy,4588352,4.37579
eigen_partial_piv_lu,full_solve,diagonally_dominant,64,2,after_full_solve_benchmark,4588352,4.37579
eigen_partial_piv_lu,factorization,diagonally_dominant,64,3,before_problem_setup,4588352,4.37579
eigen_partial_piv_lu,factorization,diagonally_dominant,64,3,after_problem_setup,4588352,4.37579
eigen_partial_piv_lu,factorization,diagonally_dominant,64,3,after_factorization_benchmark,4621120,4.40704
eigen_partial_piv_lu,solve,diagonally_dominant,64,3,after_solve_benchmark_and_accuracy,4686656,4.46954
eigen_partial_piv_lu,full_solve,diagonally_dominant,64,3,after_full_solve_benchmark,4686656,4.46954
eigen_partial_piv_lu,factorization,diagonally_dominant,64,4,before_problem_setup,4686656,4.46954
eigen_partial_piv_lu,factorization,diagonally_dominant,64,4,after_problem_setup,4686656,4.46954
eigen_partial_piv_lu,factorization,diagonally_dominant,64,4,after_factorization_benchmark,4686656,4.46954
eigen_partial_piv_lu,solve,diagonally_dominant,64,4,after_solve_benchmark_and_accuracy,4686656,4.46954
eigen_partial_piv_lu,full_solve,diagonally_dominant,64,4,after_full_solve_benchmark,4686656,4.46954
eigen_partial_piv_lu,factorization,random_dense,128,0,before_problem_setup,4686656,4.46954
eigen_partial_piv_lu,factorization,random_dense,128,0,after_problem_setup,4686656,4.46954
eigen_partial_piv_lu,factorization,random_dense,128,0,after_factorization_benchmark,3982144,3.79767
eigen_partial_piv_lu,solve,random_dense,128,0,after_solve_benchmark_and_accuracy,3982144,3.79767
eigen_partial_piv_lu,full_solve,random_dense,128,0,after_full_solve_benchmark,3982144,3.79767
eigen_partial_piv_lu,factorization,random_dense,128,1,before_problem_setup,3982144,3.79767
eigen_partial_piv_lu,factorization,random_dense,128,1,after_problem_setup,3982144,3.79767
eigen_partial_piv_lu,factorization,random_dense,128,1,after_factorization_benchmark,3457856,3.29767
eigen_partial_piv_lu,solve,random_dense,128,1,after_solve_benchmark_and_accuracy,3457856,3.29767
eigen_partial_piv_lu,full_solve,random_dense,128,1,after_full_solve_benchmark,3457856,3.29767
eigen_partial_piv_lu,factorization,random_dense,128,2,before_problem_setup,3457856,3.29767
eigen_partial_piv_lu,factorization,random_dense,128,2,after_problem_setup,3457856,3.29767
eigen_partial_piv_lu,factorization,random_dense,128,2,after_factorization_benchmark,3457856,3.29767
eigen_partial_piv_lu,solve,random_dense,128,2,after_solve_benchmark_and_accuracy,3457856,3.29767
eigen_partial_piv_lu,full_solve,random_dense,128,2,after_full_solve_benchmark,3457856,3.29767
eigen_partial_piv_lu,factorization,random_dense,128,3,before_problem_setup,3457856,3.29767
eigen_partial_piv_lu,factorization,random_dense,128,3,after_problem_setup,3457856,3.29767
eigen_partial_piv_lu,factorization,random_dense,128,3,after_factorization_benchmark,2933568,2.79767
eigen_partial_piv_lu,solve,random_dense,128,3,after_solve_benchmark_and_accuracy,2933568,2.79767
eigen_partial_piv_lu,full_solve,random_dense,128,3,after_full_solve_benchmark,2802496,2.67267
eigen_partial_piv_lu,factorization,random_dense,128,4,before_problem_setup,2802496,2.67267
eigen_partial_piv_lu,factorization,random_dense,128,4,after_problem_setup,2802496,2.67267
eigen_partial_piv_lu,factorization,random_dense,128,4,after_factorization_benchmark,2802496,2.67267
eigen_partial_piv_lu,solve,random_dense,128,4,after_solve_benchmark_and_accuracy,2802496,2.67267
eigen_partial_piv_lu,full_solve,random_dense,128,4,after_full_solve_benchmark,2802496,2.67267
eigen_partial_piv_lu,factorization,diagonally_dominant,128,0,before_problem_setup,2802496,2.67267
eigen_partial_piv_lu,factorization,diagonally_dominant,128,0,after_problem_setup,2802496,2.67267
eigen_partial_piv_lu,factorization,diagonally_dominant,128,0,after_factorization_benchmark,2802496,2.67267
eigen_partial_piv_lu,solve,diagonally_dominant,128,0,after_solve_benchmark_and_accuracy,2802496,2.67267
eigen_partial_piv_lu,full_solve,diagonally_dominant,128,0,after_full_solve_benchmark,2802496,2.67267
eigen_partial_piv_lu,factorization,diagonally_dominant,128,1,before_problem_setup,2802496,2.67267
eigen_partial_piv_lu,factorization,diagonally_dominant,128,1,after_problem_setup,2802496,2.67267
eigen_partial_piv_lu,factorization,diagonally_dominant,128,1,after_factorization_benchmark,2802496,2.67267
eigen_partial_piv_lu,solve,diagonally_dominant,128,1,after_solve_benchmark_and_accuracy,2802496,2.67267
eigen_partial_piv_lu,full_solve,diagonally_dominant,128,1,after_full_solve_benchmark,2802496,2.67267
eigen_partial_piv_lu,factorization,diagonally_dominant,128,2,before_problem_setup,2802496,2.67267
eigen_partial_piv_lu,factorization,diagonally_dominant,128,2,after_problem_setup,2802496,2.67267
eigen_partial_piv_lu,factorization,diagonally_dominant,128,2,after_factorization_benchmark,2802496,2.67267
eigen_partial_piv_lu,solve,diagonally_dominant,128,2,after_solve_benchmark_and_accuracy,2802496,2.67267
eigen_partial_piv_lu,full_solve,diagonally_dominant,128,2,after_full_solve_benchmark,2802496,2.67267
eigen_partial_piv_lu,factorization,diagonally_dominant,128,3,before_problem_setup,2802496,2.67267
eigen_partial_piv_lu,factorization,diagonally_dominant,128,3,after_problem_setup,2802496,2.67267
eigen_partial_piv_lu,factorization,diagonally_dominant,128,3,after_factorization_benchmark,2802496,2.67267
eigen_partial_piv_lu,solve,diagonally_dominant,128,3,after_solve_benchmark_and_accuracy,2802496,2.67267
eigen_partial_piv_lu,full_solve,diagonally_dominant,128,3,after_full_solve_benchmark,2802496,2.67267
eigen_partial_piv_lu,factorization,diagonally_dominant,128,4,before_problem_setup,2802496,2.67267
eigen_partial_piv_lu,factorization,diagonally_dominant,128,4,after_problem_setup,2802496,2.67267
eigen_partial_piv_lu,factorization,diagonally_dominant,128,4,after_factorization_benchmark,2802496,2.67267
eigen_partial_piv_lu,solve,diagonally_dominant,128,4,after_solve_benchmark_and_accuracy,2802496,2.67267
eigen_partial_piv_lu,full_solve,diagonally_dominant,128,4,after_full_solve_benchmark,2802496,2.67267
eigen_partial_piv_lu,factorization,random_dense,256,0,before_problem_setup,2802496,2.67267
eigen_partial_piv_lu,factorization,random_dense,256,0,after_problem_setup,2802496,2.67267
eigen_partial_piv_lu,factorization,random_dense,256,0,after_factorization_benchmark,2884416,2.75079
eigen_partial_piv_lu,solve,random_dense,256,0,after_solve_benchmark_and_accuracy,2884416,2.75079
eigen_partial_piv_lu,full_solve,random_dense,256,0,after_full_solve_benchmark,2884416,2.75079
eigen_partial_piv_lu,factorization,random_dense,256,1,before_problem_setup,2884416,2.75079
eigen_partial_piv_lu,factorization,random_dense,256,1,after_problem_setup,2884416,2.75079
eigen_partial_piv_lu,factorization,random_dense,256,1,after_factorization_benchmark,2884416,2.75079
eigen_partial_piv_lu,solve,random_dense,256,1,after_solve_benchmark_and_accuracy,2884416,2.75079
eigen_partial_piv_lu,full_solve,random_dense,256,1,after_full_solve_benchmark,2884416,2.75079
eigen_partial_piv_lu,factorization,random_dense,256,2,before_problem_setup,2884416,2.75079
eigen_partial_piv_lu,factorization,random_dense,256,2,after_problem_setup,2884416,2.75079
eigen_partial_piv_lu,factorization,random_dense,256,2,after_factorization_benchmark,2884416,2.75079
eigen_partial_piv_lu,solve,random_dense,256,2,after_solve_benchmark_and_accuracy,2884416,2.75079
eigen_partial_piv_lu,full_solve,random_dense,256,2,after_full_solve_benchmark,2884416,2.75079
eigen_partial_piv_lu,factorization,random_dense,256,3,before_problem_setup,2884416,2.75079
eigen_partial_piv_lu,factorization,random_dense,256,3,after_problem_setup,2884416,2.75079
eigen_partial_piv_lu,factorization,random_dense,256,3,after_factorization_benchmark,2884416,2.75079
eigen_partial_piv_lu,solve,random_dense,256,3,after_solve_benchmark_and_accuracy,2884416,2.75079
eigen_partial_piv_lu,full_solve,random_dense,256,3,after_full_solve_benchmark,2884416,2.75079
eigen_partial_piv_lu,factorization,random_dense,256,4,before_problem_setup,2884416,2.75079
eigen_partial_piv_lu,factorization,random_dense,256,4,after_problem_setup,2884416,2.75079
eigen_partial_piv_lu,factorization,random_dense,256,4,after_factorization_benchmark,2884416,2.75079
eigen_partial_piv_lu,solve,random_dense,256,4,after_solve_benchmark_and_accuracy,2884416,2.75079
eigen_partial_piv_lu,full_solve,random_dense,256,4,after_full_solve_benchmark,2884416,2.75079
eigen_partial_piv_lu,factorization,diagonally_dominant,256,0,before_problem_setup,2884416,2.75079
eigen_partial_piv_lu,factorization,diagonally_dominant,256,0,after_problem_setup,2884416,2.75079
eigen_partial_piv_lu,factorization,diagonally_dominant,256,0,after_factorization_benchmark,2884416,2.75079
eigen_partial_piv_lu,solve,diagonally_dominant,256,0,after_solve_benchmark_and_accuracy,2884416,2.75079
eigen_partial_piv_lu,full_solve,diagonally_dominant,256,0,after_full_solve_benchmark,2884416,2.75079
eigen_partial_piv_lu,factorization,diagonally_dominant,256,1,before_problem_setup,2884416,2.75079
eigen_partial_piv_lu,factorization,diagonally_dominant,256,1,after_problem_setup,2884416,2.75079
eigen_partial_piv_lu,factorization,diagonally_dominant,256,1,after_factorization_benchmark,2884416,2.75079
eigen_partial_piv_lu,solve,diagonally_dominant,256,1,after_solve_benchmark_and_accuracy,2884416,2.75079
eigen_partial_piv_lu,full_solve,diagonally_dominant,256,1,after_full_solve_benchmark,2884416,2.75079
eigen_partial_piv_lu,factorization,diagonally_dominant,256,2,before_problem_setup,2884416,2.75079
eigen_partial_piv_lu,factorization,diagonally_dominant,256,2,after_problem_setup,2884416,2.75079
eigen_partial_piv_lu,factorization,diagonally_dominant,256,2,after_factorization_benchmark,2884416,2.75079
eigen_partial_piv_lu,solve,diagonally_dominant,256,2,after_solve_benchmark_and_accuracy,2884416,2.75079
eigen_partial_piv_lu,full_solve,diagonally_dominant,256,2,after_full_solve_benchmark,2884416,2.75079
eigen_partial_piv_lu,factorization,diagonally_dominant,256,3,before_problem_setup,2884416,2.75079
eigen_partial_piv_lu,factorization,diagonally_dominant,256,3,after_problem_setup,2884416,2.75079
eigen_partial_piv_lu,factorization,diagonally_dominant,256,3,after_factorization_benchmark,2884416,2.75079
eigen_partial_piv_lu,solve,diagonally_dominant,256,3,after_solve_benchmark_and_accuracy,2884416,2.75079
eigen_partial_piv_lu,full_solve,diagonally_dominant,256,3,after_full_solve_benchmark,2884416,2.75079
eigen_partial_piv_lu,factorization,diagonally_dominant,256,4,before_problem_setup,2884416,2.75079
eigen_partial_piv_lu,factorization,diagonally_dominant,256,4,after_problem_setup,2884416,2.75079
eigen_partial_piv_lu,factorization,diagonally_dominant,256,4,after_factorization_benchmark,2884416,2.75079
eigen_partial_piv_lu,solve,diagonally_dominant,256,4,after_solve_benchmark_and_accuracy,2884416,2.75079
eigen_partial_piv_lu,full_solve,diagonally_dominant,256,4,after_full_solve_benchmark,2884416,2.75079
eigen_partial_piv_lu,factorization,random_dense,512,0,before_problem_setup,2884416,2.75079
eigen_partial_piv_lu,factorization,random_dense,512,0,after_problem_setup,2884416,2.75079
eigen_partial_piv_lu,factorization,random_dense,512,0,after_factorization_benchmark,2982720,2.84454
eigen_partial_piv_lu,solve,random_dense,512,0,after_solve_benchmark_and_accuracy,2982720,2.84454
eigen_partial_piv_lu,full_solve,random_dense,512,0,after_full_solve_benchmark,2982720,2.84454
eigen_partial_piv_lu,factorization,random_dense,512,1,before_problem_setup,2982720,2.84454
eigen_partial_piv_lu,factorization,random_dense,512,1,after_problem_setup,2982720,2.84454
eigen_partial_piv_lu,factorization,random_dense,512,1,after_factorization_benchmark,2851648,2.71954
eigen_partial_piv_lu,solve,random_dense,512,1,after_solve_benchmark_and_accuracy,2851648,2.71954
eigen_partial_piv_lu,full_solve,random_dense,512,1,after_full_solve_benchmark,2851648,2.71954
eigen_partial_piv_lu,factorization,random_dense,512,2,before_problem_setup,2851648,2.71954
eigen_partial_piv_lu,factorization,random_dense,512,2,after_problem_setup,2851648,2.71954
eigen_partial_piv_lu,factorization,random_dense,512,2,after_factorization_benchmark,2720576,2.59454
eigen_partial_piv_lu,solve,random_dense,512,2,after_solve_benchmark_and_accuracy,2720576,2.59454
eigen_partial_piv_lu,full_solve,random_dense,512,2,after_full_solve_benchmark,2589504,2.46954
eigen_partial_piv_lu,factorization,random_dense,512,3,before_problem_setup,2589504,2.46954
eigen_partial_piv_lu,factorization,random_dense,512,3,after_problem_setup,2589504,2.46954
eigen_partial_piv_lu,factorization,random_dense,512,3,after_factorization_benchmark,2589504,2.46954
eigen_partial_piv_lu,solve,random_dense,512,3,after_solve_benchmark_and_accuracy,2589504,2.46954
eigen_partial_piv_lu,full_solve,random_dense,512,3,after_full_solve_benchmark,2589504,2.46954
eigen_partial_piv_lu,factorization,random_dense,512,4,before_problem_setup,2589504,2.46954
eigen_partial_piv_lu,factorization,random_dense,512,4,after_problem_setup,2589504,2.46954
eigen_partial_piv_lu,factorization,random_dense,512,4,after_factorization_benchmark,2589504,2.46954
eigen_partial_piv_lu,solve,random_dense,512,4,after_solve_benchmark_and_accuracy,2589504,2.46954
eigen_partial_piv_lu,full_solve,random_dense,512,4,after_full_solve_benchmark,2589504,2.46954
eigen_partial_piv_lu,factorization,diagonally_dominant,512,0,before_problem_setup,2589504,2.46954
eigen_partial_piv_lu,factorization,diagonally_dominant,512,0,after_problem_setup,2589504,2.46954
eigen_partial_piv_lu,factorization,diagonally_dominant,512,0,after_factorization_benchmark,2589504,2.46954
eigen_partial_piv_lu,solve,diagonally_dominant,512,0,after_solve_benchmark_and_accuracy,2589504,2.46954
eigen_partial_piv_lu,full_solve,diagonally_dominant,512,0,after_full_solve_benchmark,2589504,2.46954
eigen_partial_piv_lu,factorization,diagonally_dominant,512,1,before_problem_setup,2589504,2.46954
eigen_partial_piv_lu,factorization,diagonally_dominant,512,1,after_problem_setup,2589504,2.46954
eigen_partial_piv_lu,factorization,diagonally_dominant,512,1,after_factorization_benchmark,2589504,2.46954
eigen_partial_piv_lu,solve,diagonally_dominant,512,1,after_solve_benchmark_and_accuracy,2589504,2.46954
eigen_partial_piv_lu,full_solve,diagonally_dominant,512,1,after_full_solve_benchmark,2589504,2.46954
eigen_partial_piv_lu,factorization,diagonally_dominant,512,2,before_problem_setup,2589504,2.46954
eigen_partial_piv_lu,factorization,diagonally_dominant,512,2,after_problem_setup,2589504,2.46954
eigen_partial_piv_lu,factorization,diagonally_dominant,512,2,after_factorization_benchmark,2589504,2.46954
eigen_partial_piv_lu,solve,diagonally_dominant,512,2,after_solve_benchmark_and_accuracy,2589504,2.46954
eigen_partial_piv_lu,full_solve,diagonally_dominant,512,2,after_full_solve_benchmark,2589504,2.46954
eigen_partial_piv_lu,factorization,diagonally_dominant,512,3,before_problem_setup,2589504,2.46954
eigen_partial_piv_lu,factorization,diagonally_dominant,512,3,after_problem_setup,2589504,2.46954
eigen_partial_piv_lu,factorization,diagonally_dominant,512,3,after_factorization_benchmark,2589504,2.46954
eigen_partial_piv_lu,solve,diagonally_dominant,512,3,after_solve_benchmark_and_accuracy,2589504,2.46954
eigen_partial_piv_lu,full_solve,diagonally_dominant,512,3,after_full_solve_benchmark,2589504,2.46954
eigen_partial_piv_lu,factorization,diagonally_dominant,512,4,before_problem_setup,2589504,2.46954
eigen_partial_piv_lu,factorization,diagonally_dominant,512,4,after_problem_setup,2589504,2.46954
eigen_partial_piv_lu,factorization,diagonally_dominant,512,4,after_factorization_benchmark,2589504,2.46954
eigen_partial_piv_lu,solve,diagonally_dominant,512,4,after_solve_benchmark_and_accuracy,2589504,2.46954
eigen_partial_piv_lu,full_solve,diagonally_dominant,512,4,after_full_solve_benchmark,2589504,2.46954
