implementation,phase,matrix_type,n,trial,checkpoint,memory_bytes,memory_mb
custom_lu,multiple_rhs,random_dense,8,0,before_multiple_rhs_problem_setup,2097984,2.00079
custom_lu,multiple_rhs,random_dense,8,0,after_multiple_rhs_problem_setup,2097984,2.00079
custom_lu,multiple_rhs,random_dense,8,0,before_custom_multiple_rhs_benchmark,2097984,2.00079
custom_lu,multiple_rhs,random_dense,8,0,after_custom_multiple_rhs_benchmark,2097984,2.00079
custom_lu,multiple_rhs,random_dense,8,0,before_custom_multiple_rhs_benchmark,2097984,2.00079
custom_lu,multiple_rhs,random_dense,8,0,after_custom_multiple_rhs_benchmark,2097984,2.00079
custom_lu,multiple_rhs,random_dense,8,0,before_custom_multiple_rhs_benchmark,2097984,2.00079
custom_lu,multiple_rhs,random_dense,8,0,after_custom_multiple_rhs_benchmark,2097984,2.00079
custom_lu,multiple_rhs,random_dense,8,0,before_custom_multiple_rhs_benchmark,2097984,2.00079
custom_lu,multiple_rhs,random_dense,8,0,after_custom_multiple_rhs_benchmark,2097984,2.00079
custom_lu,multiple_rhs,random_dense,8,0,before_custom_multiple_rhs_benchmark,2097984,2.00079
custom_lu,multiple_rhs,random_dense,8,0,after_custom_multiple_rhs_benchmark,2097984,2.00079
custom_lu,multiple_rhs,random_dense,8,1,before_multiple_rhs_problem_setup,2097984,2.00079
custom_lu,multiple_rhs,random_dense,8,1,after_multiple_rhs_problem_setup,2097984,2.00079
custom_lu,multiple_rhs,random_dense,8,1,before_custom_multiple_rhs_benchmark,2097984,2.00079
custom_lu,multiple_rhs,random_dense,8,1,after_custom_multiple_rhs_benchmark,2097984,2.00079
custom_lu,multiple_rhs,random_dense,8,1,before_custom_multiple_rhs_benchmark,2097984,2.00079
custom_lu,multiple_rhs,random_dense,8,1,after_custom_multiple_rhs_benchmark,2097984,2.00079
custom_lu,multiple_rhs,random_dense,8,1,before_custom_multiple_rhs_benchmark,2097984,2.00079
custom_lu,multiple_rhs,random_dense,8,1,after_custom_multiple_rhs_benchmark,2097984,2.00079
custom_lu,multiple_rhs,random_dense,8,1,before_custom_multiple_rhs_benchmark,2097984,2.00079
custom_lu,multiple_rhs,random_dense,8,1,after_custom_multiple_rhs_benchmark,2097984,2.00079
custom_lu,multiple_rhs,random_dense,8,1,before_custom_multiple_rhs_benchmark,2097984,2.00079
custom_lu,multiple_rhs,random_dense,8,1,after_custom_multiple_rhs_benchmark,2097984,2.00079
custom_lu,multiple_rhs,random_dense,8,2,before_multiple_rhs_problem_setup,2097984,2.00079
custom_lu,multiple_rhs,random_dense,8,2,after_multiple_rhs_problem_setup,2097984,2.00079
custom_lu,multiple_rhs,random_dense,8,2,before_custom_multiple_rhs_benchmark,2097984,2.00079
custom_lu,multiple_rhs,random_dense,8,2,after_custom_multiple_rhs_benchmark,2097984,2.00079
custom_lu,multiple_rhs,random_dense,8,2,before_custom_multiple_rhs_benchmark,2097984,2.00079
custom_lu,multiple_rhs,random_dense,8,2,after_custom_multiple_rhs_benchmark,2097984,2.00079
custom_lu,multiple_rhs,random_dense,8,2,before_custom_multiple_rhs_benchmark,2097984,2.00079
custom_lu,multiple_rhs,random_dense,8,2,after_custom_multiple_rhs_benchmark,2097984,2.00079
custom_lu,multiple_rhs,random_dense,8,2,before_custom_multiple_rhs_benchmark,2097984,2.00079
custom_lu,multiple_rhs,random_dense,8,2,after_custom_multiple_rhs_benchmark,2097984,2.00079
custom_lu,multiple_rhs,random_dense,8,2,before_custom_multiple_rhs_benchmark,2097984,2.00079
custom_lu,multiple_rhs,random_dense,8,2,after_custom_multiple_rhs_benchmark,2097984,2.00079
custom_lu,multiple_rhs,random_dense,8,3,before_multiple_rhs_problem_setup,2097984,2.00079
custom_lu,multiple_rhs,random_dense,8,3,after_multiple_rhs_problem_setup,2097984,2.00079
custom_lu,multiple_rhs,random_dense,8,3,before_custom_multiple_rhs_benchmark,2097984,2.00079
custom_lu,multiple_rhs,random_dense,8,3,after_custom_multiple_rhs_benchmark,2097984,2.00079
custom_lu,multiple_rhs,random_dense,8,3,before_custom_multiple_rhs_benchmark,2097984,2.00079
custom_lu,multiple_rhs,random_dense,8,3,after_custom_multiple_rhs_benchmark,2097984,2.00079
custom_lu,multiple_rhs,random_dense,8,3,before_custom_multiple_rhs_benchmark,2097984,2.00079
custom_lu,multiple_rhs,random_dense,8,3,after_custom_multiple_rhs_benchmark,2097984,2.00079
custom_lu,multiple_rhs,random_dense,8,3,before_custom_multiple_rhs_benchmark,2097984,2.00079
custom_lu,multiple_rhs,random_dense,8,3,after_custom_multiple_rhs_benchmark,2097984,2.00079
custom_lu,multiple_rhs,random_dense,8,3,before_custom_multiple_rhs_benchmark,2097984,2.00079
custom_lu,multiple_rhs,random_dense,8,3,after_custom_multiple_rhs_benchmark,2097984,2.00079
custom_lu,multiple_rhs,random_dense,8,4,before_multiple_rhs_problem_setup,2097984,2.00079
custom_lu,multiple_rhs,random_dense,8,4,after_multiple_rhs_problem_setup,2097984,2.00079
custom_lu,multiple_rhs,random_dense,8,4,before_custom_multiple_rhs_benchmark,2097984,2.00079
custom_lu,multiple_rhs,random_dense,8,4,after_custom_multiple_rhs_benchmark,2097984,2.00079
custom_lu,multiple_rhs,random_dense,8,4,before_custom_multiple_rhs_benchmark,2097984,2.00079
custom_lu,multiple_rhs,random_dense,8,4,after_custom_multiple_rhs_benchmark,2097984,2.00079
custom_lu,multiple_rhs,random_dense,8,4,before_custom_multiple_rhs_benchmark,2097984,2.00079
custom_lu,multiple_rhs,random_dense,8,4,after_custom_multiple_rhs_benchmark,2097984,2.00079
custom_lu,multiple_rhs,random_dense,8,4,before_custom_multiple_rhs_benchmark,2097984,2.00079
custom_lu,multiple_rhs,random_dense,8,4,after_custom_multiple_rhs_benchmark,2097984,2.00079
custom_lu,multiple_rhs,random_dense,8,4,before_custom_multiple_rhs_benchmark,2097984,2.00079
custom_lu,multiple_rhs,random_dense,8,4,after_custom_multiple_rhs_benchmark,2097984,2.00079
custom_lu,multiple_rhs,random_dense,8,5,before_multiple_rhs_problem_setup,2097984,2.00079
custom_lu,multiple_rhs,random_dense,8,5,after_multiple_rhs_problem_setup,2097984,2.00079
custom_lu,multiple_rhs,random_dense,8,5,before_custom_multiple_rhs_benchmark,2097984,2.00079
custom_lu,multiple_rhs,random_dense,8,5,after_custom_multiple_rhs_benchmark,2097984,2.00079
custom_lu,multiple_rhs,random_dense,8,5,before_custom_multiple_rhs_benchmark,2097984,2.00079
custom_lu,multiple_rhs,random_dense,8,5,after_custom_multiple_rhs_benchmark,2097984,2.00079
custom_lu,multiple_rhs,random_dense,8,5,before_custom_multiple_rhs_benchmark,2097984,2.00079
custom_lu,multiple_rhs,random_dense,8,5,after_custom_multiple_rhs_benchmark,2097984,2.00079
custom_lu,multiple_rhs,random_dense,8,5,before_custom_multiple_rhs_benchmark,2097984,2.00079
custom_lu,multiple_rhs,random_dense,8,5,after_custom_multiple_rhs_benchmark,2097984,2.00079
custom_lu,multiple_rhs,random_dense,8,5,before_custom_multiple_rhs_benchmark,2097984,2.00079
custom_lu,multiple_rhs,random_dense,8,5,after_custom_multiple_rhs_benchmark,2097984,2.00079
custom_lu,multiple_rhs,random_dense,8,6,before_multiple_rhs_problem_setup,2097984,2.00079
custom_lu,multiple_rhs,random_dense,8,6,after_multiple_rhs_problem_setup,2097984,2.00079
custom_lu,multiple_rhs,random_dense,8,6,before_custom_multiple_rhs_benchmark,2097984,2.00079
custom_lu,multiple_rhs,random_dense,8,6,after_custom_multiple_rhs_benchmark,2097984,2.00079
custom_lu,multiple_rhs,random_dense,8,6,before_custom_multiple_rhs_benchmark,2097984,2.00079
custom_lu,multiple_rhs,random_dense,8,6,after_custom_multiple_rhs_benchmark,2097984,2.00079
custom_lu,multiple_rhs,random_dense,8,6,before_custom_multiple_rhs_benchmark,2097984,2.00079
custom_lu,multiple_rhs,random_dense,8,6,after_custom_multiple_rhs_benchmark,2097984,2.00079
custom_lu,multiple_rhs,random_dense,8,6,before_custom_multiple_rhs_benchmark,2097984,2.00079
custom_lu,multiple_rhs,random_dense,8,6,after_custom_multiple_rhs_benchmark,2097984,2.00079
custom_lu,multiple_rhs,random_dense,8,6,before_custom_multiple_rhs_benchmark,2097984,2.00079
custom_lu,multiple_rhs,random_dense,8,6,after_custom_multiple_rhs_benchmark,2097984,2.00079
custom_lu,multiple_rhs,random_dense,8,7,before_multiple_rhs_problem_setup,2097984,2.00079
custom_lu,multiple_rhs,random_dense,8,7,after_multiple_rhs_problem_setup,2097984,2.00079
custom_lu,multiple_rhs,random_dense,8,7,before_custom_multiple_rhs_benchmark,2097984,2.00079
custom_lu,multiple_rhs,random_dense,8,7,after_custom_multiple_rhs_benchmark,2097984,2.00079
custom_lu,multiple_rhs,random_dense,8,7,before_custom_multiple_rhs_benchmark,2097984,2.00079
custom_lu,multiple_rhs,random_dense,8,7,after_custom_multiple_rhs_benchmark,2097984,2.00079
custom_lu,multiple_rhs,random_dense,8,7,before_custom_multiple_rhs_benchmark,2097984,2.00079
custom_lu,multiple_rhs,random_dense,8,7,after_custom_multiple_rhs_benchmark,2097984,2.00079
custom_lu,multiple_rhs,random_dense,8,7,before_custom_multiple_rhs_benchmark,2097984,2.00079
custom_lu,multiple_rhs,random_dense,8,7,after_custom_multiple_rhs_benchmark,2097984,2.00079
custom_lu,multiple_rhs,random_dense,8,7,before_custom_multiple_rhs_benchmark,2097984,2.00079
custom_lu,multiple_rhs,random_dense,8,7,after_custom_multiple_rhs_benchmark,2097984,2.00079
custom_lu,multiple_rhs,random_dense,8,8,before_multiple_rhs_problem_setup,2097984,2.00079
custom_lu,multiple_rhs,random_dense,8,8,after_multiple_rhs_problem_setup,2097984,2.00079
custom_lu,multiple_rhs,random_dense,8,8,before_custom_multiple_rhs_benchmark,2097984,2.00079
custom_lu,multiple_rhs,random_dense,8,8,after_custom_multiple_rhs_benchmark,2097984,2.00079
custom_lu,multiple_rhs,random_dense,8,8,before_custom_multiple_rhs_benchmark,2097984,2.00079
custom_lu,multiple_rhs,random_dense,8,8,after_custom_multiple_rhs_benchmark,2097984,2.00079
custom_lu,multiple_rhs,random_dense,8,8,before_custom_multiple_rhs_benchmark,2097984,2.00079
custom_lu,multiple_rhs,random_dense,8,8,after_custom_multiple_rhs_benchmark,2097984,2.00079
custom_lu,multiple_rhs,random_dense,8,8,before_custom_multiple_rhs_benchmark,2097984,2.00079
custom_lu,multiple_rhs,random_dense,8,8,after_custom_multiple_rhs_benchmark,2097984,2.00079
custom_lu,multiple_rhs,random_dense,8,8,before_custom_multiple_rhs_benchmark,2097984,2.00079
custom_lu,multiple_rhs,random_dense,8,8,after_custom_multiple_rhs_benchmark,2097984,2.00079
custom_lu,multiple_rhs,random_dense,8,9,before_multiple_rhs_problem_setup,2097984,2.00079
custom_lu,multiple_rhs,random_dense,8,9,after_multiple_rhs_problem_setup,2097984,2.00079
custom_lu,multiple_rhs,random_dense,8,9,before_custom_multiple_rhs_benchmark,2097984,2.00079
custom_lu,multiple_rhs,random_dense,8,9,after_custom_multiple_rhs_benchmark,2097984,2.00079
custom_lu,multiple_rhs,random_dense,8,9,before_custom_multiple_rhs_benchmark,2097984,2.00079
custom_lu,multiple_rhs,random_dense,8,9,after_custom_multiple_rhs_benchmark,2097984,2.00079
custom_lu,multiple_rhs,random_dense,8,9,before_custom_multiple_rhs_benchmark,2097984,2.00079
custom_lu,multiple_rhs,random_dense,8,9,after_custom_multiple_rhs_benchmark,2097984,2.00079
custom_lu,multiple_rhs,random_dense,8,9,before_custom_multiple_rhs_benchmark,2097984,2.00079
custom_lu,multiple_rhs,random_dense,8,9,after_custom_multiple_rhs_benchmark,2097984,2.00079
custom_lu,multiple_rhs,random_dense,8,9,before_custom_multiple_rhs_benchmark,2097984,2.00079
custom_lu,multiple_rhs,random_dense,8,9,after_custom_multiple_rhs_benchmark,2097984,2.00079
custom_lu,multiple_rhs,random_dense,8,10,before_multiple_rhs_problem_setup,2097984,2.00079
custom_lu,multiple_rhs,random_dense,8,10,after_multiple_rhs_problem_setup,2097984,2.00079
custom_lu,multiple_rhs,random_dense,8,10,before_custom_multiple_rhs_benchmark,2097984,2.00079
custom_lu,multiple_rhs,random_dense,8,10,after_custom_multiple_rhs_benchmark,2097984,2.00079
custom_lu,multiple_rhs,random_dense,8,10,before_custom_multiple_rhs_benchmark,2097984,2.00079
custom_lu,multiple_rhs,random_dense,8,10,after_custom_multiple_rhs_benchmark,2097984,2.00079
custom_lu,multiple_rhs,random_dense,8,10,before_custom_multiple_rhs_benchmark,2097984,2.00079
custom_lu,multiple_rhs,random_dense,8,10,after_custom_multiple_rhs_benchmark,2097984,2.00079
custom_lu,multiple_rhs,random_dense,8,10,before_custom_multiple_rhs_benchmark,2097984,2.00079
custom_lu,multiple_rhs,random_dense,8,10,after_custom_multiple_rhs_benchmark,2097984,2.00079
custom_lu,multiple_rhs,random_dense,8,10,before_custom_multiple_rhs_benchmark,2097984,2.00079
custom_lu,multiple_rhs,random_dense,8,10,after_custom_multiple_rhs_benchmark,2097984,2.00079
custom_lu,multiple_rhs,random_dense,8,11,before_multiple_rhs_problem_setup,2097984,2.00079
custom_lu,multiple_rhs,random_dense,8,11,after_multiple_rhs_problem_setup,2097984,2.00079
custom_lu,multiple_rhs,random_dense,8,11,before_custom_multiple_rhs_benchmark,2097984,2.00079
custom_lu,multiple_rhs,random_dense,8,11,after_custom_multiple_rhs_benchmark,2097984,2.00079
custom_lu,multiple_rhs,random_dense,8,11,before_custom_multiple_rhs_benchmark,2097984,2.00079
custom_lu,multiple_rhs,random_dense,8,11,after_custom_multiple_rhs_benchmark,2097984,2.00079
custom_lu,multiple_rhs,random_dense,8,11,before_custom_multiple_rhs_benchmark,2097984,2.00079
custom_lu,multiple_rhs,random_dense,8,11,after_custom_multiple_rhs_benchmark,2097984,2.00079
custom_lu,multiple_rhs,random_dense,8,11,before_custom_multiple_rhs_benchmark,2097984,2.00079
custom_lu,multiple_rhs,random_dense,8,11,after_custom_multiple_rhs_benchmark,2097984,2.00079
custom_lu,multiple_rhs,random_dense,8,11,before_custom_multiple_rhs_benchmark,2097984,2.00079
custom_lu,multiple_rhs,random_dense,8,11,after_custom_multiple_rhs_benchmark,2097984,2.00079
custom_lu,multiple_rhs,random_dense,8,12,before_multiple_rhs_problem_setup,2097984,2.00079
custom_lu,multiple_rhs,random_dense,8,12,after_multiple_rhs_problem_setup,2097984,2.00079
custom_lu,multiple_rhs,random_dense,8,12,before_custom_multiple_rhs_benchmark,2097984,2.00079
custom_lu,multiple_rhs,random_dense,8,12,after_custom_multiple_rhs_benchmark,2097984,2.00079
custom_lu,multiple_rhs,random_dense,8,12,before_custom_multiple_rhs_benchmark,2097984,2.00079
custom_lu,multiple_rhs,random_dense,8,12,after_custom_multiple_rhs_benchmark,2097984,2.00079
custom_lu,multiple_rhs,random_dense,8,12,before_custom_multiple_rhs_benchmark,2097984,2.00079
custom_lu,multiple_rhs,random_dense,8,12,after_custom_multiple_rhs_benchmark,2097984,2.00079
custom_lu,multiple_rhs,random_dense,8,12,before_custom_multiple_rhs_benchmark,2097984,2.00079
custom_lu,multiple_rhs,random_dense,8,12,after_custom_multiple_rhs_benchmark,2097984,2.00079
custom_lu,multiple_rhs,random_dense,8,12,before_custom_multiple_rhs_benchmark,2097984,2.00079
custom_lu,multiple_rhs,random_dense,8,12,after_custom_multiple_rhs_benchmark,2097984,2.00079
custom_lu,multiple_rhs,random_dense,8,13,before_multiple_rhs_problem_setup,2097984,2.00079
custom_lu,multiple_rhs,random_dense,8,13,after_multiple_rhs_problem_setup,2097984,2.00079
custom_lu,multiple_rhs,random_dense,8,13,before_custom_multiple_rhs_benchmark,2097984,2.00079
custom_lu,multiple_rhs,random_dense,8,13,after_custom_multiple_rhs_benchmark,2097984,2.00079
custom_lu,multiple_rhs,random_dense,8,13,before_custom_multiple_rhs_benchmark,2097984,2.00079
custom_lu,multiple_rhs,random_dense,8,13,after_custom_multiple_rhs_benchmark,2097984,2.00079
custom_lu,multiple_rhs,random_dense,8,13,before_custom_multiple_rhs_benchmark,2097984,2.00079
custom_lu,multiple_rhs,random_dense,8,13,after_custom_multiple_rhs_benchmark,2097984,2.00079
custom_lu,multiple_rhs,random_dense,8,13,before_custom_multiple_rhs_benchmark,2097984,2.00079
custom_lu,multiple_rhs,random_dense,8,13,after_custom_multiple_rhs_benchmark,2097984,2.00079
custom_lu,multiple_rhs,random_dense,8,13,before_custom_multiple_rhs_benchmark,2097984,2.00079
custom_lu,multiple_rhs,random_dense,8,13,after_custom_multiple_rhs_benchmark,2097984,2.00079
custom_lu,multiple_rhs,random_dense,8,14,before_multiple_rhs_problem_setup,2097984,2.00079
custom_lu,multiple_rhs,random_dense,8,14,after_multiple_rhs_problem_setup,2097984,2.00079
custom_lu,multiple_rhs,random_dense,8,14,before_custom_multiple_rhs_benchmark,2097984,2.00079
custom_lu,multiple_rhs,random_dense,8,14,after_custom_multiple_rhs_benchmark,2097984,2.00079
custom_lu,multiple_rhs,random_dense,8,14,before_custom_multiple_rhs_benchmark,2097984,2.00079
custom_lu,multiple_rhs,random_dense,8,14,after_custom_multiple_rhs_benchmark,2097984,2.00079
custom_lu,multiple_rhs,random_dense,8,14,before_custom_multiple_rhs_benchmark,2097984,2.00079
custom_lu,multiple_rhs,random_dense,8,14,after_custom_multiple_rhs_benchmark,2097984,2.00079
custom_lu,multiple_rhs,random_dense,8,14,before_custom_multiple_rhs_benchmark,2097984,2.00079
custom_lu,multiple_rhs,random_dense,8,14,after_custom_multiple_rhs_benchmark,2097984,2.00079
custom_lu,multiple_rhs,random_dense,8,14,before_custom_multiple_rhs_benchmark,2097984,2.00079
custom_lu,multiple_rhs,random_dense,8,14,after_custom_multiple_rhs_benchmark,2097984,2.00079
custom_lu,multiple_rhs,diagonally_dominant,8,0,before_multiple_rhs_problem_setup,2097984,2.00079
custom_lu,multiple_rhs,diagonally_dominant,8,0,after_multiple_rhs_problem_setup,2097984,2.00079
custom_lu,multiple_rhs,diagonally_dominant,8,0,before_custom_multiple_rhs_benchmark,2097984,2.00079
custom_lu,multiple_rhs,diagonally_dominant,8,0,after_custom_multiple_rhs_benchmark,2097984,2.00079
custom_lu,multiple_rhs,diagonally_dominant,8,0,before_custom_multiple_rhs_benchmark,2097984,2.00079
custom_lu,multiple_rhs,diagonally_dominant,8,0,after_custom_multiple_rhs_benchmark,2097984,2.00079
custom_lu,multiple_rhs,diagonally_dominant,8,0,before_custom_multiple_rhs_benchmark,2097984,2.00079
custom_lu,multiple_rhs,diagonally_dominant,8,0,after_custom_multiple_rhs_benchmark,2097984,2.00079
custom_lu,multiple_rhs,diagonally_dominant,8,0,before_custom_multiple_rhs_benchmark,2097984,2.00079
custom_lu,multiple_rhs,diagonally_dominant,8,0,after_custom_multiple_rhs_benchmark,2097984,2.00079
custom_lu,multiple_rhs,diagonally_dominant,8,0,before_custom_multiple_rhs_benchmark,2097984,2.00079
custom_lu,multiple_rhs,diagonally_dominant,8,0,after_custom_multiple_rhs_benchmark,2097984,2.00079
custom_lu,multiple_rhs,diagonally_dominant,8,1,before_multiple_rhs_problem_setup,2097984,2.00079
custom_lu,multiple_rhs,diagonally_dominant,8,1,after_multiple_rhs_problem_setup,2097984,2.00079
custom_lu,multiple_rhs,diagonally_dominant,8,1,before_custom_multiple_rhs_benchmark,2097984,2.00079
custom_lu,multiple_rhs,diagonally_dominant,8,1,after_custom_multiple_rhs_benchmark,2097984,2.00079
custom_lu,multiple_rhs,diagonally_dominant,8,1,before_custom_multiple_rhs_benchmark,2097984,2.00079
custom_lu,multiple_rhs,diagonally_dominant,8,1,after_custom_multiple_rhs_benchmark,2097984,2.00079
custom_lu,multiple_rhs,diagonally_dominant,8,1,before_custom_multiple_rhs_benchmark,2097984,2.00079
custom_lu,multiple_rhs,diagonally_dominant,8,1,after_custom_multiple_rhs_benchmark,2097984,2.00079
custom_lu,multiple_rhs,diagonally_dominant,8,1,before_custom_multiple_rhs_benchmark,2097984,2.00079
custom_lu,multiple_rhs,diagonally_dominant,8,1,after_custom_multiple_rhs_benchmark,2097984,2.00079
custom_lu,multiple_rhs,diagonally_dominant,8,1,before_custom_multiple_rhs_benchmark,2097984,2.00079
custom_lu,multiple_rhs,diagonally_dominant,8,1,after_custom_multiple_rhs_benchmark,2097984,2.00079
custom_lu,multiple_rhs,diagonally_dominant,8,2,before_multiple_rhs_problem_setup,2097984,2.00079
custom_lu,multiple_rhs,diagonally_dominant,8,2,after_multiple_rhs_problem_setup,2097984,2.00079
custom_lu,multiple_rhs,diagonally_dominant,8,2,before_custom_multiple_rhs_benchmark,2097984,2.00079
custom_lu,multiple_rhs,diagonally_dominant,8,2,after_custom_multiple_rhs_benchmark,2097984,2.00079
custom_lu,multiple_rhs,diagonally_dominant,8,2,before_custom_multiple_rhs_benchmark,2097984,2.00079
custom_lu,multiple_rhs,diagonally_dominant,8,2,after_custom_multiple_rhs_benchmark,2097984,2.00079
custom_lu,multiple_rhs,diagonally_dominant,8,2,before_custom_multiple_rhs_benchmark,2097984,2.00079
custom_lu,multiple_rhs,diagonally_dominant,8,2,after_custom_multiple_rhs_benchmark,2097984,2.00079
custom_lu,multiple_rhs,diagonally_dominant,8,2,before_custom_multiple_rhs_benchmark,2097984,2.00079
custom_lu,multiple_rhs,diagonally_dominant,8,2,after_custom_multiple_rhs_benchmark,2097984,2.00079
custom_lu,multiple_rhs,diagonally_dominant,8,2,before_custom_multiple_rhs_benchmark,2097984,2.00079
custom_lu,multiple_rhs,diagonally_dominant,8,2,after_custom_multiple_rhs_benchmark,2097984,2.00079
custom_lu,multiple_rhs,diagonally_dominant,8,3,before_multiple_rhs_problem_setup,2097984,2.00079
custom_lu,multiple_rhs,diagonally_dominant,8,3,after_multiple_rhs_problem_setup,2097984,2.00079
custom_lu,multiple_rhs,diagonally_dominant,8,3,before_custom_multiple_rhs_benchmark,2097984,2.00079
custom_lu,multiple_rhs,diagonally_dominant,8,3,after_custom_multiple_rhs_benchmark,2097984,2.00079
custom_lu,multiple_rhs,diagonally_dominant,8,3,before_custom_multiple_rhs_benchmark,2097984,2.00079
custom_lu,multiple_rhs,diagonally_dominant,8,3,after_custom_multiple_rhs_benchmark,2097984,2.00079
custom_lu,multiple_rhs,diagonally_dominant,8,3,before_custom_multiple_rhs_benchmark,2097984,2.00079
custom_lu,multiple_rhs,diagonally_dominant,8,3,after_custom_multiple_rhs_benchmark,2097984,2.00079
custom_lu,multiple_rhs,diagonally_dominant,8,3,before_custom_multiple_rhs_benchmark,2097984,2.00079
custom_lu,multiple_rhs,diagonally_dominant,8,3,after_custom_multiple_rhs_benchmark,2097984,2.00079
custom_lu,multiple_rhs,diagonally_dominant,8,3,before_custom_multiple_rhs_benchmark,2097984,2.00079
custom_lu,multiple_rhs,diagonally_dominant,8,3,after_custom_multiple_rhs_benchmark,2097984,2.00079
custom_lu,multiple_rhs,diagonally_dominant,8,4,before_multiple_rhs_problem_setup,2097984,2.00079
custom_lu,multiple_rhs,diagonally_dominant,8,4,after_multiple_rhs_problem_setup,2097984,2.00079
custom_lu,multiple_rhs,diagonally_dominant,8,4,before_custom_multiple_rhs_benchmark,2097984,2.00079
custom_lu,multiple_rhs,diagonally_dominant,8,4,after_custom_multiple_rhs_benchmark,2097984,2.00079
custom_lu,multiple_rhs,diagonally_dominant,8,4,before_custom_multiple_rhs_benchmark,2097984,2.00079
custom_lu,multiple_rhs,diagonally_dominant,8,4,after_custom_multiple_rhs_benchmark,2097984,2.00079
custom_lu,multiple_rhs,diagonally_dominant,8,4,before_custom_multiple_rhs_benchmark,2097984,2.00079
custom_lu,multiple_rhs,diagonally_dominant,8,4,after_custom_multiple_rhs_benchmark,2097984,2.00079
custom_lu,multiple_rhs,diagonally_dominant,8,4,before_custom_multiple_rhs_benchmark,2097984,2.00079
custom_lu,multiple_rhs,diagonally_dominant,8,4,after_custom_multiple_rhs_benchmark,2097984,2.00079
custom_lu,multiple_rhs,diagonally_dominant,8,4,before_custom_multiple_rhs_benchmark,2097984,2.00079
custom_lu,multiple_rhs,diagonally_dominant,8,4,after_custom_multiple_rhs_benchmark,2097984,2.00079
custom_lu,multiple_rhs,diagonally_dominant,8,5,before_multiple_rhs_problem_setup,2097984,2.00079
custom_lu,multiple_rhs,diagonally_dominant,8,5,after_multiple_rhs_problem_setup,2097984,2.00079
custom_lu,multiple_rhs,diagonally_dominant,8,5,before_custom_multiple_rhs_benchmark,2097984,2.00079
custom_lu,multiple_rhs,diagonally_dominant,8,5,after_custom_multiple_rhs_benchmark,2097984,2.00079
custom_lu,multiple_rhs,diagonally_dominant,8,5,before_custom_multiple_rhs_benchmark,2097984,2.00079
custom_lu,multiple_rhs,diagonally_dominant,8,5,after_custom_multiple_rhs_benchmark,2097984,2.00079
custom_lu,multiple_rhs,diagonally_dominant,8,5,before_custom_multiple_rhs_benchmark,2097984,2.00079
custom_lu,multiple_rhs,diagonally_dominant,8,5,after_custom_multiple_rhs_benchmark,2097984,2.00079
custom_lu,multiple_rhs,diagonally_dominant,8,5,before_custom_multiple_rhs_benchmark,2097984,2.00079
custom_lu,multiple_rhs,diagonally_dominant,8,5,after_custom_multiple_rhs_benchmark,2097984,2.00079
custom_lu,multiple_rhs,diagonally_dominant,8,5,before_custom_multiple_rhs_benchmark,2097984,2.00079
custom_lu,multiple_rhs,diagonally_dominant,8,5,after_custom_multiple_rhs_benchmark,2097984,2.00079
custom_lu,multiple_rhs,diagonally_dominant,8,6,before_multiple_rhs_problem_setup,2097984,2.00079
custom_lu,multiple_rhs,diagonally_dominant,8,6,after_multiple_rhs_problem_setup,2097984,2.00079
custom_lu,multiple_rhs,diagonally_dominant,8,6,before_custom_multiple_rhs_benchmark,2097984,2.00079
custom_lu,multiple_rhs,diagonally_dominant,8,6,after_custom_multiple_rhs_benchmark,2097984,2.00079
custom_lu,multiple_rhs,diagonally_dominant,8,6,before_custom_multiple_rhs_benchmark,2097984,2.00079
custom_lu,multiple_rhs,diagonally_dominant,8,6,after_custom_multiple_rhs_benchmark,2097984,2.00079
custom_lu,multiple_rhs,diagonally_dominant,8,6,before_custom_multiple_rhs_benchmark,2097984,2.00079
custom_lu,multiple_rhs,diagonally_dominant,8,6,after_custom_multiple_rhs_benchmark,2097984,2.00079
custom_lu,multiple_rhs,diagonally_dominant,8,6,before_custom_multiple_rhs_benchmark,2097984,2.00079
custom_lu,multiple_rhs,diagonally_dominant,8,6,after_custom_multiple_rhs_benchmark,2097984,2.00079
custom_lu,multiple_rhs,diagonally_dominant,8,6,before_custom_multiple_rhs_benchmark,2097984,2.00079
custom_lu,multiple_rhs,diagonally_dominant,8,6,after_custom_multiple_rhs_benchmark,2097984,2.00079
custom_lu,multiple_rhs,diagonally_dominant,8,7,before_multiple_rhs_problem_setup,2097984,2.00079
custom_lu,multiple_rhs,diagonally_dominant,8,7,after_multiple_rhs_problem_setup,2097984,2.00079
custom_lu,multiple_rhs,diagonally_dominant,8,7,before_custom_multiple_rhs_benchmark,2097984,2.00079
custom_lu,multiple_rhs,diagonally_dominant,8,7,after_custom_multiple_rhs_benchmark,2097984,2.00079
custom_lu,multiple_rhs,diagonally_dominant,8,7,before_custom_multiple_rhs_benchmark,2097984,2.00079
custom_lu,multiple_rhs,diagonally_dominant,8,7,after_custom_multiple_rhs_benchmark,2097984,2.00079
custom_lu,multiple_rhs,diagonally_dominant,8,7,before_custom_multiple_rhs_benchmark,2097984,2.00079
custom_lu,multiple_rhs,diagonally_dominant,8,7,after_custom_multiple_rhs_benchmark,2097984,2.00079
custom_lu,multiple_rhs,diagonally_dominant,8,7,before_custom_multiple_rhs_benchmark,2097984,2.00079
custom_lu,multiple_rhs,diagonally_dominant,8,7,after_custom_multiple_rhs_benchmark,2097984,2.00079
custom_lu,multiple_rhs,diagonally_dominant,8,7,before_custom_multiple_rhs_benchmark,2097984,2.00079
custom_lu,multiple_rhs,diagonally_dominant,8,7,after_custom_multiple_rhs_benchmark,2097984,2.00079
custom_lu,multiple_rhs,diagonally_dominant,8,8,before_multiple_rhs_problem_setup,2097984,2.00079
custom_lu,multiple_rhs,diagonally_dominant,8,8,after_multiple_rhs_problem_setup,2097984,2.00079
custom_lu,multiple_rhs,diagonally_dominant,8,8,before_custom_multiple_rhs_benchmark,2097984,2.00079
custom_lu,multiple_rhs,diagonally_dominant,8,8,after_custom_multiple_rhs_benchmark,2097984,2.00079
custom_lu,multiple_rhs,diagonally_dominant,8,8,before_custom_multiple_rhs_benchmark,2097984,2.00079
custom_lu,multiple_rhs,diagonally_dominant,8,8,after_custom_multiple_rhs_benchmark,2097984,2.00079
custom_lu,multiple_rhs,diagonally_dominant,8,8,before_custom_multiple_rhs_benchmark,2097984,2.00079
custom_lu,multiple_rhs,diagonally_dominant,8,8,after_custom_multiple_rhs_benchmark,2097984,2.00079
custom_lu,multiple_rhs,diagonally_dominant,8,8,before_custom_multiple_rhs_benchmark,2097984,2.00079
custom_lu,multiple_rhs,diagonally_dominant,8,8,after_custom_multiple_rhs_benchmark,2097984,2.00079
custom_lu,multiple_rhs,diagonally_dominant,8,8,before_custom_multiple_rhs_benchmark,2097984,2.00079
custom_lu,multiple_rhs,diagonally_dominant,8,8,after_custom_multiple_rhs_benchmark,2097984,2.00079
custom_lu,multiple_rhs,diagonally_dominant,8,9,before_multiple_rhs_problem_setup,2097984,2.00079
custom_lu,multiple_rhs,diagonally_dominant,8,9,after_multiple_rhs_problem_setup,2097984,2.00079
custom_lu,multiple_rhs,diagonally_dominant,8,9,before_custom_multiple_rhs_benchmark,2097984,2.00079
custom_lu,multiple_rhs,diagonally_dominant,8,9,after_custom_multiple_rhs_benchmark,2097984,2.00079
custom_lu,multiple_rhs,diagonally_dominant,8,9,before_custom_multiple_rhs_benchmark,2097984,2.00079
custom_lu,multiple_rhs,diagonally_dominant,8,9,after_custom_multiple_rhs_benchmark,2097984,2.00079
custom_lu,multiple_rhs,diagonally_dominant,8,9,before_custom_multiple_rhs_benchmark,2097984,2.00079
custom_lu,multiple_rhs,diagonally_dominant,8,9,after_custom_multiple_rhs_benchmark,2097984,2.00079
custom_lu,multiple_rhs,diagonally_dominant,8,9,before_custom_multiple_rhs_benchmark,2097984,2.00079
custom_lu,multiple_rhs,diagonally_dominant,8,9,after_custom_multiple_rhs_benchmark,2097984,2.00079
custom_lu,multiple_rhs,diagonally_dominant,8,9,before_custom_multiple_rhs_benchmark,2097984,2.00079
custom_lu,multiple_rhs,diagonally_dominant,8,9,after_custom_multiple_rhs_benchmark,2097984,2.00079
custom_lu,multiple_rhs,diagonally_dominant,8,10,before_multiple_rhs_problem_setup,2097984,2.00079
custom_lu,multiple_rhs,diagonally_dominant,8,10,after_multiple_rhs_problem_setup,2097984,2.00079
custom_lu,multiple_rhs,diagonally_dominant,8,10,before_custom_multiple_rhs_benchmark,2097984,2.00079
custom_lu,multiple_rhs,diagonally_dominant,8,10,after_custom_multiple_rhs_benchmark,2097984,2.00079
custom_lu,multiple_rhs,diagonally_dominant,8,10,before_custom_multiple_rhs_benchmark,2097984,2.00079
custom_lu,multiple_rhs,diagonally_dominant,8,10,after_custom_multiple_rhs_benchmark,2097984,2.00079
custom_lu,multiple_rhs,diagonally_dominant,8,10,before_custom_multiple_rhs_benchmark,2097984,2.00079
custom_lu,multiple_rhs,diagonally_dominant,8,10,after_custom_multiple_rhs_benchmark,2097984,2.00079
custom_lu,multiple_rhs,diagonally_dominant,8,10,before_custom_multiple_rhs_benchmark,2097984,2.00079
custom_lu,multiple_rhs,diagonally_dominant,8,10,after_custom_multiple_rhs_benchmark,2097984,2.00079
custom_lu,multiple_rhs,diagonally_dominant,8,10,before_custom_multiple_rhs_benchmark,2097984,2.00079
custom_lu,multiple_rhs,diagonally_dominant,8,10,after_custom_multiple_rhs_benchmark,2097984,2.00079
custom_lu,multiple_rhs,diagonally_dominant,8,11,before_multiple_rhs_problem_setup,2097984,2.00079
custom_lu,multiple_rhs,diagonally_dominant,8,11,after_multiple_rhs_problem_setup,2097984,2.00079
custom_lu,multiple_rhs,diagonally_dominant,8,11,before_custom_multiple_rhs_benchmark,2097984,2.00079
custom_lu,multiple_rhs,diagonally_dominant,8,11,after_custom_multiple_rhs_benchmark,2097984,2.00079
custom_lu,multiple_rhs,diagonally_dominant,8,11,before_custom_multiple_rhs_benchmark,2097984,2.00079
custom_lu,multiple_rhs,diagonally_dominant,8,11,after_custom_multiple_rhs_benchmark,2097984,2.00079
custom_lu,multiple_rhs,diagonally_dominant,8,11,before_custom_multiple_rhs_benchmark,2097984,2.00079
custom_lu,multiple_rhs,diagonally_dominant,8,11,after_custom_multiple_rhs_benchmark,2097984,2.00079
custom_lu,multiple_rhs,diagonally_dominant,8,11,before_custom_multiple_rhs_benchmark,2097984,2.00079
custom_lu,multiple_rhs,diagonally_dominant,8,11,after_custom_multiple_rhs_benchmark,2097984,2.00079
custom_lu,multiple_rhs,diagonally_dominant,8,11,before_custom_multiple_rhs_benchmark,2097984,2.00079
custom_lu,multiple_rhs,diagonally_dominant,8,11,after_custom_multiple_rhs_benchmark,2097984,2.00079
custom_lu,multiple_rhs,diagonally_dominant,8,12,before_multiple_rhs_problem_setup,2097984,2.00079
custom_lu,multiple_rhs,diagonally_dominant,8,12,after_multiple_rhs_problem_setup,2097984,2.00079
custom_lu,multiple_rhs,diagonally_dominant,8,12,before_custom_multiple_rhs_benchmark,2097984,2.00079
custom_lu,multiple_rhs,diagonally_dominant,8,12,after_custom_multiple_rhs_benchmark,2097984,2.00079
custom_lu,multiple_rhs,diagonally_dominant,8,12,before_custom_multiple_rhs_benchmark,2097984,2.00079
custom_lu,multiple_rhs,diagonally_dominant,8,12,after_custom_multiple_rhs_benchmark,2097984,2.00079
custom_lu,multiple_rhs,diagonally_dominant,8,12,before_custom_multiple_rhs_benchmark,2097984,2.00079
custom_lu,multiple_rhs,diagonally_dominant,8,12,after_custom_multiple_rhs_benchmark,2097984,2.00079
custom_lu,multiple_rhs,diagonally_dominant,8,12,before_custom_multiple_rhs_benchmark,2097984,2.00079
custom_lu,multiple_rhs,diagonally_dominant,8,12,after_custom_multiple_rhs_benchmark,2097984,2.00079
custom_lu,multiple_rhs,diagonally_dominant,8,12,before_custom_multiple_rhs_benchmark,2097984,2.00079
custom_lu,multiple_rhs,diagonally_dominant,8,12,after_custom_multiple_rhs_benchmark,2097984,2.00079
custom_lu,multiple_rhs,diagonally_dominant,8,13,before_multiple_rhs_problem_setup,2097984,2.00079
custom_lu,multiple_rhs,diagonally_dominant,8,13,after_multiple_rhs_problem_setup,2097984,2.00079
custom_lu,multiple_rhs,diagonally_dominant,8,13,before_custom_multiple_rhs_benchmark,2097984,2.00079
custom_lu,multiple_rhs,diagonally_dominant,8,13,after_custom_multiple_rhs_benchmark,2097984,2.00079
custom_lu,multiple_rhs,diagonally_dominant,8,13,before_custom_multiple_rhs_benchmark,2097984,2.00079
custom_lu,multiple_rhs,diagonally_dominant,8,13,after_custom_multiple_rhs_benchmark,2097984,2.00079
custom_lu,multiple_rhs,diagonally_dominant,8,13,before_custom_multiple_rhs_benchmark,2097984,2.00079
custom_lu,multiple_rhs,diagonally_dominant,8,13,after_custom_multiple_rhs_benchmark,2097984,2.00079
custom_lu,multiple_rhs,diagonally_dominant,8,13,before_custom_multiple_rhs_benchmark,2097984,2.00079
custom_lu,multiple_rhs,diagonally_dominant,8,13,after_custom_multiple_rhs_benchmark,2097984,2.00079
custom_lu,multiple_rhs,diagonally_dominant,8,13,before_custom_multiple_rhs_benchmark,2097984,2.00079
custom_lu,multiple_rhs,diagonally_dominant,8,13,after_custom_multiple_rhs_benchmark,2097984,2.00079
custom_lu,multiple_rhs,diagonally_dominant,8,14,before_multiple_rhs_problem_setup,2097984,2.00079
custom_lu,multiple_rhs,diagonally_dominant,8,14,after_multiple_rhs_problem_setup,2097984,2.00079
custom_lu,multiple_rhs,diagonally_dominant,8,14,before_custom_multiple_rhs_benchmark,2097984,2.00079
custom_lu,multiple_rhs,diagonally_dominant,8,14,after_custom_multiple_rhs_benchmark,2097984,2.00079
custom_lu,multiple_rhs,diagonally_dominant,8,14,before_custom_multiple_rhs_benchmark,2097984,2.00079
custom_lu,multiple_rhs,diagonally_dominant,8,14,after_custom_multiple_rhs_benchmark,2097984,2.00079
custom_lu,multiple_rhs,diagonally_dominant,8,14,before_custom_multiple_rhs_benchmark,2097984,2.00079
custom_lu,multiple_rhs,diagonally_dominant,8,14,after_custom_multiple_rhs_benchmark,2097984,2.00079
custom_lu,multiple_rhs,diagonally_dominant,8,14,before_custom_multiple_rhs_benchmark,2097984,2.00079
custom_lu,multiple_rhs,diagonally_dominant,8,14,after_custom_multiple_rhs_benchmark,2097984,2.00079
custom_lu,multiple_rhs,diagonally_dominant,8,14,before_custom_multiple_rhs_benchmark,2097984,2.00079
custom_lu,multiple_rhs,diagonally_dominant,8,14,after_custom_multiple_rhs_benchmark,2097984,2.00079
custom_lu,multiple_rhs,random_dense,16,0,before_multiple_rhs_problem_setup,2097984,2.00079
custom_lu,multiple_rhs,random_dense,16,0,after_multiple_rhs_problem_setup,2097984,2.00079
custom_lu,multiple_rhs,random_dense,16,0,before_custom_multiple_rhs_benchmark,2097984,2.00079
custom_lu,multiple_rhs,random_dense,16,0,after_custom_multiple_rhs_benchmark,2097984,2.00079
custom_lu,multiple_rhs,random_dense,16,0,before_custom_multiple_rhs_benchmark,2097984,2.00079
custom_lu,multiple_rhs,random_dense,16,0,after_custom_multiple_rhs_benchmark,2097984,2.00079
custom_lu,multiple_rhs,random_dense,16,0,before_custom_multiple_rhs_benchmark,2097984,2.00079
custom_lu,multiple_rhs,random_dense,16,0,after_custom_multiple_rhs_benchmark,2097984,2.00079
custom_lu,multiple_rhs,random_dense,16,0,before_custom_multiple_rhs_benchmark,2097984,2.00079
custom_lu,multiple_rhs,random_dense,16,0,after_custom_multiple_rhs_benchmark,2097984,2.00079
custom_lu,multiple_rhs,random_dense,16,0,before_custom_multiple_rhs_benchmark,2097984,2.00079
custom_lu,multiple_rhs,random_dense,16,0,after_custom_multiple_rhs_benchmark,2097984,2.00079
custom_lu,multiple_rhs,random_dense,16,1,before_multiple_rhs_problem_setup,2097984,2.00079
custom_lu,multiple_rhs,random_dense,16,1,after_multiple_rhs_problem_setup,2097984,2.00079
custom_lu,multiple_rhs,random_dense,16,1,before_custom_multiple_rhs_benchmark,2097984,2.00079
custom_lu,multiple_rhs,random_dense,16,1,after_custom_multiple_rhs_benchmark,2097984,2.00079
custom_lu,multiple_rhs,random_dense,16,1,before_custom_multiple_rhs_benchmark,2097984,2.00079
custom_lu,multiple_rhs,random_dense,16,1,after_custom_multiple_rhs_benchmark,2097984,2.00079
custom_lu,multiple_rhs,random_dense,16,1,before_custom_multiple_rhs_benchmark,2097984,2.00079
custom_lu,multiple_rhs,random_dense,16,1,after_custom_multiple_rhs_benchmark,2097984,2.00079
custom_lu,multiple_rhs,random_dense,16,1,before_custom_multiple_rhs_benchmark,2097984,2.00079
custom_lu,multiple_rhs,random_dense,16,1,after_custom_multiple_rhs_benchmark,2097984,2.00079
custom_lu,multiple_rhs,random_dense,16,1,before_custom_multiple_rhs_benchmark,2097984,2.00079
custom_lu,multiple_rhs,random_dense,16,1,after_custom_multiple_rhs_benchmark,2097984,2.00079
custom_lu,multiple_rhs,random_dense,16,2,before_multiple_rhs_problem_setup,2097984,2.00079
custom_lu,multiple_rhs,random_dense,16,2,after_multiple_rhs_problem_setup,2097984,2.00079
custom_lu,multiple_rhs,random_dense,16,2,before_custom_multiple_rhs_benchmark,2097984,2.00079
custom_lu,multiple_rhs,random_dense,16,2,after_custom_multiple_rhs_benchmark,2097984,2.00079
custom_lu,multiple_rhs,random_dense,16,2,before_custom_multiple_rhs_benchmark,2097984,2.00079
custom_lu,multiple_rhs,random_dense,16,2,after_custom_multiple_rhs_benchmark,2097984,2.00079
custom_lu,multiple_rhs,random_dense,16,2,before_custom_multiple_rhs_benchmark,2097984,2.00079
custom_lu,multiple_rhs,random_dense,16,2,after_custom_multiple_rhs_benchmark,2097984,2.00079
custom_lu,multiple_rhs,random_dense,16,2,before_custom_multiple_rhs_benchmark,2097984,2.00079
custom_lu,multiple_rhs,random_dense,16,2,after_custom_multiple_rhs_benchmark,2097984,2.00079
custom_lu,multiple_rhs,random_dense,16,2,before_custom_multiple_rhs_benchmark,2097984,2.00079
custom_lu,multiple_rhs,random_dense,16,2,after_custom_multiple_rhs_benchmark,2097984,2.00079
custom_lu,multiple_rhs,random_dense,16,3,before_multiple_rhs_problem_setup,2097984,2.00079
custom_lu,multiple_rhs,random_dense,16,3,after_multiple_rhs_problem_setup,2097984,2.00079
custom_lu,multiple_rhs,random_dense,16,3,before_custom_multiple_rhs_benchmark,2097984,2.00079
custom_lu,multiple_rhs,random_dense,16,3,after_custom_multiple_rhs_benchmark,2097984,2.00079
custom_lu,multiple_rhs,random_dense,16,3,before_custom_multiple_rhs_benchmark,2097984,2.00079
custom_lu,multiple_rhs,random_dense,16,3,after_custom_multiple_rhs_benchmark,2097984,2.00079
custom_lu,multiple_rhs,random_dense,16,3,before_custom_multiple_rhs_benchmark,2097984,2.00079
custom_lu,multiple_rhs,random_dense,16,3,after_custom_multiple_rhs_benchmark,2097984,2.00079
custom_lu,multiple_rhs,random_dense,16,3,before_custom_multiple_rhs_benchmark,2097984,2.00079
custom_lu,multiple_rhs,random_dense,16,3,after_custom_multiple_rhs_benchmark,2097984,2.00079
custom_lu,multiple_rhs,random_dense,16,3,before_custom_multiple_rhs_benchmark,2097984,2.00079
custom_lu,multiple_rhs,random_dense,16,3,after_custom_multiple_rhs_benchmark,2097984,2.00079
custom_lu,multiple_rhs,random_dense,16,4,before_multiple_rhs_problem_setup,2097984,2.00079
custom_lu,multiple_rhs,random_dense,16,4,after_multiple_rhs_problem_setup,2097984,2.00079
custom_lu,multiple_rhs,random_dense,16,4,before_custom_multiple_rhs_benchmark,2097984,2.00079
custom_lu,multiple_rhs,random_dense,16,4,after_custom_multiple_rhs_benchmark,2097984,2.00079
custom_lu,multiple_rhs,random_dense,16,4,before_custom_multiple_rhs_benchmark,2097984,2.00079
custom_lu,multiple_rhs,random_dense,16,4,after_custom_multiple_rhs_benchmark,2097984,2.00079
custom_lu,multiple_rhs,random_dense,16,4,before_custom_multiple_rhs_benchmark,2097984,2.00079
custom_lu,multiple_rhs,random_dense,16,4,after_custom_multiple_rhs_benchmark,2097984,2.00079
custom_lu,multiple_rhs,random_dense,16,4,before_custom_multiple_rhs_benchmark,2097984,2.00079
custom_lu,multiple_rhs,random_dense,16,4,after_custom_multiple_rhs_benchmark,2097984,2.00079
custom_lu,multiple_rhs,random_dense,16,4,before_custom_multiple_rhs_benchmark,2097984,2.00079
custom_lu,multiple_rhs,random_dense,16,4,after_custom_multiple_rhs_benchmark,2097984,2.00079
custom_lu,multiple_rhs,random_dense,16,5,before_multiple_rhs_problem_setup,2097984,2.00079
custom_lu,multiple_rhs,random_dense,16,5,after_multiple_rhs_problem_setup,2097984,2.00079
custom_lu,multiple_rhs,random_dense,16,5,before_custom_multiple_rhs_benchmark,2097984,2.00079
custom_lu,multiple_rhs,random_dense,16,5,after_custom_multiple_rhs_benchmark,2097984,2.00079
custom_lu,multiple_rhs,random_dense,16,5,before_custom_multiple_rhs_benchmark,2097984,2.00079
custom_lu,multiple_rhs,random_dense,16,5,after_custom_multiple_rhs_benchmark,2097984,2.00079
custom_lu,multiple_rhs,random_dense,16,5,before_custom_multiple_rhs_benchmark,2097984,2.00079
custom_lu,multiple_rhs,random_dense,16,5,after_custom_multiple_rhs_benchmark,2097984,2.00079
custom_lu,multiple_rhs,random_dense,16,5,before_custom_multiple_rhs_benchmark,2097984,2.00079
custom_lu,multiple_rhs,random_dense,16,5,after_custom_multiple_rhs_benchmark,2097984,2.00079
custom_lu,multiple_rhs,random_dense,16,5,before_custom_multiple_rhs_benchmark,2097984,2.00079
custom_lu,multiple_rhs,random_dense,16,5,after_custom_multiple_rhs_benchmark,2097984,2.00079
custom_lu,multiple_rhs,random_dense,16,6,before_multiple_rhs_problem_setup,2097984,2.00079
custom_lu,multiple_rhs,random_dense,16,6,after_multiple_rhs_problem_setup,2097984,2.00079
custom_lu,multiple_rhs,random_dense,16,6,before_custom_multiple_rhs_benchmark,2097984,2.00079
custom_lu,multiple_rhs,random_dense,16,6,after_custom_multiple_rhs_benchmark,2097984,2.00079
custom_lu,multiple_rhs,random_dense,16,6,before_custom_multiple_rhs_benchmark,2097984,2.00079
custom_lu,multiple_rhs,random_dense,16,6,after_custom_multiple_rhs_benchmark,2097984,2.00079
custom_lu,multiple_rhs,random_dense,16,6,before_custom_multiple_rhs_benchmark,2097984,2.00079
custom_lu,multiple_rhs,random_dense,16,6,after_custom_multiple_rhs_benchmark,2097984,2.00079
custom_lu,multiple_rhs,random_dense,16,6,before_custom_multiple_rhs_benchmark,2097984,2.00079
custom_lu,multiple_rhs,random_dense,16,6,after_custom_multiple_rhs_benchmark,2097984,2.00079
custom_lu,multiple_rhs,random_dense,16,6,before_custom_multiple_rhs_benchmark,2097984,2.00079
custom_lu,multiple_rhs,random_dense,16,6,after_custom_multiple_rhs_benchmark,2097984,2.00079
custom_lu,multiple_rhs,random_dense,16,7,before_multiple_rhs_problem_setup,2097984,2.00079
custom_lu,multiple_rhs,random_dense,16,7,after_multiple_rhs_problem_setup,2097984,2.00079
custom_lu,multiple_rhs,random_dense,16,7,before_custom_multiple_rhs_benchmark,2097984,2.00079
custom_lu,multiple_rhs,random_dense,16,7,after_custom_multiple_rhs_benchmark,2097984,2.00079
custom_lu,multiple_rhs,random_dense,16,7,before_custom_multiple_rhs_benchmark,2097984,2.00079
custom_lu,multiple_rhs,random_dense,16,7,after_custom_multiple_rhs_benchmark,2097984,2.00079
custom_lu,multiple_rhs,random_dense,16,7,before_custom_multiple_rhs_benchmark,2097984,2.00079
custom_lu,multiple_rhs,random_dense,16,7,after_custom_multiple_rhs_benchmark,2097984,2.00079
custom_lu,multiple_rhs,random_dense,16,7,before_custom_multiple_rhs_benchmark,2097984,2.00079
custom_lu,multiple_rhs,random_dense,16,7,after_custom_multiple_rhs_benchmark,2097984,2.00079
custom_lu,multiple_rhs,random_dense,16,7,before_custom_multiple_rhs_benchmark,2097984,2.00079
custom_lu,multiple_rhs,random_dense,16,7,after_custom_multiple_rhs_benchmark,2097984,2.00079
custom_lu,multiple_rhs,random_dense,16,8,before_multiple_rhs_problem_setup,2097984,2.00079
custom_lu,multiple_rhs,random_dense,16,8,after_multiple_rhs_problem_setup,2097984,2.00079
custom_lu,multiple_rhs,random_dense,16,8,before_custom_multiple_rhs_benchmark,2097984,2.00079
custom_lu,multiple_rhs,random_dense,16,8,after_custom_multiple_rhs_benchmark,2097984,2.00079
custom_lu,multiple_rhs,random_dense,16,8,before_custom_multiple_rhs_benchmark,2097984,2.00079
custom_lu,multiple_rhs,random_dense,16,8,after_custom_multiple_rhs_benchmark,2097984,2.00079
custom_lu,multiple_rhs,random_dense,16,8,before_custom_multiple_rhs_benchmark,2097984,2.00079
custom_lu,multiple_rhs,random_dense,16,8,after_custom_multiple_rhs_benchmark,2097984,2.00079
custom_lu,multiple_rhs,random_dense,16,8,before_custom_multiple_rhs_benchmark,2097984,2.00079
custom_lu,multiple_rhs,random_dense,16,8,after_custom_multiple_rhs_benchmark,2097984,2.00079
custom_lu,multiple_rhs,random_dense,16,8,before_custom_multiple_rhs_benchmark,2097984,2.00079
custom_lu,multiple_rhs,random_dense,16,8,after_custom_multiple_rhs_benchmark,2097984,2.00079
custom_lu,multiple_rhs,random_dense,16,9,before_multiple_rhs_problem_setup,2097984,2.00079
custom_lu,multiple_rhs,random_dense,16,9,after_multiple_rhs_problem_setup,2097984,2.00079
custom_lu,multiple_rhs,random_dense,16,9,before_custom_multiple_rhs_benchmark,2097984,2.00079
custom_lu,multiple_rhs,random_dense,16,9,after_custom_multiple_rhs_benchmark,2097984,2.00079
custom_lu,multiple_rhs,random_dense,16,9,before_custom_multiple_rhs_benchmark,2097984,2.00079
custom_lu,multiple_rhs,random_dense,16,9,after_custom_multiple_rhs_benchmark,2097984,2.00079
custom_lu,multiple_rhs,random_dense,16,9,before_custom_multiple_rhs_benchmark,2097984,2.00079
custom_lu,multiple_rhs,random_dense,16,9,after_custom_multiple_rhs_benchmark,2097984,2.00079
custom_lu,multiple_rhs,random_dense,16,9,before_custom_multiple_rhs_benchmark,2097984,2.00079
custom_lu,multiple_rhs,random_dense,16,9,after_custom_multiple_rhs_benchmark,2097984,2.00079
custom_lu,multiple_rhs,random_dense,16,9,before_custom_multiple_rhs_benchmark,2097984,2.00079
custom_lu,multiple_rhs,random_dense,16,9,after_custom_multiple_rhs_benchmark,2097984,2.00079
custom_lu,multiple_rhs,random_dense,16,10,before_multiple_rhs_problem_setup,2097984,2.00079
custom_lu,multiple_rhs,random_dense,16,10,after_multiple_rhs_problem_setup,2097984,2.00079
custom_lu,multiple_rhs,random_dense,16,10,before_custom_multiple_rhs_benchmark,2097984,2.00079
custom_lu,multiple_rhs,random_dense,16,10,after_custom_multiple_rhs_benchmark,2097984,2.00079
custom_lu,multiple_rhs,random_dense,16,10,before_custom_multiple_rhs_benchmark,2097984,2.00079
custom_lu,multiple_rhs,random_dense,16,10,after_custom_multiple_rhs_benchmark,2097984,2.00079
custom_lu,multiple_rhs,random_dense,16,10,before_custom_multiple_rhs_benchmark,2097984,2.00079
custom_lu,multiple_rhs,random_dense,16,10,after_custom_multiple_rhs_benchmark,2114368,2.01642
custom_lu,multiple_rhs,random_dense,16,10,before_custom_multiple_rhs_benchmark,2114368,2.01642
custom_lu,multiple_rhs,random_dense,16,10,after_custom_multiple_rhs_benchmark,2114368,2.01642
custom_lu,multiple_rhs,random_dense,16,10,before_custom_multiple_rhs_benchmark,2114368,2.01642
custom_lu,multiple_rhs,random_dense,16,10,after_custom_multiple_rhs_benchmark,2114368,2.01642
custom_lu,multiple_rhs,random_dense,16,11,before_multiple_rhs_problem_setup,2114368,2.01642
custom_lu,multiple_rhs,random_dense,16,11,after_multiple_rhs_problem_setup,2114368,2.01642
custom_lu,multiple_rhs,random_dense,16,11,before_custom_multiple_rhs_benchmark,2114368,2.01642
custom_lu,multiple_rhs,random_dense,16,11,after_custom_multiple_rhs_benchmark,2114368,2.01642
custom_lu,multiple_rhs,random_dense,16,11,before_custom_multiple_rhs_benchmark,2114368,2.01642
custom_lu,multiple_rhs,random_dense,16,11,after_custom_multiple_rhs_benchmark,2114368,2.01642
custom_lu,multiple_rhs,random_dense,16,11,before_custom_multiple_rhs_benchmark,2114368,2.01642
custom_lu,multiple_rhs,random_dense,16,11,after_custom_multiple_rhs_benchmark,2114368,2.01642
custom_lu,multiple_rhs,random_dense,16,11,before_custom_multiple_rhs_benchmark,2114368,2.01642
custom_lu,multiple_rhs,random_dense,16,11,after_custom_multiple_rhs_benchmark,2114368,2.01642
custom_lu,multiple_rhs,random_dense,16,11,before_custom_multiple_rhs_benchmark,2114368,2.01642
custom_lu,multiple_rhs,random_dense,16,11,after_custom_multiple_rhs_benchmark,2114368,2.01642
custom_lu,multiple_rhs,random_dense,16,12,before_multiple_rhs_problem_setup,2114368,2.01642
custom_lu,multiple_rhs,random_dense,16,12,after_multiple_rhs_problem_setup,2114368,2.01642
custom_lu,multiple_rhs,random_dense,16,12,before_custom_multiple_rhs_benchmark,2114368,2.01642
custom_lu,multiple_rhs,random_dense,16,12,after_custom_multiple_rhs_benchmark,2114368,2.01642
custom_lu,multiple_rhs,random_dense,16,12,before_custom_multiple_rhs_benchmark,2114368,2.01642
custom_lu,multiple_rhs,random_dense,16,12,after_custom_multiple_rhs_benchmark,2114368,2.01642
custom_lu,multiple_rhs,random_dense,16,12,before_custom_multiple_rhs_benchmark,2114368,2.01642
custom_lu,multiple_rhs,random_dense,16,12,after_custom_multiple_rhs_benchmark,2114368,2.01642
custom_lu,multiple_rhs,random_dense,16,12,before_custom_multiple_rhs_benchmark,2114368,2.01642
custom_lu,multiple_rhs,random_dense,16,12,after_custom_multiple_rhs_benchmark,2114368,2.01642
custom_lu,multiple_rhs,random_dense,16,12,before_custom_multiple_rhs_benchmark,2114368,2.01642
custom_lu,multiple_rhs,random_dense,16,12,after_custom_multiple_rhs_benchmark,2114368,2.01642
custom_lu,multiple_rhs,random_dense,16,13,before_multiple_rhs_problem_setup,2114368,2.01642
custom_lu,multiple_rhs,random_dense,16,13,after_multiple_rhs_problem_setup,2114368,2.01642
custom_lu,multiple_rhs,random_dense,16,13,before_custom_multiple_rhs_benchmark,2114368,2.01642
custom_lu,multiple_rhs,random_dense,16,13,after_custom_multiple_rhs_benchmark,2114368,2.01642
custom_lu,multiple_rhs,random_dense,16,13,before_custom_multiple_rhs_benchmark,2114368,2.01642
custom_lu,multiple_rhs,random_dense,16,13,after_custom_multiple_rhs_benchmark,2114368,2.01642
custom_lu,multiple_rhs,random_dense,16,13,before_custom_multiple_rhs_benchmark,2114368,2.01642
custom_lu,multiple_rhs,random_dense,16,13,after_custom_multiple_rhs_benchmark,2114368,2.01642
custom_lu,multiple_rhs,random_dense,16,13,before_custom_multiple_rhs_benchmark,2114368,2.01642
custom_lu,multiple_rhs,random_dense,16,13,after_custom_multiple_rhs_benchmark,2114368,2.01642
custom_lu,multiple_rhs,random_dense,16,13,before_custom_multiple_rhs_benchmark,2114368,2.01642
custom_lu,multiple_rhs,random_dense,16,13,after_custom_multiple_rhs_benchmark,2114368,2.01642
custom_lu,multiple_rhs,random_dense,16,14,before_multiple_rhs_problem_setup,2114368,2.01642
custom_lu,multiple_rhs,random_dense,16,14,after_multiple_rhs_problem_setup,2114368,2.01642
custom_lu,multiple_rhs,random_dense,16,14,before_custom_multiple_rhs_benchmark,2114368,2.01642
custom_lu,multiple_rhs,random_dense,16,14,after_custom_multiple_rhs_benchmark,2114368,2.01642
custom_lu,multiple_rhs,random_dense,16,14,before_custom_multiple_rhs_benchmark,2114368,2.01642
custom_lu,multiple_rhs,random_dense,16,14,after_custom_multiple_rhs_benchmark,2114368,2.01642
custom_lu,multiple_rhs,random_dense,16,14,before_custom_multiple_rhs_benchmark,2114368,2.01642
custom_lu,multiple_rhs,random_dense,16,14,after_custom_multiple_rhs_benchmark,2114368,2.01642
custom_lu,multiple_rhs,random_dense,16,14,before_custom_multiple_rhs_benchmark,2114368,2.01642
custom_lu,multiple_rhs,random_dense,16,14,after_custom_multiple_rhs_benchmark,2114368,2.01642
custom_lu,multiple_rhs,random_dense,16,14,before_custom_multiple_rhs_benchmark,2114368,2.01642
custom_lu,multiple_rhs,random_dense,16,14,after_custom_multiple_rhs_benchmark,2114368,2.01642
custom_lu,multiple_rhs,diagonally_dominant,16,0,before_multiple_rhs_problem_setup,2114368,2.01642
custom_lu,multiple_rhs,diagonally_dominant,16,0,after_multiple_rhs_problem_setup,2114368,2.01642
custom_lu,multiple_rhs,diagonally_dominant,16,0,before_custom_multiple_rhs_benchmark,2114368,2.01642
custom_lu,multiple_rhs,diagonally_dominant,16,0,after_custom_multiple_rhs_benchmark,2114368,2.01642
custom_lu,multiple_rhs,diagonally_dominant,16,0,before_custom_multiple_rhs_benchmark,2114368,2.01642
custom_lu,multiple_rhs,diagonally_dominant,16,0,after_custom_multiple_rhs_benchmark,2114368,2.01642
custom_lu,multiple_rhs,diagonally_dominant,16,0,before_custom_multiple_rhs_benchmark,2114368,2.01642
custom_lu,multiple_rhs,diagonally_dominant,16,0,after_custom_multiple_rhs_benchmark,2114368,2.01642
custom_lu,multiple_rhs,diagonally_dominant,16,0,before_custom_multiple_rhs_benchmark,2114368,2.01642
custom_lu,multiple_rhs,diagonally_dominant,16,0,after_custom_multiple_rhs_benchmark,2114368,2.01642
custom_lu,multiple_rhs,diagonally_dominant,16,0,before_custom_multiple_rhs_benchmark,2114368,2.01642
custom_lu,multiple_rhs,diagonally_dominant,16,0,after_custom_multiple_rhs_benchmark,2114368,2.01642
custom_lu,multiple_rhs,diagonally_dominant,16,1,before_multiple_rhs_problem_setup,2114368,2.01642
custom_lu,multiple_rhs,diagonally_dominant,16,1,after_multiple_rhs_problem_setup,2114368,2.01642
custom_lu,multiple_rhs,diagonally_dominant,16,1,before_custom_multiple_rhs_benchmark,2114368,2.01642
custom_lu,multiple_rhs,diagonally_dominant,16,1,after_custom_multiple_rhs_benchmark,2114368,2.01642
custom_lu,multiple_rhs,diagonally_dominant,16,1,before_custom_multiple_rhs_benchmark,2114368,2.01642
custom_lu,multiple_rhs,diagonally_dominant,16,1,after_custom_multiple_rhs_benchmark,2114368,2.01642
custom_lu,multiple_rhs,diagonally_dominant,16,1,before_custom_multiple_rhs_benchmark,2114368,2.01642
custom_lu,multiple_rhs,diagonally_dominant,16,1,after_custom_multiple_rhs_benchmark,2114368,2.01642
custom_lu,multiple_rhs,diagonally_dominant,16,1,before_custom_multiple_rhs_benchmark,2114368,2.01642
custom_lu,multiple_rhs,diagonally_dominant,16,1,after_custom_multiple_rhs_benchmark,2114368,2.01642
custom_lu,multiple_rhs,diagonally_dominant,16,1,before_custom_multiple_rhs_benchmark,2114368,2.01642
custom_lu,multiple_rhs,diagonally_dominant,16,1,after_custom_multiple_rhs_benchmark,2114368,2.01642
custom_lu,multiple_rhs,diagonally_dominant,16,2,before_multiple_rhs_problem_setup,2114368,2.01642
custom_lu,multiple_rhs,diagonally_dominant,16,2,after_multiple_rhs_problem_setup,2114368,2.01642
custom_lu,multiple_rhs,diagonally_dominant,16,2,before_custom_multiple_rhs_benchmark,2114368,2.01642
custom_lu,multiple_rhs,diagonally_dominant,16,2,after_custom_multiple_rhs_benchmark,2114368,2.01642
custom_lu,multiple_rhs,diagonally_dominant,16,2,before_custom_multiple_rhs_benchmark,2114368,2.01642
custom_lu,multiple_rhs,diagonally_dominant,16,2,after_custom_multiple_rhs_benchmark,2114368,2.01642
custom_lu,multiple_rhs,diagonally_dominant,16,2,before_custom_multiple_rhs_benchmark,2114368,2.01642
custom_lu,multiple_rhs,diagonally_dominant,16,2,after_custom_multiple_rhs_benchmark,2114368,2.01642
custom_lu,multiple_rhs,diagonally_dominant,16,2,before_custom_multiple_rhs_benchmark,2114368,2.01642
custom_lu,multiple_rhs,diagonally_dominant,16,2,after_custom_multiple_rhs_benchmark,2114368,2.01642
custom_lu,multiple_rhs,diagonally_dominant,16,2,before_custom_multiple_rhs_benchmark,2114368,2.01642
custom_lu,multiple_rhs,diagonally_dominant,16,2,after_custom_multiple_rhs_benchmark,2114368,2.01642
custom_lu,multiple_rhs,diagonally_dominant,16,3,before_multiple_rhs_problem_setup,2114368,2.01642
custom_lu,multiple_rhs,diagonally_dominant,16,3,after_multiple_rhs_problem_setup,2114368,2.01642
custom_lu,multiple_rhs,diagonally_dominant,16,3,before_custom_multiple_rhs_benchmark,2114368,2.01642
custom_lu,multiple_rhs,diagonally_dominant,16,3,after_custom_multiple_rhs_benchmark,2114368,2.01642
custom_lu,multiple_rhs,diagonally_dominant,16,3,before_custom_multiple_rhs_benchmark,2114368,2.01642
custom_lu,multiple_rhs,diagonally_dominant,16,3,after_custom_multiple_rhs_benchmark,2114368,2.01642
custom_lu,multiple_rhs,diagonally_dominant,16,3,before_custom_multiple_rhs_benchmark,2114368,2.01642
custom_lu,multiple_rhs,diagonally_dominant,16,3,after_custom_multiple_rhs_benchmark,2114368,2.01642
custom_lu,multiple_rhs,diagonally_dominant,16,3,before_custom_multiple_rhs_benchmark,2114368,2.01642
custom_lu,multiple_rhs,diagonally_dominant,16,3,after_custom_multiple_rhs_benchmark,2114368,2.01642
custom_lu,multiple_rhs,diagonally_dominant,16,3,before_custom_multiple_rhs_benchmark,2114368,2.01642
custom_lu,multiple_rhs,diagonally_dominant,16,3,after_custom_multiple_rhs_benchmark,2114368,2.01642
custom_lu,multiple_rhs,diagonally_dominant,16,4,before_multiple_rhs_problem_setup,2114368,2.01642
custom_lu,multiple_rhs,diagonally_dominant,16,4,after_multiple_rhs_problem_setup,2114368,2.01642
custom_lu,multiple_rhs,diagonally_dominant,16,4,before_custom_multiple_rhs_benchmark,2114368,2.01642
custom_lu,multiple_rhs,diagonally_dominant,16,4,after_custom_multiple_rhs_benchmark,2114368,2.01642
custom_lu,multiple_rhs,diagonally_dominant,16,4,before_custom_multiple_rhs_benchmark,2114368,2.01642
custom_lu,multiple_rhs,diagonally_dominant,16,4,after_custom_multiple_rhs_benchmark,2114368,2.01642
custom_lu,multiple_rhs,diagonally_dominant,16,4,before_custom_multiple_rhs_benchmark,2114368,2.01642
custom_lu,multiple_rhs,diagonally_dominant,16,4,after_custom_multiple_rhs_benchmark,2114368,2.01642
custom_lu,multiple_rhs,diagonally_dominant,16,4,before_custom_multiple_rhs_benchmark,2114368,2.01642
custom_lu,multiple_rhs,diagonally_dominant,16,4,after_custom_multiple_rhs_benchmark,2114368,2.01642
custom_lu,multiple_rhs,diagonally_dominant,16,4,before_custom_multiple_rhs_benchmark,2114368,2.01642
custom_lu,multiple_rhs,diagonally_dominant,16,4,after_custom_multiple_rhs_benchmark,2114368,2.01642
custom_lu,multiple_rhs,diagonally_dominant,16,5,before_multiple_rhs_problem_setup,2114368,2.01642
custom_lu,multiple_rhs,diagonally_dominant,16,5,after_multiple_rhs_problem_setup,2114368,2.01642
custom_lu,multiple_rhs,diagonally_dominant,16,5,before_custom_multiple_rhs_benchmark,2114368,2.01642
custom_lu,multiple_rhs,diagonally_dominant,16,5,after_custom_multiple_rhs_benchmark,2114368,2.01642
custom_lu,multiple_rhs,diagonally_dominant,16,5,before_custom_multiple_rhs_benchmark,2114368,2.01642
custom_lu,multiple_rhs,diagonally_dominant,16,5,after_custom_multiple_rhs_benchmark,2114368,2.01642
custom_lu,multiple_rhs,diagonally_dominant,16,5,before_custom_multiple_rhs_benchmark,2114368,2.01642
custom_lu,multiple_rhs,diagonally_dominant,16,5,after_custom_multiple_rhs_benchmark,2114368,2.01642
custom_lu,multiple_rhs,diagonally_dominant,16,5,before_custom_multiple_rhs_benchmark,2114368,2.01642
custom_lu,multiple_rhs,diagonally_dominant,16,5,after_custom_multiple_rhs_benchmark,2114368,2.01642
custom_lu,multiple_rhs,diagonally_dominant,16,5,before_custom_multiple_rhs_benchmark,2114368,2.01642
custom_lu,multiple_rhs,diagonally_dominant,16,5,after_custom_multiple_rhs_benchmark,2114368,2.01642
custom_lu,multiple_rhs,diagonally_dominant,16,6,before_multiple_rhs_problem_setup,2114368,2.01642
custom_lu,multiple_rhs,diagonally_dominant,16,6,after_multiple_rhs_problem_setup,2114368,2.01642
custom_lu,multiple_rhs,diagonally_dominant,16,6,before_custom_multiple_rhs_benchmark,2114368,2.01642
custom_lu,multiple_rhs,diagonally_dominant,16,6,after_custom_multiple_rhs_benchmark,2114368,2.01642
custom_lu,multiple_rhs,diagonally_dominant,16,6,before_custom_multiple_rhs_benchmark,2114368,2.01642
custom_lu,multiple_rhs,diagonally_dominant,16,6,after_custom_multiple_rhs_benchmark,2114368,2.01642
custom_lu,multiple_rhs,diagonally_dominant,16,6,before_custom_multiple_rhs_benchmark,2114368,2.01642
custom_lu,multiple_rhs,diagonally_dominant,16,6,after_custom_multiple_rhs_benchmark,2114368,2.01642
custom_lu,multiple_rhs,diagonally_dominant,16,6,before_custom_multiple_rhs_benchmark,2114368,2.01642
custom_lu,multiple_rhs,diagonally_dominant,16,6,after_custom_multiple_rhs_benchmark,2114368,2.01642
custom_lu,multiple_rhs,diagonally_dominant,16,6,before_custom_multiple_rhs_benchmark,2114368,2.01642
custom_lu,multiple_rhs,diagonally_dominant,16,6,after_custom_multiple_rhs_benchmark,2114368,2.01642
custom_lu,multiple_rhs,diagonally_dominant,16,7,before_multiple_rhs_problem_setup,2114368,2.01642
custom_lu,multiple_rhs,diagonally_dominant,16,7,after_multiple_rhs_problem_setup,2114368,2.01642
custom_lu,multiple_rhs,diagonally_dominant,16,7,before_custom_multiple_rhs_benchmark,2114368,2.01642
custom_lu,multiple_rhs,diagonally_dominant,16,7,after_custom_multiple_rhs_benchmark,2114368,2.01642
custom_lu,multiple_rhs,diagonally_dominant,16,7,before_custom_multiple_rhs_benchmark,2114368,2.01642
custom_lu,multiple_rhs,diagonally_dominant,16,7,after_custom_multiple_rhs_benchmark,2114368,2.01642
custom_lu,multiple_rhs,diagonally_dominant,16,7,before_custom_multiple_rhs_benchmark,2114368,2.01642
custom_lu,multiple_rhs,diagonally_dominant,16,7,after_custom_multiple_rhs_benchmark,2114368,2.01642
custom_lu,multiple_rhs,diagonally_dominant,16,7,before_custom_multiple_rhs_benchmark,2114368,2.01642
custom_lu,multiple_rhs,diagonally_dominant,16,7,after_custom_multiple_rhs_benchmark,2114368,2.01642
custom_lu,multiple_rhs,diagonally_dominant,16,7,before_custom_multiple_rhs_benchmark,2114368,2.01642
custom_lu,multiple_rhs,diagonally_dominant,16,7,after_custom_multiple_rhs_benchmark,2114368,2.01642
custom_lu,multiple_rhs,diagonally_dominant,16,8,before_multiple_rhs_problem_setup,2114368,2.01642
custom_lu,multiple_rhs,diagonally_dominant,16,8,after_multiple_rhs_problem_setup,2114368,2.01642
custom_lu,multiple_rhs,diagonally_dominant,16,8,before_custom_multiple_rhs_benchmark,2114368,2.01642
custom_lu,multiple_rhs,diagonally_dominant,16,8,after_custom_multiple_rhs_benchmark,2114368,2.01642
custom_lu,multiple_rhs,diagonally_dominant,16,8,before_custom_multiple_rhs_benchmark,2114368,2.01642
custom_lu,multiple_rhs,diagonally_dominant,16,8,after_custom_multiple_rhs_benchmark,2114368,2.01642
custom_lu,multiple_rhs,diagonally_dominant,16,8,before_custom_multiple_rhs_benchmark,2114368,2.01642
custom_lu,multiple_rhs,diagonally_dominant,16,8,after_custom_multiple_rhs_benchmark,2114368,2.01642
custom_lu,multiple_rhs,diagonally_dominant,16,8,before_custom_multiple_rhs_benchmark,2114368,2.01642
custom_lu,multiple_rhs,diagonally_dominant,16,8,after_custom_multiple_rhs_benchmark,2114368,2.01642
custom_lu,multiple_rhs,diagonally_dominant,16,8,before_custom_multiple_rhs_benchmark,2114368,2.01642
custom_lu,multiple_rhs,diagonally_dominant,16,8,after_custom_multiple_rhs_benchmark,2114368,2.01642
custom_lu,multiple_rhs,diagonally_dominant,16,9,before_multiple_rhs_problem_setup,2114368,2.01642
custom_lu,multiple_rhs,diagonally_dominant,16,9,after_multiple_rhs_problem_setup,2114368,2.01642
custom_lu,multiple_rhs,diagonally_dominant,16,9,before_custom_multiple_rhs_benchmark,2114368,2.01642
custom_lu,multiple_rhs,diagonally_dominant,16,9,after_custom_multiple_rhs_benchmark,2114368,2.01642
custom_lu,multiple_rhs,diagonally_dominant,16,9,before_custom_multiple_rhs_benchmark,2114368,2.01642
custom_lu,multiple_rhs,diagonally_dominant,16,9,after_custom_multiple_rhs_benchmark,2114368,2.01642
custom_lu,multiple_rhs,diagonally_dominant,16,9,before_custom_multiple_rhs_benchmark,2114368,2.01642
custom_lu,multiple_rhs,diagonally_dominant,16,9,after_custom_multiple_rhs_benchmark,2114368,2.01642
custom_lu,multiple_rhs,diagonally_dominant,16,9,before_custom_multiple_rhs_benchmark,2114368,2.01642
custom_lu,multiple_rhs,diagonally_dominant,16,9,after_custom_multiple_rhs_benchmark,2114368,2.01642
custom_lu,multiple_rhs,diagonally_dominant,16,9,before_custom_multiple_rhs_benchmark,2114368,2.01642
custom_lu,multiple_rhs,diagonally_dominant,16,9,after_custom_multiple_rhs_benchmark,2114368,2.01642
custom_lu,multiple_rhs,diagonally_dominant,16,10,before_multiple_rhs_problem_setup,2114368,2.01642
custom_lu,multiple_rhs,diagonally_dominant,16,10,after_multiple_rhs_problem_setup,2114368,2.01642
custom_lu,multiple_rhs,diagonally_dominant,16,10,before_custom_multiple_rhs_benchmark,2114368,2.01642
custom_lu,multiple_rhs,diagonally_dominant,16,10,after_custom_multiple_rhs_benchmark,2114368,2.01642
custom_lu,multiple_rhs,diagonally_dominant,16,10,before_custom_multiple_rhs_benchmark,2114368,2.01642
custom_lu,multiple_rhs,diagonally_dominant,16,10,after_custom_multiple_rhs_benchmark,2114368,2.01642
custom_lu,multiple_rhs,diagonally_dominant,16,10,before_custom_multiple_rhs_benchmark,2114368,2.01642
custom_lu,multiple_rhs,diagonally_dominant,16,10,after_custom_multiple_rhs_benchmark,2114368,2.01642
custom_lu,multiple_rhs,diagonally_dominant,16,10,before_custom_multiple_rhs_benchmark,2114368,2.01642
custom_lu,multiple_rhs,diagonally_dominant,16,10,after_custom_multiple_rhs_benchmark,2114368,2.01642
custom_lu,multiple_rhs,diagonally_dominant,16,10,before_custom_multiple_rhs_benchmark,2114368,2.01642
custom_lu,multiple_rhs,diagonally_dominant,16,10,after_custom_multiple_rhs_benchmark,2114368,2.01642
custom_lu,multiple_rhs,diagonally_dominant,16,11,before_multiple_rhs_problem_setup,2114368,2.01642
custom_lu,multiple_rhs,diagonally_dominant,16,11,after_multiple_rhs_problem_setup,2114368,2.01642
custom_lu,multiple_rhs,diagonally_dominant,16,11,before_custom_multiple_rhs_benchmark,2114368,2.01642
custom_lu,multiple_rhs,diagonally_dominant,16,11,after_custom_multiple_rhs_benchmark,2114368,2.01642
custom_lu,multiple_rhs,diagonally_dominant,16,11,before_custom_multiple_rhs_benchmark,2114368,2.01642
custom_lu,multiple_rhs,diagonally_dominant,16,11,after_custom_multiple_rhs_benchmark,2114368,2.01642
custom_lu,multiple_rhs,diagonally_dominant,16,11,before_custom_multiple_rhs_benchmark,2114368,2.01642
custom_lu,multiple_rhs,diagonally_dominant,16,11,after_custom_multiple_rhs_benchmark,2114368,2.01642
custom_lu,multiple_rhs,diagonally_dominant,16,11,before_custom_multiple_rhs_benchmark,2114368,2.01642
custom_lu,multiple_rhs,diagonally_dominant,16,11,after_custom_multiple_rhs_benchmark,2114368,2.01642
custom_lu,multiple_rhs,diagonally_dominant,16,11,before_custom_multiple_rhs_benchmark,2114368,2.01642
custom_lu,multiple_rhs,diagonally_dominant,16,11,after_custom_multiple_rhs_benchmark,2114368,2.01642
custom_lu,multiple_rhs,diagonally_dominant,16,12,before_multiple_rhs_problem_setup,2114368,2.01642
custom_lu,multiple_rhs,diagonally_dominant,16,12,after_multiple_rhs_problem_setup,2114368,2.01642
custom_lu,multiple_rhs,diagonally_dominant,16,12,before_custom_multiple_rhs_benchmark,2114368,2.01642
custom_lu,multiple_rhs,diagonally_dominant,16,12,after_custom_multiple_rhs_benchmark,2114368,2.01642
custom_lu,multiple_rhs,diagonally_dominant,16,12,before_custom_multiple_rhs_benchmark,2114368,2.01642
custom_lu,multiple_rhs,diagonally_dominant,16,12,after_custom_multiple_rhs_benchmark,2114368,2.01642
custom_lu,multiple_rhs,diagonally_dominant,16,12,before_custom_multiple_rhs_benchmark,2114368,2.01642
custom_lu,multiple_rhs,diagonally_dominant,16,12,after_custom_multiple_rhs_benchmark,2114368,2.01642
custom_lu,multiple_rhs,diagonally_dominant,16,12,before_custom_multiple_rhs_benchmark,2114368,2.01642
custom_lu,multiple_rhs,diagonally_dominant,16,12,after_custom_multiple_rhs_benchmark,2114368,2.01642
custom_lu,multiple_rhs,diagonally_dominant,16,12,before_custom_multiple_rhs_benchmark,2114368,2.01642
custom_lu,multiple_rhs,diagonally_dominant,16,12,after_custom_multiple_rhs_benchmark,2114368,2.01642
custom_lu,multiple_rhs,diagonally_dominant,16,13,before_multiple_rhs_problem_setup,2114368,2.01642
custom_lu,multiple_rhs,diagonally_dominant,16,13,after_multiple_rhs_problem_setup,2114368,2.01642
custom_lu,multiple_rhs,diagonally_dominant,16,13,before_custom_multiple_rhs_benchmark,2114368,2.01642
custom_lu,multiple_rhs,diagonally_dominant,16,13,after_custom_multiple_rhs_benchmark,2114368,2.01642
custom_lu,multiple_rhs,diagonally_dominant,16,13,before_custom_multiple_rhs_benchmark,2114368,2.01642
custom_lu,multiple_rhs,diagonally_dominant,16,13,after_custom_multiple_rhs_benchmark,2114368,2.01642
custom_lu,multiple_rhs,diagonally_dominant,16,13,before_custom_multiple_rhs_benchmark,2114368,2.01642
custom_lu,multiple_rhs,diagonally_dominant,16,13,after_custom_multiple_rhs_benchmark,2114368,2.01642
custom_lu,multiple_rhs,diagonally_dominant,16,13,before_custom_multiple_rhs_benchmark,2114368,2.01642
custom_lu,multiple_rhs,diagonally_dominant,16,13,after_custom_multiple_rhs_benchmark,2114368,2.01642
custom_lu,multiple_rhs,diagonally_dominant,16,13,before_custom_multiple_rhs_benchmark,2114368,2.01642
custom_lu,multiple_rhs,diagonally_dominant,16,13,after_custom_multiple_rhs_benchmark,2114368,2.01642
custom_lu,multiple_rhs,diagonally_dominant,16,14,before_multiple_rhs_problem_setup,2114368,2.01642
custom_lu,multiple_rhs,diagonally_dominant,16,14,after_multiple_rhs_problem_setup,2114368,2.01642
custom_lu,multiple_rhs,diagonally_dominant,16,14,before_custom_multiple_rhs_benchmark,2114368,2.01642
custom_lu,multiple_rhs,diagonally_dominant,16,14,after_custom_multiple_rhs_benchmark,2114368,2.01642
custom_lu,multiple_rhs,diagonally_dominant,16,14,before_custom_multiple_rhs_benchmark,2114368,2.01642
custom_lu,multiple_rhs,diagonally_dominant,16,14,after_custom_multiple_rhs_benchmark,2114368,2.01642
custom_lu,multiple_rhs,diagonally_dominant,16,14,before_custom_multiple_rhs_benchmark,2114368,2.01642
custom_lu,multiple_rhs,diagonally_dominant,16,14,after_custom_multiple_rhs_benchmark,2114368,2.01642
custom_lu,multiple_rhs,diagonally_dominant,16,14,before_custom_multiple_rhs_benchmark,2114368,2.01642
custom_lu,multiple_rhs,diagonally_dominant,16,14,after_custom_multiple_rhs_benchmark,2114368,2.01642
custom_lu,multiple_rhs,diagonally_dominant,16,14,before_custom_multiple_rhs_benchmark,2114368,2.01642
custom_lu,multiple_rhs,diagonally_dominant,16,14,after_custom_multiple_rhs_benchmark,2114368,2.01642
custom_lu,multiple_rhs,random_dense,32,0,before_multiple_rhs_problem_setup,2114368,2.01642
custom_lu,multiple_rhs,random_dense,32,0,after_multiple_rhs_problem_setup,2114368,2.01642
custom_lu,multiple_rhs,random_dense,32,0,before_custom_multiple_rhs_benchmark,2114368,2.01642
custom_lu,multiple_rhs,random_dense,32,0,after_custom_multiple_rhs_benchmark,2114368,2.01642
custom_lu,multiple_rhs,random_dense,32,0,before_custom_multiple_rhs_benchmark,2114368,2.01642
custom_lu,multiple_rhs,random_dense,32,0,after_custom_multiple_rhs_benchmark,2114368,2.01642
custom_lu,multiple_rhs,random_dense,32,0,before_custom_multiple_rhs_benchmark,2114368,2.01642
custom_lu,multiple_rhs,random_dense,32,0,after_custom_multiple_rhs_benchmark,2114368,2.01642
custom_lu,multiple_rhs,random_dense,32,0,before_custom_multiple_rhs_benchmark,2114368,2.01642
custom_lu,multiple_rhs,random_dense,32,0,after_custom_multiple_rhs_benchmark,2114368,2.01642
custom_lu,multiple_rhs,random_dense,32,0,before_custom_multiple_rhs_benchmark,2114368,2.01642
custom_lu,multiple_rhs,random_dense,32,0,after_custom_multiple_rhs_benchmark,2114368,2.01642
custom_lu,multiple_rhs,random_dense,32,1,before_multiple_rhs_problem_setup,2114368,2.01642
custom_lu,multiple_rhs,random_dense,32,1,after_multiple_rhs_problem_setup,2114368,2.01642
custom_lu,multiple_rhs,random_dense,32,1,before_custom_multiple_rhs_benchmark,2114368,2.01642
custom_lu,multiple_rhs,random_dense,32,1,after_custom_multiple_rhs_benchmark,2114368,2.01642
custom_lu,multiple_rhs,random_dense,32,1,before_custom_multiple_rhs_benchmark,2114368,2.01642
custom_lu,multiple_rhs,random_dense,32,1,after_custom_multiple_rhs_benchmark,2114368,2.01642
custom_lu,multiple_rhs,random_dense,32,1,before_custom_multiple_rhs_benchmark,2114368,2.01642
custom_lu,multiple_rhs,random_dense,32,1,after_custom_multiple_rhs_benchmark,2114368,2.01642
custom_lu,multiple_rhs,random_dense,32,1,before_custom_multiple_rhs_benchmark,2114368,2.01642
custom_lu,multiple_rhs,random_dense,32,1,after_custom_multiple_rhs_benchmark,2114368,2.01642
custom_lu,multiple_rhs,random_dense,32,1,before_custom_multiple_rhs_benchmark,2114368,2.01642
custom_lu,multiple_rhs,random_dense,32,1,after_custom_multiple_rhs_benchmark,2114368,2.01642
custom_lu,multiple_rhs,random_dense,32,2,before_multiple_rhs_problem_setup,2114368,2.01642
custom_lu,multiple_rhs,random_dense,32,2,after_multiple_rhs_problem_setup,2114368,2.01642
custom_lu,multiple_rhs,random_dense,32,2,before_custom_multiple_rhs_benchmark,2114368,2.01642
custom_lu,multiple_rhs,random_dense,32,2,after_custom_multiple_rhs_benchmark,2114368,2.01642
custom_lu,multiple_rhs,random_dense,32,2,before_custom_multiple_rhs_benchmark,2114368,2.01642
custom_lu,multiple_rhs,random_dense,32,2,after_custom_multiple_rhs_benchmark,2114368,2.01642
custom_lu,multiple_rhs,random_dense,32,2,before_custom_multiple_rhs_benchmark,2114368,2.01642
custom_lu,multiple_rhs,random_dense,32,2,after_custom_multiple_rhs_benchmark,2114368,2.01642
custom_lu,multiple_rhs,random_dense,32,2,before_custom_multiple_rhs_benchmark,2114368,2.01642
custom_lu,multiple_rhs,random_dense,32,2,after_custom_multiple_rhs_benchmark,2114368,2.01642
custom_lu,multiple_rhs,random_dense,32,2,before_custom_multiple_rhs_benchmark,2114368,2.01642
custom_lu,multiple_rhs,random_dense,32,2,after_custom_multiple_rhs_benchmark,2114368,2.01642
custom_lu,multiple_rhs,random_dense,32,3,before_multiple_rhs_problem_setup,2114368,2.01642
custom_lu,multiple_rhs,random_dense,32,3,after_multiple_rhs_problem_setup,2114368,2.01642
custom_lu,multiple_rhs,random_dense,32,3,before_custom_multiple_rhs_benchmark,2114368,2.01642
custom_lu,multiple_rhs,random_dense,32,3,after_custom_multiple_rhs_benchmark,2114368,2.01642
custom_lu,multiple_rhs,random_dense,32,3,before_custom_multiple_rhs_benchmark,2114368,2.01642
custom_lu,multiple_rhs,random_dense,32,3,after_custom_multiple_rhs_benchmark,2114368,2.01642
custom_lu,multiple_rhs,random_dense,32,3,before_custom_multiple_rhs_benchmark,2114368,2.01642
custom_lu,multiple_rhs,random_dense,32,3,after_custom_multiple_rhs_benchmark,2114368,2.01642
custom_lu,multiple_rhs,random_dense,32,3,before_custom_multiple_rhs_benchmark,2114368,2.01642
custom_lu,multiple_rhs,random_dense,32,3,after_custom_multiple_rhs_benchmark,2114368,2.01642
custom_lu,multiple_rhs,random_dense,32,3,before_custom_multiple_rhs_benchmark,2114368,2.01642
custom_lu,multiple_rhs,random_dense,32,3,after_custom_multiple_rhs_benchmark,2114368,2.01642
custom_lu,multiple_rhs,random_dense,32,4,before_multiple_rhs_problem_setup,2114368,2.01642
custom_lu,multiple_rhs,random_dense,32,4,after_multiple_rhs_problem_setup,2114368,2.01642
custom_lu,multiple_rhs,random_dense,32,4,before_custom_multiple_rhs_benchmark,2114368,2.01642
custom_lu,multiple_rhs,random_dense,32,4,after_custom_multiple_rhs_benchmark,2114368,2.01642
custom_lu,multiple_rhs,random_dense,32,4,before_custom_multiple_rhs_benchmark,2114368,2.01642
custom_lu,multiple_rhs,random_dense,32,4,after_custom_multiple_rhs_benchmark,2114368,2.01642
custom_lu,multiple_rhs,random_dense,32,4,before_custom_multiple_rhs_benchmark,2114368,2.01642
custom_lu,multiple_rhs,random_dense,32,4,after_custom_multiple_rhs_benchmark,2114368,2.01642
custom_lu,multiple_rhs,random_dense,32,4,before_custom_multiple_rhs_benchmark,2114368,2.01642
custom_lu,multiple_rhs,random_dense,32,4,after_custom_multiple_rhs_benchmark,2114368,2.01642
custom_lu,multiple_rhs,random_dense,32,4,before_custom_multiple_rhs_benchmark,2114368,2.01642
custom_lu,multiple_rhs,random_dense,32,4,after_custom_multiple_rhs_benchmark,2114368,2.01642
custom_lu,multiple_rhs,random_dense,32,5,before_multiple_rhs_problem_setup,2114368,2.01642
custom_lu,multiple_rhs,random_dense,32,5,after_multiple_rhs_problem_setup,2114368,2.01642
custom_lu,multiple_rhs,random_dense,32,5,before_custom_multiple_rhs_benchmark,2114368,2.01642
custom_lu,multiple_rhs,random_dense,32,5,after_custom_multiple_rhs_benchmark,2114368,2.01642
custom_lu,multiple_rhs,random_dense,32,5,before_custom_multiple_rhs_benchmark,2114368,2.01642
custom_lu,multiple_rhs,random_dense,32,5,after_custom_multiple_rhs_benchmark,2114368,2.01642
custom_lu,multiple_rhs,random_dense,32,5,before_custom_multiple_rhs_benchmark,2114368,2.01642
custom_lu,multiple_rhs,random_dense,32,5,after_custom_multiple_rhs_benchmark,2114368,2.01642
custom_lu,multiple_rhs,random_dense,32,5,before_custom_multiple_rhs_benchmark,2114368,2.01642
custom_lu,multiple_rhs,random_dense,32,5,after_custom_multiple_rhs_benchmark,2114368,2.01642
custom_lu,multiple_rhs,random_dense,32,5,before_custom_multiple_rhs_benchmark,2114368,2.01642
custom_lu,multiple_rhs,random_dense,32,5,after_custom_multiple_rhs_benchmark,2114368,2.01642
custom_lu,multiple_rhs,random_dense,32,6,before_multiple_rhs_problem_setup,2114368,2.01642
custom_lu,multiple_rhs,random_dense,32,6,after_multiple_rhs_problem_setup,2114368,2.01642
custom_lu,multiple_rhs,random_dense,32,6,before_custom_multiple_rhs_benchmark,2114368,2.01642
custom_lu,multiple_rhs,random_dense,32,6,after_custom_multiple_rhs_benchmark,2114368,2.01642
custom_lu,multiple_rhs,random_dense,32,6,before_custom_multiple_rhs_benchmark,2114368,2.01642
custom_lu,multiple_rhs,random_dense,32,6,after_custom_multiple_rhs_benchmark,2130752,2.03204
custom_lu,multiple_rhs,random_dense,32,6,before_custom_multiple_rhs_benchmark,2130752,2.03204
custom_lu,multiple_rhs,random_dense,32,6,after_custom_multiple_rhs_benchmark,2130752,2.03204
custom_lu,multiple_rhs,random_dense,32,6,before_custom_multiple_rhs_benchmark,2130752,2.03204
custom_lu,multiple_rhs,random_dense,32,6,after_custom_multiple_rhs_benchmark,2130752,2.03204
custom_lu,multiple_rhs,random_dense,32,6,before_custom_multiple_rhs_benchmark,2130752,2.03204
custom_lu,multiple_rhs,random_dense,32,6,after_custom_multiple_rhs_benchmark,2130752,2.03204
custom_lu,multiple_rhs,random_dense,32,7,before_multiple_rhs_problem_setup,2130752,2.03204
custom_lu,multiple_rhs,random_dense,32,7,after_multiple_rhs_problem_setup,2130752,2.03204
custom_lu,multiple_rhs,random_dense,32,7,before_custom_multiple_rhs_benchmark,2130752,2.03204
custom_lu,multiple_rhs,random_dense,32,7,after_custom_multiple_rhs_benchmark,2130752,2.03204
custom_lu,multiple_rhs,random_dense,32,7,before_custom_multiple_rhs_benchmark,2130752,2.03204
custom_lu,multiple_rhs,random_dense,32,7,after_custom_multiple_rhs_benchmark,2130752,2.03204
custom_lu,multiple_rhs,random_dense,32,7,before_custom_multiple_rhs_benchmark,2130752,2.03204
custom_lu,multiple_rhs,random_dense,32,7,after_custom_multiple_rhs_benchmark,2130752,2.03204
custom_lu,multiple_rhs,random_dense,32,7,before_custom_multiple_rhs_benchmark,2130752,2.03204
custom_lu,multiple_rhs,random_dense,32,7,after_custom_multiple_rhs_benchmark,2130752,2.03204
custom_lu,multiple_rhs,random_dense,32,7,before_custom_multiple_rhs_benchmark,2130752,2.03204
custom_lu,multiple_rhs,random_dense,32,7,after_custom_multiple_rhs_benchmark,2130752,2.03204
custom_lu,multiple_rhs,random_dense,32,8,before_multiple_rhs_problem_setup,2130752,2.03204
custom_lu,multiple_rhs,random_dense,32,8,after_multiple_rhs_problem_setup,2130752,2.03204
custom_lu,multiple_rhs,random_dense,32,8,before_custom_multiple_rhs_benchmark,2130752,2.03204
custom_lu,multiple_rhs,random_dense,32,8,after_custom_multiple_rhs_benchmark,2130752,2.03204
custom_lu,multiple_rhs,random_dense,32,8,before_custom_multiple_rhs_benchmark,2130752,2.03204
custom_lu,multiple_rhs,random_dense,32,8,after_custom_multiple_rhs_benchmark,2130752,2.03204
custom_lu,multiple_rhs,random_dense,32,8,before_custom_multiple_rhs_benchmark,2130752,2.03204
custom_lu,multiple_rhs,random_dense,32,8,after_custom_multiple_rhs_benchmark,2130752,2.03204
custom_lu,multiple_rhs,random_dense,32,8,before_custom_multiple_rhs_benchmark,2130752,2.03204
custom_lu,multiple_rhs,random_dense,32,8,after_custom_multiple_rhs_benchmark,2130752,2.03204
custom_lu,multiple_rhs,random_dense,32,8,before_custom_multiple_rhs_benchmark,2130752,2.03204
custom_lu,multiple_rhs,random_dense,32,8,after_custom_multiple_rhs_benchmark,2130752,2.03204
custom_lu,multiple_rhs,random_dense,32,9,before_multiple_rhs_problem_setup,2130752,2.03204
custom_lu,multiple_rhs,random_dense,32,9,after_multiple_rhs_problem_setup,2130752,2.03204
custom_lu,multiple_rhs,random_dense,32,9,before_custom_multiple_rhs_benchmark,2130752,2.03204
custom_lu,multiple_rhs,random_dense,32,9,after_custom_multiple_rhs_benchmark,2130752,2.03204
custom_lu,multiple_rhs,random_dense,32,9,before_custom_multiple_rhs_benchmark,2130752,2.03204
custom_lu,multiple_rhs,random_dense,32,9,after_custom_multiple_rhs_benchmark,2130752,2.03204
custom_lu,multiple_rhs,random_dense,32,9,before_custom_multiple_rhs_benchmark,2130752,2.03204
custom_lu,multiple_rhs,random_dense,32,9,after_custom_multiple_rhs_benchmark,2130752,2.03204
custom_lu,multiple_rhs,random_dense,32,9,before_custom_multiple_rhs_benchmark,2130752,2.03204
custom_lu,multiple_rhs,random_dense,32,9,after_custom_multiple_rhs_benchmark,2130752,2.03204
custom_lu,multiple_rhs,random_dense,32,9,before_custom_multiple_rhs_benchmark,2130752,2.03204
custom_lu,multiple_rhs,random_dense,32,9,after_custom_multiple_rhs_benchmark,2130752,2.03204
custom_lu,multiple_rhs,random_dense,32,10,before_multiple_rhs_problem_setup,2130752,2.03204
custom_lu,multiple_rhs,random_dense,32,10,after_multiple_rhs_problem_setup,2130752,2.03204
custom_lu,multiple_rhs,random_dense,32,10,before_custom_multiple_rhs_benchmark,2130752,2.03204
custom_lu,multiple_rhs,random_dense,32,10,after_custom_multiple_rhs_benchmark,2130752,2.03204
custom_lu,multiple_rhs,random_dense,32,10,before_custom_multiple_rhs_benchmark,2130752,2.03204
custom_lu,multiple_rhs,random_dense,32,10,after_custom_multiple_rhs_benchmark,2130752,2.03204
custom_lu,multiple_rhs,random_dense,32,10,before_custom_multiple_rhs_benchmark,2130752,2.03204
custom_lu,multiple_rhs,random_dense,32,10,after_custom_multiple_rhs_benchmark,2130752,2.03204
custom_lu,multiple_rhs,random_dense,32,10,before_custom_multiple_rhs_benchmark,2130752,2.03204
custom_lu,multiple_rhs,random_dense,32,10,after_custom_multiple_rhs_benchmark,2130752,2.03204
custom_lu,multiple_rhs,random_dense,32,10,before_custom_multiple_rhs_benchmark,2130752,2.03204
custom_lu,multiple_rhs,random_dense,32,10,after_custom_multiple_rhs_benchmark,2130752,2.03204
custom_lu,multiple_rhs,random_dense,32,11,before_multiple_rhs_problem_setup,2130752,2.03204
custom_lu,multiple_rhs,random_dense,32,11,after_multiple_rhs_problem_setup,2130752,2.03204
custom_lu,multiple_rhs,random_dense,32,11,before_custom_multiple_rhs_benchmark,2130752,2.03204
custom_lu,multiple_rhs,random_dense,32,11,after_custom_multiple_rhs_benchmark,2130752,2.03204
custom_lu,multiple_rhs,random_dense,32,11,before_custom_multiple_rhs_benchmark,2130752,2.03204
custom_lu,multiple_rhs,random_dense,32,11,after_custom_multiple_rhs_benchmark,2130752,2.03204
custom_lu,multiple_rhs,random_dense,32,11,before_custom_multiple_rhs_benchmark,2130752,2.03204
custom_lu,multiple_rhs,random_dense,32,11,after_custom_multiple_rhs_benchmark,2130752,2.03204
custom_lu,multiple_rhs,random_dense,32,11,before_custom_multiple_rhs_benchmark,2130752,2.03204
custom_lu,multiple_rhs,random_dense,32,11,after_custom_multiple_rhs_benchmark,2130752,2.03204
custom_lu,multiple_rhs,random_dense,32,11,before_custom_multiple_rhs_benchmark,2130752,2.03204
custom_lu,multiple_rhs,random_dense,32,11,after_custom_multiple_rhs_benchmark,2130752,2.03204
custom_lu,multiple_rhs,random_dense,32,12,before_multiple_rhs_problem_setup,2130752,2.03204
custom_lu,multiple_rhs,random_dense,32,12,after_multiple_rhs_problem_setup,2130752,2.03204
custom_lu,multiple_rhs,random_dense,32,12,before_custom_multiple_rhs_benchmark,2130752,2.03204
custom_lu,multiple_rhs,random_dense,32,12,after_custom_multiple_rhs_benchmark,2130752,2.03204
custom_lu,multiple_rhs,random_dense,32,12,before_custom_multiple_rhs_benchmark,2130752,2.03204
custom_lu,multiple_rhs,random_dense,32,12,after_custom_multiple_rhs_benchmark,2130752,2.03204
custom_lu,multiple_rhs,random_dense,32,12,before_custom_multiple_rhs_benchmark,2130752,2.03204
custom_lu,multiple_rhs,random_dense,32,12,after_custom_multiple_rhs_benchmark,2130752,2.03204
custom_lu,multiple_rhs,random_dense,32,12,before_custom_multiple_rhs_benchmark,2130752,2.03204
custom_lu,multiple_rhs,random_dense,32,12,after_custom_multiple_rhs_benchmark,2130752,2.03204
custom_lu,multiple_rhs,random_dense,32,12,before_custom_multiple_rhs_benchmark,2130752,2.03204
custom_lu,multiple_rhs,random_dense,32,12,after_custom_multiple_rhs_benchmark,2130752,2.03204
custom_lu,multiple_rhs,random_dense,32,13,before_multiple_rhs_problem_setup,2130752,2.03204
custom_lu,multiple_rhs,random_dense,32,13,after_multiple_rhs_problem_setup,2130752,2.03204
custom_lu,multiple_rhs,random_dense,32,13,before_custom_multiple_rhs_benchmark,2130752,2.03204
custom_lu,multiple_rhs,random_dense,32,13,after_custom_multiple_rhs_benchmark,2130752,2.03204
custom_lu,multiple_rhs,random_dense,32,13,before_custom_multiple_rhs_benchmark,2130752,2.03204
custom_lu,multiple_rhs,random_dense,32,13,after_custom_multiple_rhs_benchmark,2130752,2.03204
custom_lu,multiple_rhs,random_dense,32,13,before_custom_multiple_rhs_benchmark,2130752,2.03204
custom_lu,multiple_rhs,random_dense,32,13,after_custom_multiple_rhs_benchmark,2130752,2.03204
custom_lu,multiple_rhs,random_dense,32,13,before_custom_multiple_rhs_benchmark,2130752,2.03204
custom_lu,multiple_rhs,random_dense,32,13,after_custom_multiple_rhs_benchmark,2130752,2.03204
custom_lu,multiple_rhs,random_dense,32,13,before_custom_multiple_rhs_benchmark,2130752,2.03204
custom_lu,multiple_rhs,random_dense,32,13,after_custom_multiple_rhs_benchmark,2130752,2.03204
custom_lu,multiple_rhs,random_dense,32,14,before_multiple_rhs_problem_setup,2130752,2.03204
custom_lu,multiple_rhs,random_dense,32,14,after_multiple_rhs_problem_setup,2130752,2.03204
custom_lu,multiple_rhs,random_dense,32,14,before_custom_multiple_rhs_benchmark,2130752,2.03204
custom_lu,multiple_rhs,random_dense,32,14,after_custom_multiple_rhs_benchmark,2130752,2.03204
custom_lu,multiple_rhs,random_dense,32,14,before_custom_multiple_rhs_benchmark,2130752,2.03204
custom_lu,multiple_rhs,random_dense,32,14,after_custom_multiple_rhs_benchmark,2130752,2.03204
custom_lu,multiple_rhs,random_dense,32,14,before_custom_multiple_rhs_benchmark,2130752,2.03204
custom_lu,multiple_rhs,random_dense,32,14,after_custom_multiple_rhs_benchmark,2130752,2.03204
custom_lu,multiple_rhs,random_dense,32,14,before_custom_multiple_rhs_benchmark,2130752,2.03204
custom_lu,multiple_rhs,random_dense,32,14,after_custom_multiple_rhs_benchmark,2130752,2.03204
custom_lu,multiple_rhs,random_dense,32,14,before_custom_multiple_rhs_benchmark,2130752,2.03204
custom_lu,multiple_rhs,random_dense,32,14,after_custom_multiple_rhs_benchmark,2130752,2.03204
custom_lu,multiple_rhs,diagonally_dominant,32,0,before_multiple_rhs_problem_setup,2130752,2.03204
custom_lu,multiple_rhs,diagonally_dominant,32,0,after_multiple_rhs_problem_setup,2130752,2.03204
custom_lu,multiple_rhs,diagonally_dominant,32,0,before_custom_multiple_rhs_benchmark,2130752,2.03204
custom_lu,multiple_rhs,diagonally_dominant,32,0,after_custom_multiple_rhs_benchmark,2130752,2.03204
custom_lu,multiple_rhs,diagonally_dominant,32,0,before_custom_multiple_rhs_benchmark,2130752,2.03204
custom_lu,multiple_rhs,diagonally_dominant,32,0,after_custom_multiple_rhs_benchmark,2130752,2.03204
custom_lu,multiple_rhs,diagonally_dominant,32,0,before_custom_multiple_rhs_benchmark,2130752,2.03204
custom_lu,multiple_rhs,diagonally_dominant,32,0,after_custom_multiple_rhs_benchmark,2130752,2.03204
custom_lu,multiple_rhs,diagonally_dominant,32,0,before_custom_multiple_rhs_benchmark,2130752,2.03204
custom_lu,multiple_rhs,diagonally_dominant,32,0,after_custom_multiple_rhs_benchmark,2130752,2.03204
custom_lu,multiple_rhs,diagonally_dominant,32,0,before_custom_multiple_rhs_benchmark,2130752,2.03204
custom_lu,multiple_rhs,diagonally_dominant,32,0,after_custom_multiple_rhs_benchmark,2130752,2.03204
custom_lu,multiple_rhs,diagonally_dominant,32,1,before_multiple_rhs_problem_setup,2130752,2.03204
custom_lu,multiple_rhs,diagonally_dominant,32,1,after_multiple_rhs_problem_setup,2130752,2.03204
custom_lu,multiple_rhs,diagonally_dominant,32,1,before_custom_multiple_rhs_benchmark,2130752,2.03204
custom_lu,multiple_rhs,diagonally_dominant,32,1,after_custom_multiple_rhs_benchmark,2130752,2.03204
custom_lu,multiple_rhs,diagonally_dominant,32,1,before_custom_multiple_rhs_benchmark,2130752,2.03204
custom_lu,multiple_rhs,diagonally_dominant,32,1,after_custom_multiple_rhs_benchmark,2130752,2.03204
custom_lu,multiple_rhs,diagonally_dominant,32,1,before_custom_multiple_rhs_benchmark,2130752,2.03204
custom_lu,multiple_rhs,diagonally_dominant,32,1,after_custom_multiple_rhs_benchmark,2130752,2.03204
custom_lu,multiple_rhs,diagonally_dominant,32,1,before_custom_multiple_rhs_benchmark,2130752,2.03204
custom_lu,multiple_rhs,diagonally_dominant,32,1,after_custom_multiple_rhs_benchmark,2130752,2.03204
custom_lu,multiple_rhs,diagonally_dominant,32,1,before_custom_multiple_rhs_benchmark,2130752,2.03204
custom_lu,multiple_rhs,diagonally_dominant,32,1,after_custom_multiple_rhs_benchmark,2130752,2.03204
custom_lu,multiple_rhs,diagonally_dominant,32,2,before_multiple_rhs_problem_setup,2130752,2.03204
custom_lu,multiple_rhs,diagonally_dominant,32,2,after_multiple_rhs_problem_setup,2130752,2.03204
custom_lu,multiple_rhs,diagonally_dominant,32,2,before_custom_multiple_rhs_benchmark,2130752,2.03204
custom_lu,multiple_rhs,diagonally_dominant,32,2,after_custom_multiple_rhs_benchmark,2130752,2.03204
custom_lu,multiple_rhs,diagonally_dominant,32,2,before_custom_multiple_rhs_benchmark,2130752,2.03204
custom_lu,multiple_rhs,diagonally_dominant,32,2,after_custom_multiple_rhs_benchmark,2130752,2.03204
custom_lu,multiple_rhs,diagonally_dominant,32,2,before_custom_multiple_rhs_benchmark,2130752,2.03204
custom_lu,multiple_rhs,diagonally_dominant,32,2,after_custom_multiple_rhs_benchmark,2130752,2.03204
custom_lu,multiple_rhs,diagonally_dominant,32,2,before_custom_multiple_rhs_benchmark,2130752,2.03204
custom_lu,multiple_rhs,diagonally_dominant,32,2,after_custom_multiple_rhs_benchmark,2130752,2.03204
custom_lu,multiple_rhs,diagonally_dominant,32,2,before_custom_multiple_rhs_benchmark,2130752,2.03204
custom_lu,multiple_rhs,diagonally_dominant,32,2,after_custom_multiple_rhs_benchmark,2130752,2.03204
custom_lu,multiple_rhs,diagonally_dominant,32,3,before_multiple_rhs_problem_setup,2130752,2.03204
custom_lu,multiple_rhs,diagonally_dominant,32,3,after_multiple_rhs_problem_setup,2130752,2.03204
custom_lu,multiple_rhs,diagonally_dominant,32,3,before_custom_multiple_rhs_benchmark,2130752,2.03204
custom_lu,multiple_rhs,diagonally_dominant,32,3,after_custom_multiple_rhs_benchmark,2130752,2.03204
custom_lu,multiple_rhs,diagonally_dominant,32,3,before_custom_multiple_rhs_benchmark,2130752,2.03204
custom_lu,multiple_rhs,diagonally_dominant,32,3,after_custom_multiple_rhs_benchmark,2130752,2.03204
custom_lu,multiple_rhs,diagonally_dominant,32,3,before_custom_multiple_rhs_benchmark,2130752,2.03204
custom_lu,multiple_rhs,diagonally_dominant,32,3,after_custom_multiple_rhs_benchmark,2130752,2.03204
custom_lu,multiple_rhs,diagonally_dominant,32,3,before_custom_multiple_rhs_benchmark,2130752,2.03204
custom_lu,multiple_rhs,diagonally_dominant,32,3,after_custom_multiple_rhs_benchmark,2130752,2.03204
custom_lu,multiple_rhs,diagonally_dominant,32,3,before_custom_multiple_rhs_benchmark,2130752,2.03204
custom_lu,multiple_rhs,diagonally_dominant,32,3,after_custom_multiple_rhs_benchmark,2130752,2.03204
custom_lu,multiple_rhs,diagonally_dominant,32,4,before_multiple_rhs_problem_setup,2130752,2.03204
custom_lu,multiple_rhs,diagonally_dominant,32,4,after_multiple_rhs_problem_setup,2130752,2.03204
custom_lu,multiple_rhs,diagonally_dominant,32,4,before_custom_multiple_rhs_benchmark,2130752,2.03204
custom_lu,multiple_rhs,diagonally_dominant,32,4,after_custom_multiple_rhs_benchmark,2130752,2.03204
custom_lu,multiple_rhs,diagonally_dominant,32,4,before_custom_multiple_rhs_benchmark,2130752,2.03204
custom_lu,multiple_rhs,diagonally_dominant,32,4,after_custom_multiple_rhs_benchmark,2130752,2.03204
custom_lu,multiple_rhs,diagonally_dominant,32,4,before_custom_multiple_rhs_benchmark,2130752,2.03204
custom_lu,multiple_rhs,diagonally_dominant,32,4,after_custom_multiple_rhs_benchmark,2130752,2.03204
custom_lu,multiple_rhs,diagonally_dominant,32,4,before_custom_multiple_rhs_benchmark,2130752,2.03204
custom_lu,multiple_rhs,diagonally_dominant,32,4,after_custom_multiple_rhs_benchmark,2130752,2.03204
custom_lu,multiple_rhs,diagonally_dominant,32,4,before_custom_multiple_rhs_benchmark,2130752,2.03204
custom_lu,multiple_rhs,diagonally_dominant,32,4,after_custom_multiple_rhs_benchmark,2130752,2.03204
custom_lu,multiple_rhs,diagonally_dominant,32,5,before_multiple_rhs_problem_setup,2130752,2.03204
custom_lu,multiple_rhs,diagonally_dominant,32,5,after_multiple_rhs_problem_setup,2130752,2.03204
custom_lu,multiple_rhs,diagonally_dominant,32,5,before_custom_multiple_rhs_benchmark,2130752,2.03204
custom_lu,multiple_rhs,diagonally_dominant,32,5,after_custom_multiple_rhs_benchmark,2130752,2.03204
custom_lu,multiple_rhs,diagonally_dominant,32,5,before_custom_multiple_rhs_benchmark,2130752,2.03204
custom_lu,multiple_rhs,diagonally_dominant,32,5,after_custom_multiple_rhs_benchmark,2147136,2.04767
custom_lu,multiple_rhs,diagonally_dominant,32,5,before_custom_multiple_rhs_benchmark,2147136,2.04767
custom_lu,multiple_rhs,diagonally_dominant,32,5,after_custom_multiple_rhs_benchmark,2147136,2.04767
custom_lu,multiple_rhs,diagonally_dominant,32,5,before_custom_multiple_rhs_benchmark,2147136,2.04767
custom_lu,multiple_rhs,diagonally_dominant,32,5,after_custom_multiple_rhs_benchmark,2147136,2.04767
custom_lu,multiple_rhs,diagonally_dominant,32,5,before_custom_multiple_rhs_benchmark,2147136,2.04767
custom_lu,multiple_rhs,diagonally_dominant,32,5,after_custom_multiple_rhs_benchmark,2147136,2.04767
custom_lu,multiple_rhs,diagonally_dominant,32,6,before_multiple_rhs_problem_setup,2147136,2.04767
custom_lu,multiple_rhs,diagonally_dominant,32,6,after_multiple_rhs_problem_setup,2147136,2.04767
custom_lu,multiple_rhs,diagonally_dominant,32,6,before_custom_multiple_rhs_benchmark,2147136,2.04767
custom_lu,multiple_rhs,diagonally_dominant,32,6,after_custom_multiple_rhs_benchmark,2147136,2.04767
custom_lu,multiple_rhs,diagonally_dominant,32,6,before_custom_multiple_rhs_benchmark,2147136,2.04767
custom_lu,multiple_rhs,diagonally_dominant,32,6,after_custom_multiple_rhs_benchmark,2147136,2.04767
custom_lu,multiple_rhs,diagonally_dominant,32,6,before_custom_multiple_rhs_benchmark,2147136,2.04767
custom_lu,multiple_rhs,diagonally_dominant,32,6,after_custom_multiple_rhs_benchmark,2147136,2.04767
custom_lu,multiple_rhs,diagonally_dominant,32,6,before_custom_multiple_rhs_benchmark,2147136,2.04767
custom_lu,multiple_rhs,diagonally_dominant,32,6,after_custom_multiple_rhs_benchmark,2147136,2.04767
custom_lu,multiple_rhs,diagonally_dominant,32,6,before_custom_multiple_rhs_benchmark,2147136,2.04767
custom_lu,multiple_rhs,diagonally_dominant,32,6,after_custom_multiple_rhs_benchmark,2147136,2.04767
custom_lu,multiple_rhs,diagonally_dominant,32,7,before_multiple_rhs_problem_setup,2147136,2.04767
custom_lu,multiple_rhs,diagonally_dominant,32,7,after_multiple_rhs_problem_setup,2147136,2.04767
custom_lu,multiple_rhs,diagonally_dominant,32,7,before_custom_multiple_rhs_benchmark,2147136,2.04767
custom_lu,multiple_rhs,diagonally_dominant,32,7,after_custom_multiple_rhs_benchmark,2147136,2.04767
custom_lu,multiple_rhs,diagonally_dominant,32,7,before_custom_multiple_rhs_benchmark,2147136,2.04767
custom_lu,multiple_rhs,diagonally_dominant,32,7,after_custom_multiple_rhs_benchmark,2147136,2.04767
custom_lu,multiple_rhs,diagonally_dominant,32,7,before_custom_multiple_rhs_benchmark,2147136,2.04767
custom_lu,multiple_rhs,diagonally_dominant,32,7,after_custom_multiple_rhs_benchmark,2147136,2.04767
custom_lu,multiple_rhs,diagonally_dominant,32,7,before_custom_multiple_rhs_benchmark,2147136,2.04767
custom_lu,multiple_rhs,diagonally_dominant,32,7,after_custom_multiple_rhs_benchmark,2147136,2.04767
custom_lu,multiple_rhs,diagonally_dominant,32,7,before_custom_multiple_rhs_benchmark,2147136,2.04767
custom_lu,multiple_rhs,diagonally_dominant,32,7,after_custom_multiple_rhs_benchmark,2147136,2.04767
custom_lu,multiple_rhs,diagonally_dominant,32,8,before_multiple_rhs_problem_setup,2147136,2.04767
custom_lu,multiple_rhs,diagonally_dominant,32,8,after_multiple_rhs_problem_setup,2147136,2.04767
custom_lu,multiple_rhs,diagonally_dominant,32,8,before_custom_multiple_rhs_benchmark,2147136,2.04767
custom_lu,multiple_rhs,diagonally_dominant,32,8,after_custom_multiple_rhs_benchmark,2147136,2.04767
custom_lu,multiple_rhs,diagonally_dominant,32,8,before_custom_multiple_rhs_benchmark,2147136,2.04767
custom_lu,multiple_rhs,diagonally_dominant,32,8,after_custom_multiple_rhs_benchmark,2147136,2.04767
custom_lu,multiple_rhs,diagonally_dominant,32,8,before_custom_multiple_rhs_benchmark,2147136,2.04767
custom_lu,multiple_rhs,diagonally_dominant,32,8,after_custom_multiple_rhs_benchmark,2147136,2.04767
custom_lu,multiple_rhs,diagonally_dominant,32,8,before_custom_multiple_rhs_benchmark,2147136,2.04767
custom_lu,multiple_rhs,diagonally_dominant,32,8,after_custom_multiple_rhs_benchmark,2147136,2.04767
custom_lu,multiple_rhs,diagonally_dominant,32,8,before_custom_multiple_rhs_benchmark,2147136,2.04767
custom_lu,multiple_rhs,diagonally_dominant,32,8,after_custom_multiple_rhs_benchmark,2147136,2.04767
custom_lu,multiple_rhs,diagonally_dominant,32,9,before_multiple_rhs_problem_setup,2147136,2.04767
custom_lu,multiple_rhs,diagonally_dominant,32,9,after_multiple_rhs_problem_setup,2147136,2.04767
custom_lu,multiple_rhs,diagonally_dominant,32,9,before_custom_multiple_rhs_benchmark,2147136,2.04767
custom_lu,multiple_rhs,diagonally_dominant,32,9,after_custom_multiple_rhs_benchmark,2147136,2.04767
custom_lu,multiple_rhs,diagonally_dominant,32,9,before_custom_multiple_rhs_benchmark,2147136,2.04767
custom_lu,multiple_rhs,diagonally_dominant,32,9,after_custom_multiple_rhs_benchmark,2147136,2.04767
custom_lu,multiple_rhs,diagonally_dominant,32,9,before_custom_multiple_rhs_benchmark,2147136,2.04767
custom_lu,multiple_rhs,diagonally_dominant,32,9,after_custom_multiple_rhs_benchmark,2147136,2.04767
custom_lu,multiple_rhs,diagonally_dominant,32,9,before_custom_multiple_rhs_benchmark,2147136,2.04767
custom_lu,multiple_rhs,diagonally_dominant,32,9,after_custom_multiple_rhs_benchmark,2147136,2.04767
custom_lu,multiple_rhs,diagonally_dominant,32,9,before_custom_multiple_rhs_benchmark,2147136,2.04767
custom_lu,multiple_rhs,diagonally_dominant,32,9,after_custom_multiple_rhs_benchmark,2147136,2.04767
custom_lu,multiple_rhs,diagonally_dominant,32,10,before_multiple_rhs_problem_setup,2147136,2.04767
custom_lu,multiple_rhs,diagonally_dominant,32,10,after_multiple_rhs_problem_setup,2147136,2.04767
custom_lu,multiple_rhs,diagonally_dominant,32,10,before_custom_multiple_rhs_benchmark,2147136,2.04767
custom_lu,multiple_rhs,diagonally_dominant,32,10,after_custom_multiple_rhs_benchmark,2147136,2.04767
custom_lu,multiple_rhs,diagonally_dominant,32,10,before_custom_multiple_rhs_benchmark,2147136,2.04767
custom_lu,multiple_rhs,diagonally_dominant,32,10,after_custom_multiple_rhs_benchmark,2147136,2.04767
custom_lu,multiple_rhs,diagonally_dominant,32,10,before_custom_multiple_rhs_benchmark,2147136,2.04767
custom_lu,multiple_rhs,diagonally_dominant,32,10,after_custom_multiple_rhs_benchmark,2147136,2.04767
custom_lu,multiple_rhs,diagonally_dominant,32,10,before_custom_multiple_rhs_benchmark,2147136,2.04767
custom_lu,multiple_rhs,diagonally_dominant,32,10,after_custom_multiple_rhs_benchmark,2147136,2.04767
custom_lu,multiple_rhs,diagonally_dominant,32,10,before_custom_multiple_rhs_benchmark,2147136,2.04767
custom_lu,multiple_rhs,diagonally_dominant,32,10,after_custom_multiple_rhs_benchmark,2147136,2.04767
custom_lu,multiple_rhs,diagonally_dominant,32,11,before_multiple_rhs_problem_setup,2147136,2.04767
custom_lu,multiple_rhs,diagonally_dominant,32,11,after_multiple_rhs_problem_setup,2147136,2.04767
custom_lu,multiple_rhs,diagonally_dominant,32,11,before_custom_multiple_rhs_benchmark,2147136,2.04767
custom_lu,multiple_rhs,diagonally_dominant,32,11,after_custom_multiple_rhs_benchmark,2147136,2.04767
custom_lu,multiple_rhs,diagonally_dominant,32,11,before_custom_multiple_rhs_benchmark,2147136,2.04767
custom_lu,multiple_rhs,diagonally_dominant,32,11,after_custom_multiple_rhs_benchmark,2147136,2.04767
custom_lu,multiple_rhs,diagonally_dominant,32,11,before_custom_multiple_rhs_benchmark,2147136,2.04767
custom_lu,multiple_rhs,diagonally_dominant,32,11,after_custom_multiple_rhs_benchmark,2147136,2.04767
custom_lu,multiple_rhs,diagonally_dominant,32,11,before_custom_multiple_rhs_benchmark,2147136,2.04767
custom_lu,multiple_rhs,diagonally_dominant,32,11,after_custom_multiple_rhs_benchmark,2147136,2.04767
custom_lu,multiple_rhs,diagonally_dominant,32,11,before_custom_multiple_rhs_benchmark,2147136,2.04767
custom_lu,multiple_rhs,diagonally_dominant,32,11,after_custom_multiple_rhs_benchmark,2147136,2.04767
custom_lu,multiple_rhs,diagonally_dominant,32,12,before_multiple_rhs_problem_setup,2147136,2.04767
custom_lu,multiple_rhs,diagonally_dominant,32,12,after_multiple_rhs_problem_setup,2147136,2.04767
custom_lu,multiple_rhs,diagonally_dominant,32,12,before_custom_multiple_rhs_benchmark,2147136,2.04767
custom_lu,multiple_rhs,diagonally_dominant,32,12,after_custom_multiple_rhs_benchmark,2147136,2.04767
custom_lu,multiple_rhs,diagonally_dominant,32,12,before_custom_multiple_rhs_benchmark,2147136,2.04767
custom_lu,multiple_rhs,diagonally_dominant,32,12,after_custom_multiple_rhs_benchmark,2147136,2.04767
custom_lu,multiple_rhs,diagonally_dominant,32,12,before_custom_multiple_rhs_benchmark,2147136,2.04767
custom_lu,multiple_rhs,diagonally_dominant,32,12,after_custom_multiple_rhs_benchmark,2147136,2.04767
custom_lu,multiple_rhs,diagonally_dominant,32,12,before_custom_multiple_rhs_benchmark,2147136,2.04767
custom_lu,multiple_rhs,diagonally_dominant,32,12,after_custom_multiple_rhs_benchmark,2147136,2.04767
custom_lu,multiple_rhs,diagonally_dominant,32,12,before_custom_multiple_rhs_benchmark,2147136,2.04767
custom_lu,multiple_rhs,diagonally_dominant,32,12,after_custom_multiple_rhs_benchmark,2147136,2.04767
custom_lu,multiple_rhs,diagonally_dominant,32,13,before_multiple_rhs_problem_setup,2147136,2.04767
custom_lu,multiple_rhs,diagonally_dominant,32,13,after_multiple_rhs_problem_setup,2147136,2.04767
custom_lu,multiple_rhs,diagonally_dominant,32,13,before_custom_multiple_rhs_benchmark,2147136,2.04767
custom_lu,multiple_rhs,diagonally_dominant,32,13,after_custom_multiple_rhs_benchmark,2147136,2.04767
custom_lu,multiple_rhs,diagonally_dominant,32,13,before_custom_multiple_rhs_benchmark,2147136,2.04767
custom_lu,multiple_rhs,diagonally_dominant,32,13,after_custom_multiple_rhs_benchmark,2147136,2.04767
custom_lu,multiple_rhs,diagonally_dominant,32,13,before_custom_multiple_rhs_benchmark,2147136,2.04767
custom_lu,multiple_rhs,diagonally_dominant,32,13,after_custom_multiple_rhs_benchmark,2147136,2.04767
custom_lu,multiple_rhs,diagonally_dominant,32,13,before_custom_multiple_rhs_benchmark,2147136,2.04767
custom_lu,multiple_rhs,diagonally_dominant,32,13,after_custom_multiple_rhs_benchmark,2147136,2.04767
custom_lu,multiple_rhs,diagonally_dominant,32,13,before_custom_multiple_rhs_benchmark,2147136,2.04767
custom_lu,multiple_rhs,diagonally_dominant,32,13,after_custom_multiple_rhs_benchmark,2147136,2.04767
custom_lu,multiple_rhs,diagonally_dominant,32,14,before_multiple_rhs_problem_setup,2147136,2.04767
custom_lu,multiple_rhs,diagonally_dominant,32,14,after_multiple_rhs_problem_setup,2147136,2.04767
custom_lu,multiple_rhs,diagonally_dominant,32,14,before_custom_multiple_rhs_benchmark,2147136,2.04767
custom_lu,multiple_rhs,diagonally_dominant,32,14,after_custom_multiple_rhs_benchmark,2147136,2.04767
custom_lu,multiple_rhs,diagonally_dominant,32,14,before_custom_multiple_rhs_benchmark,2147136,2.04767
custom_lu,multiple_rhs,diagonally_dominant,32,14,after_custom_multiple_rhs_benchmark,2147136,2.04767
custom_lu,multiple_rhs,diagonally_dominant,32,14,before_custom_multiple_rhs_benchmark,2147136,2.04767
custom_lu,multiple_rhs,diagonally_dominant,32,14,after_custom_multiple_rhs_benchmark,2147136,2.04767
custom_lu,multiple_rhs,diagonally_dominant,32,14,before_custom_multiple_rhs_benchmark,2147136,2.04767
custom_lu,multiple_rhs,diagonally_dominant,32,14,after_custom_multiple_rhs_benchmark,2147136,2.04767
custom_lu,multiple_rhs,diagonally_dominant,32,14,before_custom_multiple_rhs_benchmark,2147136,2.04767
custom_lu,multiple_rhs,diagonally_dominant,32,14,after_custom_multiple_rhs_benchmark,2147136,2.04767
custom_lu,multiple_rhs,random_dense,64,0,before_multiple_rhs_problem_setup,2147136,2.04767
custom_lu,multiple_rhs,random_dense,64,0,after_multiple_rhs_problem_setup,2147136,2.04767
custom_lu,multiple_rhs,random_dense,64,0,before_custom_multiple_rhs_benchmark,2147136,2.04767
custom_lu,multiple_rhs,random_dense,64,0,after_custom_multiple_rhs_benchmark,2147136,2.04767
custom_lu,multiple_rhs,random_dense,64,0,before_custom_multiple_rhs_benchmark,2147136,2.04767
custom_lu,multiple_rhs,random_dense,64,0,after_custom_multiple_rhs_benchmark,2147136,2.04767
custom_lu,multiple_rhs,random_dense,64,0,before_custom_multiple_rhs_benchmark,2147136,2.04767
custom_lu,multiple_rhs,random_dense,64,0,after_custom_multiple_rhs_benchmark,2147136,2.04767
custom_lu,multiple_rhs,random_dense,64,0,before_custom_multiple_rhs_benchmark,2147136,2.04767
custom_lu,multiple_rhs,random_dense,64,0,after_custom_multiple_rhs_benchmark,2147136,2.04767
custom_lu,multiple_rhs,random_dense,64,0,before_custom_multiple_rhs_benchmark,2147136,2.04767
custom_lu,multiple_rhs,random_dense,64,0,after_custom_multiple_rhs_benchmark,2147136,2.04767
custom_lu,multiple_rhs,random_dense,64,1,before_multiple_rhs_problem_setup,2147136,2.04767
custom_lu,multiple_rhs,random_dense,64,1,after_multiple_rhs_problem_setup,2147136,2.04767
custom_lu,multiple_rhs,random_dense,64,1,before_custom_multiple_rhs_benchmark,2147136,2.04767
custom_lu,multiple_rhs,random_dense,64,1,after_custom_multiple_rhs_benchmark,2147136,2.04767
custom_lu,multiple_rhs,random_dense,64,1,before_custom_multiple_rhs_benchmark,2147136,2.04767
custom_lu,multiple_rhs,random_dense,64,1,after_custom_multiple_rhs_benchmark,2147136,2.04767
custom_lu,multiple_rhs,random_dense,64,1,before_custom_multiple_rhs_benchmark,2147136,2.04767
custom_lu,multiple_rhs,random_dense,64,1,after_custom_multiple_rhs_benchmark,2147136,2.04767
custom_lu,multiple_rhs,random_dense,64,1,before_custom_multiple_rhs_benchmark,2147136,2.04767
custom_lu,multiple_rhs,random_dense,64,1,after_custom_multiple_rhs_benchmark,2147136,2.04767
custom_lu,multiple_rhs,random_dense,64,1,before_custom_multiple_rhs_benchmark,2147136,2.04767
custom_lu,multiple_rhs,random_dense,64,1,after_custom_multiple_rhs_benchmark,2147136,2.04767
custom_lu,multiple_rhs,random_dense,64,2,before_multiple_rhs_problem_setup,2147136,2.04767
custom_lu,multiple_rhs,random_dense,64,2,after_multiple_rhs_problem_setup,2147136,2.04767
custom_lu,multiple_rhs,random_dense,64,2,before_custom_multiple_rhs_benchmark,2147136,2.04767
custom_lu,multiple_rhs,random_dense,64,2,after_custom_multiple_rhs_benchmark,2147136,2.04767
custom_lu,multiple_rhs,random_dense,64,2,before_custom_multiple_rhs_benchmark,2147136,2.04767
custom_lu,multiple_rhs,random_dense,64,2,after_custom_multiple_rhs_benchmark,2147136,2.04767
custom_lu,multiple_rhs,random_dense,64,2,before_custom_multiple_rhs_benchmark,2147136,2.04767
custom_lu,multiple_rhs,random_dense,64,2,after_custom_multiple_rhs_benchmark,2147136,2.04767
custom_lu,multiple_rhs,random_dense,64,2,before_custom_multiple_rhs_benchmark,2147136,2.04767
custom_lu,multiple_rhs,random_dense,64,2,after_custom_multiple_rhs_benchmark,2147136,2.04767
custom_lu,multiple_rhs,random_dense,64,2,before_custom_multiple_rhs_benchmark,2147136,2.04767
custom_lu,multiple_rhs,random_dense,64,2,after_custom_multiple_rhs_benchmark,2147136,2.04767
custom_lu,multiple_rhs,random_dense,64,3,before_multiple_rhs_problem_setup,2147136,2.04767
custom_lu,multiple_rhs,random_dense,64,3,after_multiple_rhs_problem_setup,2147136,2.04767
custom_lu,multiple_rhs,random_dense,64,3,before_custom_multiple_rhs_benchmark,2147136,2.04767
custom_lu,multiple_rhs,random_dense,64,3,after_custom_multiple_rhs_benchmark,2147136,2.04767
custom_lu,multiple_rhs,random_dense,64,3,before_custom_multiple_rhs_benchmark,2147136,2.04767
custom_lu,multiple_rhs,random_dense,64,3,after_custom_multiple_rhs_benchmark,2147136,2.04767
custom_lu,multiple_rhs,random_dense,64,3,before_custom_multiple_rhs_benchmark,2147136,2.04767
custom_lu,multiple_rhs,random_dense,64,3,after_custom_multiple_rhs_benchmark,2147136,2.04767
custom_lu,multiple_rhs,random_dense,64,3,before_custom_multiple_rhs_benchmark,2147136,2.04767
custom_lu,multiple_rhs,random_dense,64,3,after_custom_multiple_rhs_benchmark,2147136,2.04767
custom_lu,multiple_rhs,random_dense,64,3,before_custom_multiple_rhs_benchmark,2147136,2.04767
custom_lu,multiple_rhs,random_dense,64,3,after_custom_multiple_rhs_benchmark,2147136,2.04767
custom_lu,multiple_rhs,random_dense,64,4,before_multiple_rhs_problem_setup,2147136,2.04767
custom_lu,multiple_rhs,random_dense,64,4,after_multiple_rhs_problem_setup,2147136,2.04767
custom_lu,multiple_rhs,random_dense,64,4,before_custom_multiple_rhs_benchmark,2147136,2.04767
custom_lu,multiple_rhs,random_dense,64,4,after_custom_multiple_rhs_benchmark,2147136,2.04767
custom_lu,multiple_rhs,random_dense,64,4,before_custom_multiple_rhs_benchmark,2147136,2.04767
custom_lu,multiple_rhs,random_dense,64,4,after_custom_multiple_rhs_benchmark,2147136,2.04767
custom_lu,multiple_rhs,random_dense,64,4,before_custom_multiple_rhs_benchmark,2147136,2.04767
custom_lu,multiple_rhs,random_dense,64,4,after_custom_multiple_rhs_benchmark,2147136,2.04767
custom_lu,multiple_rhs,random_dense,64,4,before_custom_multiple_rhs_benchmark,2147136,2.04767
custom_lu,multiple_rhs,random_dense,64,4,after_custom_multiple_rhs_benchmark,2147136,2.04767
custom_lu,multiple_rhs,random_dense,64,4,before_custom_multiple_rhs_benchmark,2147136,2.04767
custom_lu,multiple_rhs,random_dense,64,4,after_custom_multiple_rhs_benchmark,2147136,2.04767
custom_lu,multiple_rhs,random_dense,64,5,before_multiple_rhs_problem_setup,2147136,2.04767
custom_lu,multiple_rhs,random_dense,64,5,after_multiple_rhs_problem_setup,2147136,2.04767
custom_lu,multiple_rhs,random_dense,64,5,before_custom_multiple_rhs_benchmark,2147136,2.04767
custom_lu,multiple_rhs,random_dense,64,5,after_custom_multiple_rhs_benchmark,2147136,2.04767
custom_lu,multiple_rhs,random_dense,64,5,before_custom_multiple_rhs_benchmark,2147136,2.04767
custom_lu,multiple_rhs,random_dense,64,5,after_custom_multiple_rhs_benchmark,2147136,2.04767
custom_lu,multiple_rhs,random_dense,64,5,before_custom_multiple_rhs_benchmark,2147136,2.04767
custom_lu,multiple_rhs,random_dense,64,5,after_custom_multiple_rhs_benchmark,2147136,2.04767
custom_lu,multiple_rhs,random_dense,64,5,before_custom_multiple_rhs_benchmark,2147136,2.04767
custom_lu,multiple_rhs,random_dense,64,5,after_custom_multiple_rhs_benchmark,2147136,2.04767
custom_lu,multiple_rhs,random_dense,64,5,before_custom_multiple_rhs_benchmark,2147136,2.04767
custom_lu,multiple_rhs,random_dense,64,5,after_custom_multiple_rhs_benchmark,2147136,2.04767
custom_lu,multiple_rhs,random_dense,64,6,before_multiple_rhs_problem_setup,2147136,2.04767
custom_lu,multiple_rhs,random_dense,64,6,after_multiple_rhs_problem_setup,2147136,2.04767
custom_lu,multiple_rhs,random_dense,64,6,before_custom_multiple_rhs_benchmark,2147136,2.04767
custom_lu,multiple_rhs,random_dense,64,6,after_custom_multiple_rhs_benchmark,2147136,2.04767
custom_lu,multiple_rhs,random_dense,64,6,before_custom_multiple_rhs_benchmark,2147136,2.04767
custom_lu,multiple_rhs,random_dense,64,6,after_custom_multiple_rhs_benchmark,2147136,2.04767
custom_lu,multiple_rhs,random_dense,64,6,before_custom_multiple_rhs_benchmark,2147136,2.04767
custom_lu,multiple_rhs,random_dense,64,6,after_custom_multiple_rhs_benchmark,2147136,2.04767
custom_lu,multiple_rhs,random_dense,64,6,before_custom_multiple_rhs_benchmark,2147136,2.04767
custom_lu,multiple_rhs,random_dense,64,6,after_custom_multiple_rhs_benchmark,2147136,2.04767
custom_lu,multiple_rhs,random_dense,64,6,before_custom_multiple_rhs_benchmark,2147136,2.04767
custom_lu,multiple_rhs,random_dense,64,6,after_custom_multiple_rhs_benchmark,2147136,2.04767
custom_lu,multiple_rhs,random_dense,64,7,before_multiple_rhs_problem_setup,2147136,2.04767
custom_lu,multiple_rhs,random_dense,64,7,after_multiple_rhs_problem_setup,2147136,2.04767
custom_lu,multiple_rhs,random_dense,64,7,before_custom_multiple_rhs_benchmark,2147136,2.04767
custom_lu,multiple_rhs,random_dense,64,7,after_custom_multiple_rhs_benchmark,2147136,2.04767
custom_lu,multiple_rhs,random_dense,64,7,before_custom_multiple_rhs_benchmark,2147136,2.04767
custom_lu,multiple_rhs,random_dense,64,7,after_custom_multiple_rhs_benchmark,2147136,2.04767
custom_lu,multiple_rhs,random_dense,64,7,before_custom_multiple_rhs_benchmark,2147136,2.04767
custom_lu,multiple_rhs,random_dense,64,7,after_custom_multiple_rhs_benchmark,2147136,2.04767
custom_lu,multiple_rhs,random_dense,64,7,before_custom_multiple_rhs_benchmark,2147136,2.04767
custom_lu,multiple_rhs,random_dense,64,7,after_custom_multiple_rhs_benchmark,2147136,2.04767
custom_lu,multiple_rhs,random_dense,64,7,before_custom_multiple_rhs_benchmark,2147136,2.04767
custom_lu,multiple_rhs,random_dense,64,7,after_custom_multiple_rhs_benchmark,2147136,2.04767
custom_lu,multiple_rhs,random_dense,64,8,before_multiple_rhs_problem_setup,2147136,2.04767
custom_lu,multiple_rhs,random_dense,64,8,after_multiple_rhs_problem_setup,2147136,2.04767
custom_lu,multiple_rhs,random_dense,64,8,before_custom_multiple_rhs_benchmark,2147136,2.04767
custom_lu,multiple_rhs,random_dense,64,8,after_custom_multiple_rhs_benchmark,2147136,2.04767
custom_lu,multiple_rhs,random_dense,64,8,before_custom_multiple_rhs_benchmark,2147136,2.04767
custom_lu,multiple_rhs,random_dense,64,8,after_custom_multiple_rhs_benchmark,2147136,2.04767
custom_lu,multiple_rhs,random_dense,64,8,before_custom_multiple_rhs_benchmark,2147136,2.04767
custom_lu,multiple_rhs,random_dense,64,8,after_custom_multiple_rhs_benchmark,2147136,2.04767
custom_lu,multiple_rhs,random_dense,64,8,before_custom_multiple_rhs_benchmark,2147136,2.04767
custom_lu,multiple_rhs,random_dense,64,8,after_custom_multiple_rhs_benchmark,2147136,2.04767
custom_lu,multiple_rhs,random_dense,64,8,before_custom_multiple_rhs_benchmark,2147136,2.04767
custom_lu,multiple_rhs,random_dense,64,8,after_custom_multiple_rhs_benchmark,2147136,2.04767
custom_lu,multiple_rhs,random_dense,64,9,before_multiple_rhs_problem_setup,2147136,2.04767
custom_lu,multiple_rhs,random_dense,64,9,after_multiple_rhs_problem_setup,2147136,2.04767
custom_lu,multiple_rhs,random_dense,64,9,before_custom_multiple_rhs_benchmark,2147136,2.04767
custom_lu,multiple_rhs,random_dense,64,9,after_custom_multiple_rhs_benchmark,2147136,2.04767
custom_lu,multiple_rhs,random_dense,64,9,before_custom_multiple_rhs_benchmark,2147136,2.04767
custom_lu,multiple_rhs,random_dense,64,9,after_custom_multiple_rhs_benchmark,2147136,2.04767
custom_lu,multiple_rhs,random_dense,64,9,before_custom_multiple_rhs_benchmark,2147136,2.04767
custom_lu,multiple_rhs,random_dense,64,9,after_custom_multiple_rhs_benchmark,2147136,2.04767
custom_lu,multiple_rhs,random_dense,64,9,before_custom_multiple_rhs_benchmark,2147136,2.04767
custom_lu,multiple_rhs,random_dense,64,9,after_custom_multiple_rhs_benchmark,2147136,2.04767
custom_lu,multiple_rhs,random_dense,64,9,before_custom_multiple_rhs_benchmark,2147136,2.04767
custom_lu,multiple_rhs,random_dense,64,9,after_custom_multiple_rhs_benchmark,2147136,2.04767
custom_lu,multiple_rhs,random_dense,64,10,before_multiple_rhs_problem_setup,2147136,2.04767
custom_lu,multiple_rhs,random_dense,64,10,after_multiple_rhs_problem_setup,2147136,2.04767
custom_lu,multiple_rhs,random_dense,64,10,before_custom_multiple_rhs_benchmark,2147136,2.04767
custom_lu,multiple_rhs,random_dense,64,10,after_custom_multiple_rhs_benchmark,2147136,2.04767
custom_lu,multiple_rhs,random_dense,64,10,before_custom_multiple_rhs_benchmark,2147136,2.04767
custom_lu,multiple_rhs,random_dense,64,10,after_custom_multiple_rhs_benchmark,2147136,2.04767
custom_lu,multiple_rhs,random_dense,64,10,before_custom_multiple_rhs_benchmark,2147136,2.04767
custom_lu,multiple_rhs,random_dense,64,10,after_custom_multiple_rhs_benchmark,2147136,2.04767
custom_lu,multiple_rhs,random_dense,64,10,before_custom_multiple_rhs_benchmark,2147136,2.04767
custom_lu,multiple_rhs,random_dense,64,10,after_custom_multiple_rhs_benchmark,2147136,2.04767
custom_lu,multiple_rhs,random_dense,64,10,before_custom_multiple_rhs_benchmark,2147136,2.04767
custom_lu,multiple_rhs,random_dense,64,10,after_custom_multiple_rhs_benchmark,2147136,2.04767
custom_lu,multiple_rhs,random_dense,64,11,before_multiple_rhs_problem_setup,2147136,2.04767
custom_lu,multiple_rhs,random_dense,64,11,after_multiple_rhs_problem_setup,2147136,2.04767
custom_lu,multiple_rhs,random_dense,64,11,before_custom_multiple_rhs_benchmark,2147136,2.04767
custom_lu,multiple_rhs,random_dense,64,11,after_custom_multiple_rhs_benchmark,2147136,2.04767
custom_lu,multiple_rhs,random_dense,64,11,before_custom_multiple_rhs_benchmark,2147136,2.04767
custom_lu,multiple_rhs,random_dense,64,11,after_custom_multiple_rhs_benchmark,2147136,2.04767
custom_lu,multiple_rhs,random_dense,64,11,before_custom_multiple_rhs_benchmark,2147136,2.04767
custom_lu,multiple_rhs,random_dense,64,11,after_custom_multiple_rhs_benchmark,2147136,2.04767
custom_lu,multiple_rhs,random_dense,64,11,before_custom_multiple_rhs_benchmark,2147136,2.04767
custom_lu,multiple_rhs,random_dense,64,11,after_custom_multiple_rhs_benchmark,2147136,2.04767
custom_lu,multiple_rhs,random_dense,64,11,before_custom_multiple_rhs_benchmark,2147136,2.04767
custom_lu,multiple_rhs,random_dense,64,11,after_custom_multiple_rhs_benchmark,2147136,2.04767
custom_lu,multiple_rhs,random_dense,64,12,before_multiple_rhs_problem_setup,2147136,2.04767
custom_lu,multiple_rhs,random_dense,64,12,after_multiple_rhs_problem_setup,2147136,2.04767
custom_lu,multiple_rhs,random_dense,64,12,before_custom_multiple_rhs_benchmark,2147136,2.04767
custom_lu,multiple_rhs,random_dense,64,12,after_custom_multiple_rhs_benchmark,2147136,2.04767
custom_lu,multiple_rhs,random_dense,64,12,before_custom_multiple_rhs_benchmark,2147136,2.04767
custom_lu,multiple_rhs,random_dense,64,12,after_custom_multiple_rhs_benchmark,2147136,2.04767
custom_lu,multiple_rhs,random_dense,64,12,before_custom_multiple_rhs_benchmark,2147136,2.04767
custom_lu,multiple_rhs,random_dense,64,12,after_custom_multiple_rhs_benchmark,2147136,2.04767
custom_lu,multiple_rhs,random_dense,64,12,before_custom_multiple_rhs_benchmark,2147136,2.04767
custom_lu,multiple_rhs,random_dense,64,12,after_custom_multiple_rhs_benchmark,2147136,2.04767
custom_lu,multiple_rhs,random_dense,64,12,before_custom_multiple_rhs_benchmark,2147136,2.04767
custom_lu,multiple_rhs,random_dense,64,12,after_custom_multiple_rhs_benchmark,2147136,2.04767
custom_lu,multiple_rhs,random_dense,64,13,before_multiple_rhs_problem_setup,2147136,2.04767
custom_lu,multiple_rhs,random_dense,64,13,after_multiple_rhs_problem_setup,2147136,2.04767
custom_lu,multiple_rhs,random_dense,64,13,before_custom_multiple_rhs_benchmark,2147136,2.04767
custom_lu,multiple_rhs,random_dense,64,13,after_custom_multiple_rhs_benchmark,2147136,2.04767
custom_lu,multiple_rhs,random_dense,64,13,before_custom_multiple_rhs_benchmark,2147136,2.04767
custom_lu,multiple_rhs,random_dense,64,13,after_custom_multiple_rhs_benchmark,2147136,2.04767
custom_lu,multiple_rhs,random_dense,64,13,before_custom_multiple_rhs_benchmark,2147136,2.04767
custom_lu,multiple_rhs,random_dense,64,13,after_custom_multiple_rhs_benchmark,2147136,2.04767
custom_lu,multiple_rhs,random_dense,64,13,before_custom_multiple_rhs_benchmark,2147136,2.04767
custom_lu,multiple_rhs,random_dense,64,13,after_custom_multiple_rhs_benchmark,2147136,2.04767
custom_lu,multiple_rhs,random_dense,64,13,before_custom_multiple_rhs_benchmark,2147136,2.04767
custom_lu,multiple_rhs,random_dense,64,13,after_custom_multiple_rhs_benchmark,2147136,2.04767
custom_lu,multiple_rhs,random_dense,64,14,before_multiple_rhs_problem_setup,2147136,2.04767
custom_lu,multiple_rhs,random_dense,64,14,after_multiple_rhs_problem_setup,2147136,2.04767
custom_lu,multiple_rhs,random_dense,64,14,before_custom_multiple_rhs_benchmark,2147136,2.04767
custom_lu,multiple_rhs,random_dense,64,14,after_custom_multiple_rhs_benchmark,2147136,2.04767
custom_lu,multiple_rhs,random_dense,64,14,before_custom_multiple_rhs_benchmark,2147136,2.04767
custom_lu,multiple_rhs,random_dense,64,14,after_custom_multiple_rhs_benchmark,2147136,2.04767
custom_lu,multiple_rhs,random_dense,64,14,before_custom_multiple_rhs_benchmark,2147136,2.04767
custom_lu,multiple_rhs,random_dense,64,14,after_custom_multiple_rhs_benchmark,2147136,2.04767
custom_lu,multiple_rhs,random_dense,64,14,before_custom_multiple_rhs_benchmark,2147136,2.04767
custom_lu,multiple_rhs,random_dense,64,14,after_custom_multiple_rhs_benchmark,2147136,2.04767
custom_lu,multiple_rhs,random_dense,64,14,before_custom_multiple_rhs_benchmark,2147136,2.04767
custom_lu,multiple_rhs,random_dense,64,14,after_custom_multiple_rhs_benchmark,2147136,2.04767
custom_lu,multiple_rhs,diagonally_dominant,64,0,before_multiple_rhs_problem_setup,2147136,2.04767
custom_lu,multiple_rhs,diagonally_dominant,64,0,after_multiple_rhs_problem_setup,2147136,2.04767
custom_lu,multiple_rhs,diagonally_dominant,64,0,before_custom_multiple_rhs_benchmark,2147136,2.04767
custom_lu,multiple_rhs,diagonally_dominant,64,0,after_custom_multiple_rhs_benchmark,2147136,2.04767
custom_lu,multiple_rhs,diagonally_dominant,64,0,before_custom_multiple_rhs_benchmark,2147136,2.04767
custom_lu,multiple_rhs,diagonally_dominant,64,0,after_custom_multiple_rhs_benchmark,2147136,2.04767
custom_lu,multiple_rhs,diagonally_dominant,64,0,before_custom_multiple_rhs_benchmark,2147136,2.04767
custom_lu,multiple_rhs,diagonally_dominant,64,0,after_custom_multiple_rhs_benchmark,2147136,2.04767
custom_lu,multiple_rhs,diagonally_dominant,64,0,before_custom_multiple_rhs_benchmark,2147136,2.04767
custom_lu,multiple_rhs,diagonally_dominant,64,0,after_custom_multiple_rhs_benchmark,2147136,2.04767
custom_lu,multiple_rhs,diagonally_dominant,64,0,before_custom_multiple_rhs_benchmark,2147136,2.04767
custom_lu,multiple_rhs,diagonally_dominant,64,0,after_custom_multiple_rhs_benchmark,2147136,2.04767
custom_lu,multiple_rhs,diagonally_dominant,64,1,before_multiple_rhs_problem_setup,2147136,2.04767
custom_lu,multiple_rhs,diagonally_dominant,64,1,after_multiple_rhs_problem_setup,2147136,2.04767
custom_lu,multiple_rhs,diagonally_dominant,64,1,before_custom_multiple_rhs_benchmark,2147136,2.04767
custom_lu,multiple_rhs,diagonally_dominant,64,1,after_custom_multiple_rhs_benchmark,2147136,2.04767
custom_lu,multiple_rhs,diagonally_dominant,64,1,before_custom_multiple_rhs_benchmark,2147136,2.04767
custom_lu,multiple_rhs,diagonally_dominant,64,1,after_custom_multiple_rhs_benchmark,2147136,2.04767
custom_lu,multiple_rhs,diagonally_dominant,64,1,before_custom_multiple_rhs_benchmark,2147136,2.04767
custom_lu,multiple_rhs,diagonally_dominant,64,1,after_custom_multiple_rhs_benchmark,2147136,2.04767
custom_lu,multiple_rhs,diagonally_dominant,64,1,before_custom_multiple_rhs_benchmark,2147136,2.04767
custom_lu,multiple_rhs,diagonally_dominant,64,1,after_custom_multiple_rhs_benchmark,2147136,2.04767
custom_lu,multiple_rhs,diagonally_dominant,64,1,before_custom_multiple_rhs_benchmark,2147136,2.04767
custom_lu,multiple_rhs,diagonally_dominant,64,1,after_custom_multiple_rhs_benchmark,2147136,2.04767
custom_lu,multiple_rhs,diagonally_dominant,64,2,before_multiple_rhs_problem_setup,2147136,2.04767
custom_lu,multiple_rhs,diagonally_dominant,64,2,after_multiple_rhs_problem_setup,2147136,2.04767
custom_lu,multiple_rhs,diagonally_dominant,64,2,before_custom_multiple_rhs_benchmark,2147136,2.04767
custom_lu,multiple_rhs,diagonally_dominant,64,2,after_custom_multiple_rhs_benchmark,2147136,2.04767
custom_lu,multiple_rhs,diagonally_dominant,64,2,before_custom_multiple_rhs_benchmark,2147136,2.04767
custom_lu,multiple_rhs,diagonally_dominant,64,2,after_custom_multiple_rhs_benchmark,2147136,2.04767
custom_lu,multiple_rhs,diagonally_dominant,64,2,before_custom_multiple_rhs_benchmark,2147136,2.04767
custom_lu,multiple_rhs,diagonally_dominant,64,2,after_custom_multiple_rhs_benchmark,2147136,2.04767
custom_lu,multiple_rhs,diagonally_dominant,64,2,before_custom_multiple_rhs_benchmark,2147136,2.04767
custom_lu,multiple_rhs,diagonally_dominant,64,2,after_custom_multiple_rhs_benchmark,2147136,2.04767
custom_lu,multiple_rhs,diagonally_dominant,64,2,before_custom_multiple_rhs_benchmark,2147136,2.04767
custom_lu,multiple_rhs,diagonally_dominant,64,2,after_custom_multiple_rhs_benchmark,2147136,2.04767
custom_lu,multiple_rhs,diagonally_dominant,64,3,before_multiple_rhs_problem_setup,2147136,2.04767
custom_lu,multiple_rhs,diagonally_dominant,64,3,after_multiple_rhs_problem_setup,2147136,2.04767
custom_lu,multiple_rhs,diagonally_dominant,64,3,before_custom_multiple_rhs_benchmark,2147136,2.04767
custom_lu,multiple_rhs,diagonally_dominant,64,3,after_custom_multiple_rhs_benchmark,2147136,2.04767
custom_lu,multiple_rhs,diagonally_dominant,64,3,before_custom_multiple_rhs_benchmark,2147136,2.04767
custom_lu,multiple_rhs,diagonally_dominant,64,3,after_custom_multiple_rhs_benchmark,2147136,2.04767
custom_lu,multiple_rhs,diagonally_dominant,64,3,before_custom_multiple_rhs_benchmark,2147136,2.04767
custom_lu,multiple_rhs,diagonally_dominant,64,3,after_custom_multiple_rhs_benchmark,2147136,2.04767
custom_lu,multiple_rhs,diagonally_dominant,64,3,before_custom_multiple_rhs_benchmark,2147136,2.04767
custom_lu,multiple_rhs,diagonally_dominant,64,3,after_custom_multiple_rhs_benchmark,2147136,2.04767
custom_lu,multiple_rhs,diagonally_dominant,64,3,before_custom_multiple_rhs_benchmark,2147136,2.04767
custom_lu,multiple_rhs,diagonally_dominant,64,3,after_custom_multiple_rhs_benchmark,2147136,2.04767
custom_lu,multiple_rhs,diagonally_dominant,64,4,before_multiple_rhs_problem_setup,2147136,2.04767
custom_lu,multiple_rhs,diagonally_dominant,64,4,after_multiple_rhs_problem_setup,2147136,2.04767
custom_lu,multiple_rhs,diagonally_dominant,64,4,before_custom_multiple_rhs_benchmark,2147136,2.04767
custom_lu,multiple_rhs,diagonally_dominant,64,4,after_custom_multiple_rhs_benchmark,2147136,2.04767
custom_lu,multiple_rhs,diagonally_dominant,64,4,before_custom_multiple_rhs_benchmark,2147136,2.04767
custom_lu,multiple_rhs,diagonally_dominant,64,4,after_custom_multiple_rhs_benchmark,2147136,2.04767
custom_lu,multiple_rhs,diagonally_dominant,64,4,before_custom_multiple_rhs_benchmark,2147136,2.04767
custom_lu,multiple_rhs,diagonally_dominant,64,4,after_custom_multiple_rhs_benchmark,2147136,2.04767
custom_lu,multiple_rhs,diagonally_dominant,64,4,before_custom_multiple_rhs_benchmark,2147136,2.04767
custom_lu,multiple_rhs,diagonally_dominant,64,4,after_custom_multiple_rhs_benchmark,2147136,2.04767
custom_lu,multiple_rhs,diagonally_dominant,64,4,before_custom_multiple_rhs_benchmark,2147136,2.04767
custom_lu,multiple_rhs,diagonally_dominant,64,4,after_custom_multiple_rhs_benchmark,2147136,2.04767
custom_lu,multiple_rhs,diagonally_dominant,64,5,before_multiple_rhs_problem_setup,2147136,2.04767
custom_lu,multiple_rhs,diagonally_dominant,64,5,after_multiple_rhs_problem_setup,2147136,2.04767
custom_lu,multiple_rhs,diagonally_dominant,64,5,before_custom_multiple_rhs_benchmark,2147136,2.04767
custom_lu,multiple_rhs,diagonally_dominant,64,5,after_custom_multiple_rhs_benchmark,2147136,2.04767
custom_lu,multiple_rhs,diagonally_dominant,64,5,before_custom_multiple_rhs_benchmark,2147136,2.04767
custom_lu,multiple_rhs,diagonally_dominant,64,5,after_custom_multiple_rhs_benchmark,2147136,2.04767
custom_lu,multiple_rhs,diagonally_dominant,64,5,before_custom_multiple_rhs_benchmark,2147136,2.04767
custom_lu,multiple_rhs,diagonally_dominant,64,5,after_custom_multiple_rhs_benchmark,2147136,2.04767
custom_lu,multiple_rhs,diagonally_dominant,64,5,before_custom_multiple_rhs_benchmark,2147136,2.04767
custom_lu,multiple_rhs,diagonally_dominant,64,5,after_custom_multiple_rhs_benchmark,2147136,2.04767
custom_lu,multiple_rhs,diagonally_dominant,64,5,before_custom_multiple_rhs_benchmark,2147136,2.04767
custom_lu,multiple_rhs,diagonally_dominant,64,5,after_custom_multiple_rhs_benchmark,2147136,2.04767
custom_lu,multiple_rhs,diagonally_dominant,64,6,before_multiple_rhs_problem_setup,2147136,2.04767
custom_lu,multiple_rhs,diagonally_dominant,64,6,after_multiple_rhs_problem_setup,2147136,2.04767
custom_lu,multiple_rhs,diagonally_dominant,64,6,before_custom_multiple_rhs_benchmark,2147136,2.04767
custom_lu,multiple_rhs,diagonally_dominant,64,6,after_custom_multiple_rhs_benchmark,2147136,2.04767
custom_lu,multiple_rhs,diagonally_dominant,64,6,before_custom_multiple_rhs_benchmark,2147136,2.04767
custom_lu,multiple_rhs,diagonally_dominant,64,6,after_custom_multiple_rhs_benchmark,2147136,2.04767
custom_lu,multiple_rhs,diagonally_dominant,64,6,before_custom_multiple_rhs_benchmark,2147136,2.04767
custom_lu,multiple_rhs,diagonally_dominant,64,6,after_custom_multiple_rhs_benchmark,2147136,2.04767
custom_lu,multiple_rhs,diagonally_dominant,64,6,before_custom_multiple_rhs_benchmark,2147136,2.04767
custom_lu,multiple_rhs,diagonally_dominant,64,6,after_custom_multiple_rhs_benchmark,2147136,2.04767
custom_lu,multiple_rhs,diagonally_dominant,64,6,before_custom_multiple_rhs_benchmark,2147136,2.04767
custom_lu,multiple_rhs,diagonally_dominant,64,6,after_custom_multiple_rhs_benchmark,2147136,2.04767
custom_lu,multiple_rhs,diagonally_dominant,64,7,before_multiple_rhs_problem_setup,2147136,2.04767
custom_lu,multiple_rhs,diagonally_dominant,64,7,after_multiple_rhs_problem_setup,2147136,2.04767
custom_lu,multiple_rhs,diagonally_dominant,64,7,before_custom_multiple_rhs_benchmark,2147136,2.04767
custom_lu,multiple_rhs,diagonally_dominant,64,7,after_custom_multiple_rhs_benchmark,2147136,2.04767
custom_lu,multiple_rhs,diagonally_dominant,64,7,before_custom_multiple_rhs_benchmark,2147136,2.04767
custom_lu,multiple_rhs,diagonally_dominant,64,7,after_custom_multiple_rhs_benchmark,2147136,2.04767
custom_lu,multiple_rhs,diagonally_dominant,64,7,before_custom_multiple_rhs_benchmark,2147136,2.04767
custom_lu,multiple_rhs,diagonally_dominant,64,7,after_custom_multiple_rhs_benchmark,2147136,2.04767
custom_lu,multiple_rhs,diagonally_dominant,64,7,before_custom_multiple_rhs_benchmark,2147136,2.04767
custom_lu,multiple_rhs,diagonally_dominant,64,7,after_custom_multiple_rhs_benchmark,2147136,2.04767
custom_lu,multiple_rhs,diagonally_dominant,64,7,before_custom_multiple_rhs_benchmark,2147136,2.04767
custom_lu,multiple_rhs,diagonally_dominant,64,7,after_custom_multiple_rhs_benchmark,2147136,2.04767
custom_lu,multiple_rhs,diagonally_dominant,64,8,before_multiple_rhs_problem_setup,2147136,2.04767
custom_lu,multiple_rhs,diagonally_dominant,64,8,after_multiple_rhs_problem_setup,2147136,2.04767
custom_lu,multiple_rhs,diagonally_dominant,64,8,before_custom_multiple_rhs_benchmark,2147136,2.04767
custom_lu,multiple_rhs,diagonally_dominant,64,8,after_custom_multiple_rhs_benchmark,2147136,2.04767
custom_lu,multiple_rhs,diagonally_dominant,64,8,before_custom_multiple_rhs_benchmark,2147136,2.04767
custom_lu,multiple_rhs,diagonally_dominant,64,8,after_custom_multiple_rhs_benchmark,2147136,2.04767
custom_lu,multiple_rhs,diagonally_dominant,64,8,before_custom_multiple_rhs_benchmark,2147136,2.04767
custom_lu,multiple_rhs,diagonally_dominant,64,8,after_custom_multiple_rhs_benchmark,2147136,2.04767
custom_lu,multiple_rhs,diagonally_dominant,64,8,before_custom_multiple_rhs_benchmark,2147136,2.04767
custom_lu,multiple_rhs,diagonally_dominant,64,8,after_custom_multiple_rhs_benchmark,2147136,2.04767
custom_lu,multiple_rhs,diagonally_dominant,64,8,before_custom_multiple_rhs_benchmark,2147136,2.04767
custom_lu,multiple_rhs,diagonally_dominant,64,8,after_custom_multiple_rhs_benchmark,2147136,2.04767
custom_lu,multiple_rhs,diagonally_dominant,64,9,before_multiple_rhs_problem_setup,2147136,2.04767
custom_lu,multiple_rhs,diagonally_dominant,64,9,after_multiple_rhs_problem_setup,2147136,2.04767
custom_lu,multiple_rhs,diagonally_dominant,64,9,before_custom_multiple_rhs_benchmark,2147136,2.04767
custom_lu,multiple_rhs,diagonally_dominant,64,9,after_custom_multiple_rhs_benchmark,2147136,2.04767
custom_lu,multiple_rhs,diagonally_dominant,64,9,before_custom_multiple_rhs_benchmark,2147136,2.04767
custom_lu,multiple_rhs,diagonally_dominant,64,9,after_custom_multiple_rhs_benchmark,2147136,2.04767
custom_lu,multiple_rhs,diagonally_dominant,64,9,before_custom_multiple_rhs_benchmark,2147136,2.04767
custom_lu,multiple_rhs,diagonally_dominant,64,9,after_custom_multiple_rhs_benchmark,2147136,2.04767
custom_lu,multiple_rhs,diagonally_dominant,64,9,before_custom_multiple_rhs_benchmark,2147136,2.04767
custom_lu,multiple_rhs,diagonally_dominant,64,9,after_custom_multiple_rhs_benchmark,2147136,2.04767
custom_lu,multiple_rhs,diagonally_dominant,64,9,before_custom_multiple_rhs_benchmark,2147136,2.04767
custom_lu,multiple_rhs,diagonally_dominant,64,9,after_custom_multiple_rhs_benchmark,2147136,2.04767
custom_lu,multiple_rhs,diagonally_dominant,64,10,before_multiple_rhs_problem_setup,2147136,2.04767
custom_lu,multiple_rhs,diagonally_dominant,64,10,after_multiple_rhs_problem_setup,2147136,2.04767
custom_lu,multiple_rhs,diagonally_dominant,64,10,before_custom_multiple_rhs_benchmark,2147136,2.04767
custom_lu,multiple_rhs,diagonally_dominant,64,10,after_custom_multiple_rhs_benchmark,2147136,2.04767
custom_lu,multiple_rhs,diagonally_dominant,64,10,before_custom_multiple_rhs_benchmark,2147136,2.04767
custom_lu,multiple_rhs,diagonally_dominant,64,10,after_custom_multiple_rhs_benchmark,2147136,2.04767
custom_lu,multiple_rhs,diagonally_dominant,64,10,before_custom_multiple_rhs_benchmark,2147136,2.04767
custom_lu,multiple_rhs,diagonally_dominant,64,10,after_custom_multiple_rhs_benchmark,2147136,2.04767
custom_lu,multiple_rhs,diagonally_dominant,64,10,before_custom_multiple_rhs_benchmark,2147136,2.04767
custom_lu,multiple_rhs,diagonally_dominant,64,10,after_custom_multiple_rhs_benchmark,2147136,2.04767
custom_lu,multiple_rhs,diagonally_dominant,64,10,before_custom_multiple_rhs_benchmark,2147136,2.04767
custom_lu,multiple_rhs,diagonally_dominant,64,10,after_custom_multiple_rhs_benchmark,2147136,2.04767
custom_lu,multiple_rhs,diagonally_dominant,64,11,before_multiple_rhs_problem_setup,2147136,2.04767
custom_lu,multiple_rhs,diagonally_dominant,64,11,after_multiple_rhs_problem_setup,2147136,2.04767
custom_lu,multiple_rhs,diagonally_dominant,64,11,before_custom_multiple_rhs_benchmark,2147136,2.04767
custom_lu,multiple_rhs,diagonally_dominant,64,11,after_custom_multiple_rhs_benchmark,2147136,2.04767
custom_lu,multiple_rhs,diagonally_dominant,64,11,before_custom_multiple_rhs_benchmark,2147136,2.04767
custom_lu,multiple_rhs,diagonally_dominant,64,11,after_custom_multiple_rhs_benchmark,2147136,2.04767
custom_lu,multiple_rhs,diagonally_dominant,64,11,before_custom_multiple_rhs_benchmark,2147136,2.04767
custom_lu,multiple_rhs,diagonally_dominant,64,11,after_custom_multiple_rhs_benchmark,2147136,2.04767
custom_lu,multiple_rhs,diagonally_dominant,64,11,before_custom_multiple_rhs_benchmark,2147136,2.04767
custom_lu,multiple_rhs,diagonally_dominant,64,11,after_custom_multiple_rhs_benchmark,2147136,2.04767
custom_lu,multiple_rhs,diagonally_dominant,64,11,before_custom_multiple_rhs_benchmark,2147136,2.04767
custom_lu,multiple_rhs,diagonally_dominant,64,11,after_custom_multiple_rhs_benchmark,2147136,2.04767
custom_lu,multiple_rhs,diagonally_dominant,64,12,before_multiple_rhs_problem_setup,2147136,2.04767
custom_lu,multiple_rhs,diagonally_dominant,64,12,after_multiple_rhs_problem_setup,2147136,2.04767
custom_lu,multiple_rhs,diagonally_dominant,64,12,before_custom_multiple_rhs_benchmark,2147136,2.04767
custom_lu,multiple_rhs,diagonally_dominant,64,12,after_custom_multiple_rhs_benchmark,2147136,2.04767
custom_lu,multiple_rhs,diagonally_dominant,64,12,before_custom_multiple_rhs_benchmark,2147136,2.04767
custom_lu,multiple_rhs,diagonally_dominant,64,12,after_custom_multiple_rhs_benchmark,2147136,2.04767
custom_lu,multiple_rhs,diagonally_dominant,64,12,before_custom_multiple_rhs_benchmark,2147136,2.04767
custom_lu,multiple_rhs,diagonally_dominant,64,12,after_custom_multiple_rhs_benchmark,2147136,2.04767
custom_lu,multiple_rhs,diagonally_dominant,64,12,before_custom_multiple_rhs_benchmark,2147136,2.04767
custom_lu,multiple_rhs,diagonally_dominant,64,12,after_custom_multiple_rhs_benchmark,2147136,2.04767
custom_lu,multiple_rhs,diagonally_dominant,64,12,before_custom_multiple_rhs_benchmark,2147136,2.04767
custom_lu,multiple_rhs,diagonally_dominant,64,12,after_custom_multiple_rhs_benchmark,2147136,2.04767
custom_lu,multiple_rhs,diagonally_dominant,64,13,before_multiple_rhs_problem_setup,2147136,2.04767
custom_lu,multiple_rhs,diagonally_dominant,64,13,after_multiple_rhs_problem_setup,2147136,2.04767
custom_lu,multiple_rhs,diagonally_dominant,64,13,before_custom_multiple_rhs_benchmark,2147136,2.04767
custom_lu,multiple_rhs,diagonally_dominant,64,13,after_custom_multiple_rhs_benchmark,2147136,2.04767
custom_lu,multiple_rhs,diagonally_dominant,64,13,before_custom_multiple_rhs_benchmark,2147136,2.04767
custom_lu,multiple_rhs,diagonally_dominant,64,13,after_custom_multiple_rhs_benchmark,2147136,2.04767
custom_lu,multiple_rhs,diagonally_dominant,64,13,before_custom_multiple_rhs_benchmark,2147136,2.04767
custom_lu,multiple_rhs,diagonally_dominant,64,13,after_custom_multiple_rhs_benchmark,2147136,2.04767
custom_lu,multiple_rhs,diagonally_dominant,64,13,before_custom_multiple_rhs_benchmark,2147136,2.04767
custom_lu,multiple_rhs,diagonally_dominant,64,13,after_custom_multiple_rhs_benchmark,2147136,2.04767
custom_lu,multiple_rhs,diagonally_dominant,64,13,before_custom_multiple_rhs_benchmark,2147136,2.04767
custom_lu,multiple_rhs,diagonally_dominant,64,13,after_custom_multiple_rhs_benchmark,2147136,2.04767
custom_lu,multiple_rhs,diagonally_dominant,64,14,before_multiple_rhs_problem_setup,2147136,2.04767
custom_lu,multiple_rhs,diagonally_dominant,64,14,after_multiple_rhs_problem_setup,2147136,2.04767
custom_lu,multiple_rhs,diagonally_dominant,64,14,before_custom_multiple_rhs_benchmark,2147136,2.04767
custom_lu,multiple_rhs,diagonally_dominant,64,14,after_custom_multiple_rhs_benchmark,2147136,2.04767
custom_lu,multiple_rhs,diagonally_dominant,64,14,before_custom_multiple_rhs_benchmark,2147136,2.04767
custom_lu,multiple_rhs,diagonally_dominant,64,14,after_custom_multiple_rhs_benchmark,2147136,2.04767
custom_lu,multiple_rhs,diagonally_dominant,64,14,before_custom_multiple_rhs_benchmark,2147136,2.04767
custom_lu,multiple_rhs,diagonally_dominant,64,14,after_custom_multiple_rhs_benchmark,2147136,2.04767
custom_lu,multiple_rhs,diagonally_dominant,64,14,before_custom_multiple_rhs_benchmark,2147136,2.04767
custom_lu,multiple_rhs,diagonally_dominant,64,14,after_custom_multiple_rhs_benchmark,2147136,2.04767
custom_lu,multiple_rhs,diagonally_dominant,64,14,before_custom_multiple_rhs_benchmark,2147136,2.04767
custom_lu,multiple_rhs,diagonally_dominant,64,14,after_custom_multiple_rhs_benchmark,2147136,2.04767
custom_lu,multiple_rhs,random_dense,128,0,before_multiple_rhs_problem_setup,2147136,2.04767
custom_lu,multiple_rhs,random_dense,128,0,after_multiple_rhs_problem_setup,2147136,2.04767
custom_lu,multiple_rhs,random_dense,128,0,before_custom_multiple_rhs_benchmark,2147136,2.04767
custom_lu,multiple_rhs,random_dense,128,0,after_custom_multiple_rhs_benchmark,2147136,2.04767
custom_lu,multiple_rhs,random_dense,128,0,before_custom_multiple_rhs_benchmark,2147136,2.04767
custom_lu,multiple_rhs,random_dense,128,0,after_custom_multiple_rhs_benchmark,2147136,2.04767
custom_lu,multiple_rhs,random_dense,128,0,before_custom_multiple_rhs_benchmark,2147136,2.04767
custom_lu,multiple_rhs,random_dense,128,0,after_custom_multiple_rhs_benchmark,2147136,2.04767
custom_lu,multiple_rhs,random_dense,128,0,before_custom_multiple_rhs_benchmark,2147136,2.04767
custom_lu,multiple_rhs,random_dense,128,0,after_custom_multiple_rhs_benchmark,2147136,2.04767
custom_lu,multiple_rhs,random_dense,128,0,before_custom_multiple_rhs_benchmark,2147136,2.04767
custom_lu,multiple_rhs,random_dense,128,0,after_custom_multiple_rhs_benchmark,2147136,2.04767
custom_lu,multiple_rhs,random_dense,128,1,before_multiple_rhs_problem_setup,2147136,2.04767
custom_lu,multiple_rhs,random_dense,128,1,after_multiple_rhs_problem_setup,2147136,2.04767
custom_lu,multiple_rhs,random_dense,128,1,before_custom_multiple_rhs_benchmark,2147136,2.04767
custom_lu,multiple_rhs,random_dense,128,1,after_custom_multiple_rhs_benchmark,2147136,2.04767
custom_lu,multiple_rhs,random_dense,128,1,before_custom_multiple_rhs_benchmark,2147136,2.04767
custom_lu,multiple_rhs,random_dense,128,1,after_custom_multiple_rhs_benchmark,2147136,2.04767
custom_lu,multiple_rhs,random_dense,128,1,before_custom_multiple_rhs_benchmark,2147136,2.04767
custom_lu,multiple_rhs,random_dense,128,1,after_custom_multiple_rhs_benchmark,2147136,2.04767
custom_lu,multiple_rhs,random_dense,128,1,before_custom_multiple_rhs_benchmark,2147136,2.04767
custom_lu,multiple_rhs,random_dense,128,1,after_custom_multiple_rhs_benchmark,2147136,2.04767
custom_lu,multiple_rhs,random_dense,128,1,before_custom_multiple_rhs_benchmark,2147136,2.04767
custom_lu,multiple_rhs,random_dense,128,1,after_custom_multiple_rhs_benchmark,2147136,2.04767
custom_lu,multiple_rhs,random_dense,128,2,before_multiple_rhs_problem_setup,2147136,2.04767
custom_lu,multiple_rhs,random_dense,128,2,after_multiple_rhs_problem_setup,2147136,2.04767
custom_lu,multiple_rhs,random_dense,128,2,before_custom_multiple_rhs_benchmark,2147136,2.04767
custom_lu,multiple_rhs,random_dense,128,2,after_custom_multiple_rhs_benchmark,2147136,2.04767
custom_lu,multiple_rhs,random_dense,128,2,before_custom_multiple_rhs_benchmark,2147136,2.04767
custom_lu,multiple_rhs,random_dense,128,2,after_custom_multiple_rhs_benchmark,2147136,2.04767
custom_lu,multiple_rhs,random_dense,128,2,before_custom_multiple_rhs_benchmark,2147136,2.04767
custom_lu,multiple_rhs,random_dense,128,2,after_custom_multiple_rhs_benchmark,2147136,2.04767
custom_lu,multiple_rhs,random_dense,128,2,before_custom_multiple_rhs_benchmark,2147136,2.04767
custom_lu,multiple_rhs,random_dense,128,2,after_custom_multiple_rhs_benchmark,2147136,2.04767
custom_lu,multiple_rhs,random_dense,128,2,before_custom_multiple_rhs_benchmark,2147136,2.04767
custom_lu,multiple_rhs,random_dense,128,2,after_custom_multiple_rhs_benchmark,2147136,2.04767
custom_lu,multiple_rhs,random_dense,128,3,before_multiple_rhs_problem_setup,2147136,2.04767
custom_lu,multiple_rhs,random_dense,128,3,after_multiple_rhs_problem_setup,2147136,2.04767
custom_lu,multiple_rhs,random_dense,128,3,before_custom_multiple_rhs_benchmark,2147136,2.04767
custom_lu,multiple_rhs,random_dense,128,3,after_custom_multiple_rhs_benchmark,2147136,2.04767
custom_lu,multiple_rhs,random_dense,128,3,before_custom_multiple_rhs_benchmark,2147136,2.04767
custom_lu,multiple_rhs,random_dense,128,3,after_custom_multiple_rhs_benchmark,2147136,2.04767
custom_lu,multiple_rhs,random_dense,128,3,before_custom_multiple_rhs_benchmark,2147136,2.04767
custom_lu,multiple_rhs,random_dense,128,3,after_custom_multiple_rhs_benchmark,2147136,2.04767
custom_lu,multiple_rhs,random_dense,128,3,before_custom_multiple_rhs_benchmark,2147136,2.04767
custom_lu,multiple_rhs,random_dense,128,3,after_custom_multiple_rhs_benchmark,2147136,2.04767
custom_lu,multiple_rhs,random_dense,128,3,before_custom_multiple_rhs_benchmark,2147136,2.04767
custom_lu,multiple_rhs,random_dense,128,3,after_custom_multiple_rhs_benchmark,2147136,2.04767
custom_lu,multiple_rhs,random_dense,128,4,before_multiple_rhs_problem_setup,2147136,2.04767
custom_lu,multiple_rhs,random_dense,128,4,after_multiple_rhs_problem_setup,2147136,2.04767
custom_lu,multiple_rhs,random_dense,128,4,before_custom_multiple_rhs_benchmark,2147136,2.04767
custom_lu,multiple_rhs,random_dense,128,4,after_custom_multiple_rhs_benchmark,2147136,2.04767
custom_lu,multiple_rhs,random_dense,128,4,before_custom_multiple_rhs_benchmark,2147136,2.04767
custom_lu,multiple_rhs,random_dense,128,4,after_custom_multiple_rhs_benchmark,2147136,2.04767
custom_lu,multiple_rhs,random_dense,128,4,before_custom_multiple_rhs_benchmark,2147136,2.04767
custom_lu,multiple_rhs,random_dense,128,4,after_custom_multiple_rhs_benchmark,2147136,2.04767
custom_lu,multiple_rhs,random_dense,128,4,before_custom_multiple_rhs_benchmark,2147136,2.04767
custom_lu,multiple_rhs,random_dense,128,4,after_custom_multiple_rhs_benchmark,2147136,2.04767
custom_lu,multiple_rhs,random_dense,128,4,before_custom_multiple_rhs_benchmark,2147136,2.04767
custom_lu,multiple_rhs,random_dense,128,4,after_custom_multiple_rhs_benchmark,2147136,2.04767
custom_lu,multiple_rhs,random_dense,128,5,before_multiple_rhs_problem_setup,2147136,2.04767
custom_lu,multiple_rhs,random_dense,128,5,after_multiple_rhs_problem_setup,2147136,2.04767
custom_lu,multiple_rhs,random_dense,128,5,before_custom_multiple_rhs_benchmark,2147136,2.04767
custom_lu,multiple_rhs,random_dense,128,5,after_custom_multiple_rhs_benchmark,2147136,2.04767
custom_lu,multiple_rhs,random_dense,128,5,before_custom_multiple_rhs_benchmark,2147136,2.04767
custom_lu,multiple_rhs,random_dense,128,5,after_custom_multiple_rhs_benchmark,2147136,2.04767
custom_lu,multiple_rhs,random_dense,128,5,before_custom_multiple_rhs_benchmark,2147136,2.04767
custom_lu,multiple_rhs,random_dense,128,5,after_custom_multiple_rhs_benchmark,2147136,2.04767
custom_lu,multiple_rhs,random_dense,128,5,before_custom_multiple_rhs_benchmark,2147136,2.04767
custom_lu,multiple_rhs,random_dense,128,5,after_custom_multiple_rhs_benchmark,2147136,2.04767
custom_lu,multiple_rhs,random_dense,128,5,before_custom_multiple_rhs_benchmark,2147136,2.04767
custom_lu,multiple_rhs,random_dense,128,5,after_custom_multiple_rhs_benchmark,2147136,2.04767
custom_lu,multiple_rhs,random_dense,128,6,before_multiple_rhs_problem_setup,2147136,2.04767
custom_lu,multiple_rhs,random_dense,128,6,after_multiple_rhs_problem_setup,2147136,2.04767
custom_lu,multiple_rhs,random_dense,128,6,before_custom_multiple_rhs_benchmark,2147136,2.04767
custom_lu,multiple_rhs,random_dense,128,6,after_custom_multiple_rhs_benchmark,2147136,2.04767
custom_lu,multiple_rhs,random_dense,128,6,before_custom_multiple_rhs_benchmark,2147136,2.04767
custom_lu,multiple_rhs,random_dense,128,6,after_custom_multiple_rhs_benchmark,2147136,2.04767
custom_lu,multiple_rhs,random_dense,128,6,before_custom_multiple_rhs_benchmark,2147136,2.04767
custom_lu,multiple_rhs,random_dense,128,6,after_custom_multiple_rhs_benchmark,2147136,2.04767
custom_lu,multiple_rhs,random_dense,128,6,before_custom_multiple_rhs_benchmark,2147136,2.04767
custom_lu,multiple_rhs,random_dense,128,6,after_custom_multiple_rhs_benchmark,2147136,2.04767
custom_lu,multiple_rhs,random_dense,128,6,before_custom_multiple_rhs_benchmark,2147136,2.04767
custom_lu,multiple_rhs,random_dense,128,6,after_custom_multiple_rhs_benchmark,2147136,2.04767
custom_lu,multiple_rhs,random_dense,128,7,before_multiple_rhs_problem_setup,2147136,2.04767
custom_lu,multiple_rhs,random_dense,128,7,after_multiple_rhs_problem_setup,2147136,2.04767
custom_lu,multiple_rhs,random_dense,128,7,before_custom_multiple_rhs_benchmark,2147136,2.04767
custom_lu,multiple_rhs,random_dense,128,7,after_custom_multiple_rhs_benchmark,2147136,2.04767
custom_lu,multiple_rhs,random_dense,128,7,before_custom_multiple_rhs_benchmark,2147136,2.04767
custom_lu,multiple_rhs,random_dense,128,7,after_custom_multiple_rhs_benchmark,2147136,2.04767
custom_lu,multiple_rhs,random_dense,128,7,before_custom_multiple_rhs_benchmark,2147136,2.04767
custom_lu,multiple_rhs,random_dense,128,7,after_custom_multiple_rhs_benchmark,2147136,2.04767
custom_lu,multiple_rhs,random_dense,128,7,before_custom_multiple_rhs_benchmark,2147136,2.04767
custom_lu,multiple_rhs,random_dense,128,7,after_custom_multiple_rhs_benchmark,2147136,2.04767
custom_lu,multiple_rhs,random_dense,128,7,before_custom_multiple_rhs_benchmark,2147136,2.04767
custom_lu,multiple_rhs,random_dense,128,7,after_custom_multiple_rhs_benchmark,2147136,2.04767
custom_lu,multiple_rhs,random_dense,128,8,before_multiple_rhs_problem_setup,2147136,2.04767
custom_lu,multiple_rhs,random_dense,128,8,after_multiple_rhs_problem_setup,2147136,2.04767
custom_lu,multiple_rhs,random_dense,128,8,before_custom_multiple_rhs_benchmark,2147136,2.04767
custom_lu,multiple_rhs,random_dense,128,8,after_custom_multiple_rhs_benchmark,2147136,2.04767
custom_lu,multiple_rhs,random_dense,128,8,before_custom_multiple_rhs_benchmark,2147136,2.04767
custom_lu,multiple_rhs,random_dense,128,8,after_custom_multiple_rhs_benchmark,2147136,2.04767
custom_lu,multiple_rhs,random_dense,128,8,before_custom_multiple_rhs_benchmark,2147136,2.04767
custom_lu,multiple_rhs,random_dense,128,8,after_custom_multiple_rhs_benchmark,2147136,2.04767
custom_lu,multiple_rhs,random_dense,128,8,before_custom_multiple_rhs_benchmark,2147136,2.04767
custom_lu,multiple_rhs,random_dense,128,8,after_custom_multiple_rhs_benchmark,2147136,2.04767
custom_lu,multiple_rhs,random_dense,128,8,before_custom_multiple_rhs_benchmark,2147136,2.04767
custom_lu,multiple_rhs,random_dense,128,8,after_custom_multiple_rhs_benchmark,2147136,2.04767
custom_lu,multiple_rhs,random_dense,128,9,before_multiple_rhs_problem_setup,2147136,2.04767
custom_lu,multiple_rhs,random_dense,128,9,after_multiple_rhs_problem_setup,2147136,2.04767
custom_lu,multiple_rhs,random_dense,128,9,before_custom_multiple_rhs_benchmark,2147136,2.04767
custom_lu,multiple_rhs,random_dense,128,9,after_custom_multiple_rhs_benchmark,2147136,2.04767
custom_lu,multiple_rhs,random_dense,128,9,before_custom_multiple_rhs_benchmark,2147136,2.04767
custom_lu,multiple_rhs,random_dense,128,9,after_custom_multiple_rhs_benchmark,2147136,2.04767
custom_lu,multiple_rhs,random_dense,128,9,before_custom_multiple_rhs_benchmark,2147136,2.04767
custom_lu,multiple_rhs,random_dense,128,9,after_custom_multiple_rhs_benchmark,2147136,2.04767
custom_lu,multiple_rhs,random_dense,128,9,before_custom_multiple_rhs_benchmark,2147136,2.04767
custom_lu,multiple_rhs,random_dense,128,9,after_custom_multiple_rhs_benchmark,2147136,2.04767
custom_lu,multiple_rhs,random_dense,128,9,before_custom_multiple_rhs_benchmark,2147136,2.04767
custom_lu,multiple_rhs,random_dense,128,9,after_custom_multiple_rhs_benchmark,2147136,2.04767
custom_lu,multiple_rhs,random_dense,128,10,before_multiple_rhs_problem_setup,2147136,2.04767
custom_lu,multiple_rhs,random_dense,128,10,after_multiple_rhs_problem_setup,2147136,2.04767
custom_lu,multiple_rhs,random_dense,128,10,before_custom_multiple_rhs_benchmark,2147136,2.04767
custom_lu,multiple_rhs,random_dense,128,10,after_custom_multiple_rhs_benchmark,2147136,2.04767
custom_lu,multiple_rhs,random_dense,128,10,before_custom_multiple_rhs_benchmark,2147136,2.04767
custom_lu,multiple_rhs,random_dense,128,10,after_custom_multiple_rhs_benchmark,2147136,2.04767
custom_lu,multiple_rhs,random_dense,128,10,before_custom_multiple_rhs_benchmark,2147136,2.04767
custom_lu,multiple_rhs,random_dense,128,10,after_custom_multiple_rhs_benchmark,2147136,2.04767
custom_lu,multiple_rhs,random_dense,128,10,before_custom_multiple_rhs_benchmark,2147136,2.04767
custom_lu,multiple_rhs,random_dense,128,10,after_custom_multiple_rhs_benchmark,2147136,2.04767
custom_lu,multiple_rhs,random_dense,128,10,before_custom_multiple_rhs_benchmark,2147136,2.04767
custom_lu,multiple_rhs,random_dense,128,10,after_custom_multiple_rhs_benchmark,2147136,2.04767
custom_lu,multiple_rhs,random_dense,128,11,before_multiple_rhs_problem_setup,2147136,2.04767
custom_lu,multiple_rhs,random_dense,128,11,after_multiple_rhs_problem_setup,2147136,2.04767
custom_lu,multiple_rhs,random_dense,128,11,before_custom_multiple_rhs_benchmark,2147136,2.04767
custom_lu,multiple_rhs,random_dense,128,11,after_custom_multiple_rhs_benchmark,2147136,2.04767
custom_lu,multiple_rhs,random_dense,128,11,before_custom_multiple_rhs_benchmark,2147136,2.04767
custom_lu,multiple_rhs,random_dense,128,11,after_custom_multiple_rhs_benchmark,2147136,2.04767
custom_lu,multiple_rhs,random_dense,128,11,before_custom_multiple_rhs_benchmark,2147136,2.04767
custom_lu,multiple_rhs,random_dense,128,11,after_custom_multiple_rhs_benchmark,2147136,2.04767
custom_lu,multiple_rhs,random_dense,128,11,before_custom_multiple_rhs_benchmark,2147136,2.04767
custom_lu,multiple_rhs,random_dense,128,11,after_custom_multiple_rhs_benchmark,2147136,2.04767
custom_lu,multiple_rhs,random_dense,128,11,before_custom_multiple_rhs_benchmark,2147136,2.04767
custom_lu,multiple_rhs,random_dense,128,11,after_custom_multiple_rhs_benchmark,2147136,2.04767
custom_lu,multiple_rhs,random_dense,128,12,before_multiple_rhs_problem_setup,2147136,2.04767
custom_lu,multiple_rhs,random_dense,128,12,after_multiple_rhs_problem_setup,2147136,2.04767
custom_lu,multiple_rhs,random_dense,128,12,before_custom_multiple_rhs_benchmark,2147136,2.04767
custom_lu,multiple_rhs,random_dense,128,12,after_custom_multiple_rhs_benchmark,2147136,2.04767
custom_lu,multiple_rhs,random_dense,128,12,before_custom_multiple_rhs_benchmark,2147136,2.04767
custom_lu,multiple_rhs,random_dense,128,12,after_custom_multiple_rhs_benchmark,2147136,2.04767
custom_lu,multiple_rhs,random_dense,128,12,before_custom_multiple_rhs_benchmark,2147136,2.04767
custom_lu,multiple_rhs,random_dense,128,12,after_custom_multiple_rhs_benchmark,2147136,2.04767
custom_lu,multiple_rhs,random_dense,128,12,before_custom_multiple_rhs_benchmark,2147136,2.04767
custom_lu,multiple_rhs,random_dense,128,12,after_custom_multiple_rhs_benchmark,2147136,2.04767
custom_lu,multiple_rhs,random_dense,128,12,before_custom_multiple_rhs_benchmark,2147136,2.04767
custom_lu,multiple_rhs,random_dense,128,12,after_custom_multiple_rhs_benchmark,2147136,2.04767
custom_lu,multiple_rhs,random_dense,128,13,before_multiple_rhs_problem_setup,2147136,2.04767
custom_lu,multiple_rhs,random_dense,128,13,after_multiple_rhs_problem_setup,2147136,2.04767
custom_lu,multiple_rhs,random_dense,128,13,before_custom_multiple_rhs_benchmark,2147136,2.04767
custom_lu,multiple_rhs,random_dense,128,13,after_custom_multiple_rhs_benchmark,2147136,2.04767
custom_lu,multiple_rhs,random_dense,128,13,before_custom_multiple_rhs_benchmark,2147136,2.04767
custom_lu,multiple_rhs,random_dense,128,13,after_custom_multiple_rhs_benchmark,2147136,2.04767
custom_lu,multiple_rhs,random_dense,128,13,before_custom_multiple_rhs_benchmark,2147136,2.04767
custom_lu,multiple_rhs,random_dense,128,13,after_custom_multiple_rhs_benchmark,2147136,2.04767
custom_lu,multiple_rhs,random_dense,128,13,before_custom_multiple_rhs_benchmark,2147136,2.04767
custom_lu,multiple_rhs,random_dense,128,13,after_custom_multiple_rhs_benchmark,2147136,2.04767
custom_lu,multiple_rhs,random_dense,128,13,before_custom_multiple_rhs_benchmark,2147136,2.04767
custom_lu,multiple_rhs,random_dense,128,13,after_custom_multiple_rhs_benchmark,2147136,2.04767
custom_lu,multiple_rhs,random_dense,128,14,before_multiple_rhs_problem_setup,2147136,2.04767
custom_lu,multiple_rhs,random_dense,128,14,after_multiple_rhs_problem_setup,2147136,2.04767
custom_lu,multiple_rhs,random_dense,128,14,before_custom_multiple_rhs_benchmark,2147136,2.04767
custom_lu,multiple_rhs,random_dense,128,14,after_custom_multiple_rhs_benchmark,2147136,2.04767
custom_lu,multiple_rhs,random_dense,128,14,before_custom_multiple_rhs_benchmark,2147136,2.04767
custom_lu,multiple_rhs,random_dense,128,14,after_custom_multiple_rhs_benchmark,2147136,2.04767
custom_lu,multiple_rhs,random_dense,128,14,before_custom_multiple_rhs_benchmark,2147136,2.04767
custom_lu,multiple_rhs,random_dense,128,14,after_custom_multiple_rhs_benchmark,2147136,2.04767
custom_lu,multiple_rhs,random_dense,128,14,before_custom_multiple_rhs_benchmark,2147136,2.04767
custom_lu,multiple_rhs,random_dense,128,14,after_custom_multiple_rhs_benchmark,2147136,2.04767
custom_lu,multiple_rhs,random_dense,128,14,before_custom_multiple_rhs_benchmark,2147136,2.04767
custom_lu,multiple_rhs,random_dense,128,14,after_custom_multiple_rhs_benchmark,2147136,2.04767
custom_lu,multiple_rhs,diagonally_dominant,128,0,before_multiple_rhs_problem_setup,2147136,2.04767
custom_lu,multiple_rhs,diagonally_dominant,128,0,after_multiple_rhs_problem_setup,2147136,2.04767
custom_lu,multiple_rhs,diagonally_dominant,128,0,before_custom_multiple_rhs_benchmark,2147136,2.04767
custom_lu,multiple_rhs,diagonally_dominant,128,0,after_custom_multiple_rhs_benchmark,2147136,2.04767
custom_lu,multiple_rhs,diagonally_dominant,128,0,before_custom_multiple_rhs_benchmark,2147136,2.04767
custom_lu,multiple_rhs,diagonally_dominant,128,0,after_custom_multiple_rhs_benchmark,2147136,2.04767
custom_lu,multiple_rhs,diagonally_dominant,128,0,before_custom_multiple_rhs_benchmark,2147136,2.04767
custom_lu,multiple_rhs,diagonally_dominant,128,0,after_custom_multiple_rhs_benchmark,2147136,2.04767
custom_lu,multiple_rhs,diagonally_dominant,128,0,before_custom_multiple_rhs_benchmark,2147136,2.04767
custom_lu,multiple_rhs,diagonally_dominant,128,0,after_custom_multiple_rhs_benchmark,2147136,2.04767
custom_lu,multiple_rhs,diagonally_dominant,128,0,before_custom_multiple_rhs_benchmark,2147136,2.04767
custom_lu,multiple_rhs,diagonally_dominant,128,0,after_custom_multiple_rhs_benchmark,2147136,2.04767
custom_lu,multiple_rhs,diagonally_dominant,128,1,before_multiple_rhs_problem_setup,2147136,2.04767
custom_lu,multiple_rhs,diagonally_dominant,128,1,after_multiple_rhs_problem_setup,2147136,2.04767
custom_lu,multiple_rhs,diagonally_dominant,128,1,before_custom_multiple_rhs_benchmark,2147136,2.04767
custom_lu,multiple_rhs,diagonally_dominant,128,1,after_custom_multiple_rhs_benchmark,2147136,2.04767
custom_lu,multiple_rhs,diagonally_dominant,128,1,before_custom_multiple_rhs_benchmark,2147136,2.04767
custom_lu,multiple_rhs,diagonally_dominant,128,1,after_custom_multiple_rhs_benchmark,2147136,2.04767
custom_lu,multiple_rhs,diagonally_dominant,128,1,before_custom_multiple_rhs_benchmark,2147136,2.04767
custom_lu,multiple_rhs,diagonally_dominant,128,1,after_custom_multiple_rhs_benchmark,2147136,2.04767
custom_lu,multiple_rhs,diagonally_dominant,128,1,before_custom_multiple_rhs_benchmark,2147136,2.04767
custom_lu,multiple_rhs,diagonally_dominant,128,1,after_custom_multiple_rhs_benchmark,2147136,2.04767
custom_lu,multiple_rhs,diagonally_dominant,128,1,before_custom_multiple_rhs_benchmark,2147136,2.04767
custom_lu,multiple_rhs,diagonally_dominant,128,1,after_custom_multiple_rhs_benchmark,2147136,2.04767
custom_lu,multiple_rhs,diagonally_dominant,128,2,before_multiple_rhs_problem_setup,2147136,2.04767
custom_lu,multiple_rhs,diagonally_dominant,128,2,after_multiple_rhs_problem_setup,2147136,2.04767
custom_lu,multiple_rhs,diagonally_dominant,128,2,before_custom_multiple_rhs_benchmark,2147136,2.04767
custom_lu,multiple_rhs,diagonally_dominant,128,2,after_custom_multiple_rhs_benchmark,2147136,2.04767
custom_lu,multiple_rhs,diagonally_dominant,128,2,before_custom_multiple_rhs_benchmark,2147136,2.04767
custom_lu,multiple_rhs,diagonally_dominant,128,2,after_custom_multiple_rhs_benchmark,2147136,2.04767
custom_lu,multiple_rhs,diagonally_dominant,128,2,before_custom_multiple_rhs_benchmark,2147136,2.04767
custom_lu,multiple_rhs,diagonally_dominant,128,2,after_custom_multiple_rhs_benchmark,2147136,2.04767
custom_lu,multiple_rhs,diagonally_dominant,128,2,before_custom_multiple_rhs_benchmark,2147136,2.04767
custom_lu,multiple_rhs,diagonally_dominant,128,2,after_custom_multiple_rhs_benchmark,2147136,2.04767
custom_lu,multiple_rhs,diagonally_dominant,128,2,before_custom_multiple_rhs_benchmark,2147136,2.04767
custom_lu,multiple_rhs,diagonally_dominant,128,2,after_custom_multiple_rhs_benchmark,2147136,2.04767
custom_lu,multiple_rhs,diagonally_dominant,128,3,before_multiple_rhs_problem_setup,2147136,2.04767
custom_lu,multiple_rhs,diagonally_dominant,128,3,after_multiple_rhs_problem_setup,2147136,2.04767
custom_lu,multiple_rhs,diagonally_dominant,128,3,before_custom_multiple_rhs_benchmark,2147136,2.04767
custom_lu,multiple_rhs,diagonally_dominant,128,3,after_custom_multiple_rhs_benchmark,2147136,2.04767
custom_lu,multiple_rhs,diagonally_dominant,128,3,before_custom_multiple_rhs_benchmark,2147136,2.04767
custom_lu,multiple_rhs,diagonally_dominant,128,3,after_custom_multiple_rhs_benchmark,2147136,2.04767
custom_lu,multiple_rhs,diagonally_dominant,128,3,before_custom_multiple_rhs_benchmark,2147136,2.04767
custom_lu,multiple_rhs,diagonally_dominant,128,3,after_custom_multiple_rhs_benchmark,2147136,2.04767
custom_lu,multiple_rhs,diagonally_dominant,128,3,before_custom_multiple_rhs_benchmark,2147136,2.04767
custom_lu,multiple_rhs,diagonally_dominant,128,3,after_custom_multiple_rhs_benchmark,2147136,2.04767
custom_lu,multiple_rhs,diagonally_dominant,128,3,before_custom_multiple_rhs_benchmark,2147136,2.04767
custom_lu,multiple_rhs,diagonally_dominant,128,3,after_custom_multiple_rhs_benchmark,2147136,2.04767
custom_lu,multiple_rhs,diagonally_dominant,128,4,before_multiple_rhs_problem_setup,2147136,2.04767
custom_lu,multiple_rhs,diagonally_dominant,128,4,after_multiple_rhs_problem_setup,2147136,2.04767
custom_lu,multiple_rhs,diagonally_dominant,128,4,before_custom_multiple_rhs_benchmark,2147136,2.04767
custom_lu,multiple_rhs,diagonally_dominant,128,4,after_custom_multiple_rhs_benchmark,2147136,2.04767
custom_lu,multiple_rhs,diagonally_dominant,128,4,before_custom_multiple_rhs_benchmark,2147136,2.04767
custom_lu,multiple_rhs,diagonally_dominant,128,4,after_custom_multiple_rhs_benchmark,2147136,2.04767
custom_lu,multiple_rhs,diagonally_dominant,128,4,before_custom_multiple_rhs_benchmark,2147136,2.04767
custom_lu,multiple_rhs,diagonally_dominant,128,4,after_custom_multiple_rhs_benchmark,2147136,2.04767
custom_lu,multiple_rhs,diagonally_dominant,128,4,before_custom_multiple_rhs_benchmark,2147136,2.04767
custom_lu,multiple_rhs,diagonally_dominant,128,4,after_custom_multiple_rhs_benchmark,2147136,2.04767
custom_lu,multiple_rhs,diagonally_dominant,128,4,before_custom_multiple_rhs_benchmark,2147136,2.04767
custom_lu,multiple_rhs,diagonally_dominant,128,4,after_custom_multiple_rhs_benchmark,2147136,2.04767
custom_lu,multiple_rhs,diagonally_dominant,128,5,before_multiple_rhs_problem_setup,2147136,2.04767
custom_lu,multiple_rhs,diagonally_dominant,128,5,after_multiple_rhs_problem_setup,2147136,2.04767
custom_lu,multiple_rhs,diagonally_dominant,128,5,before_custom_multiple_rhs_benchmark,2147136,2.04767
custom_lu,multiple_rhs,diagonally_dominant,128,5,after_custom_multiple_rhs_benchmark,2147136,2.04767
custom_lu,multiple_rhs,diagonally_dominant,128,5,before_custom_multiple_rhs_benchmark,2147136,2.04767
custom_lu,multiple_rhs,diagonally_dominant,128,5,after_custom_multiple_rhs_benchmark,2147136,2.04767
custom_lu,multiple_rhs,diagonally_dominant,128,5,before_custom_multiple_rhs_benchmark,2147136,2.04767
custom_lu,multiple_rhs,diagonally_dominant,128,5,after_custom_multiple_rhs_benchmark,2147136,2.04767
custom_lu,multiple_rhs,diagonally_dominant,128,5,before_custom_multiple_rhs_benchmark,2147136,2.04767
custom_lu,multiple_rhs,diagonally_dominant,128,5,after_custom_multiple_rhs_benchmark,2147136,2.04767
custom_lu,multiple_rhs,diagonally_dominant,128,5,before_custom_multiple_rhs_benchmark,2147136,2.04767
custom_lu,multiple_rhs,diagonally_dominant,128,5,after_custom_multiple_rhs_benchmark,2147136,2.04767
custom_lu,multiple_rhs,diagonally_dominant,128,6,before_multiple_rhs_problem_setup,2147136,2.04767
custom_lu,multiple_rhs,diagonally_dominant,128,6,after_multiple_rhs_problem_setup,2147136,2.04767
custom_lu,multiple_rhs,diagonally_dominant,128,6,before_custom_multiple_rhs_benchmark,2147136,2.04767
custom_lu,multiple_rhs,diagonally_dominant,128,6,after_custom_multiple_rhs_benchmark,2147136,2.04767
custom_lu,multiple_rhs,diagonally_dominant,128,6,before_custom_multiple_rhs_benchmark,2147136,2.04767
custom_lu,multiple_rhs,diagonally_dominant,128,6,after_custom_multiple_rhs_benchmark,2147136,2.04767
custom_lu,multiple_rhs,diagonally_dominant,128,6,before_custom_multiple_rhs_benchmark,2147136,2.04767
custom_lu,multiple_rhs,diagonally_dominant,128,6,after_custom_multiple_rhs_benchmark,2147136,2.04767
custom_lu,multiple_rhs,diagonally_dominant,128,6,before_custom_multiple_rhs_benchmark,2147136,2.04767
custom_lu,multiple_rhs,diagonally_dominant,128,6,after_custom_multiple_rhs_benchmark,2147136,2.04767
custom_lu,multiple_rhs,diagonally_dominant,128,6,before_custom_multiple_rhs_benchmark,2147136,2.04767
custom_lu,multiple_rhs,diagonally_dominant,128,6,after_custom_multiple_rhs_benchmark,2147136,2.04767
custom_lu,multiple_rhs,diagonally_dominant,128,7,before_multiple_rhs_problem_setup,2147136,2.04767
custom_lu,multiple_rhs,diagonally_dominant,128,7,after_multiple_rhs_problem_setup,2147136,2.04767
custom_lu,multiple_rhs,diagonally_dominant,128,7,before_custom_multiple_rhs_benchmark,2147136,2.04767
custom_lu,multiple_rhs,diagonally_dominant,128,7,after_custom_multiple_rhs_benchmark,2147136,2.04767
custom_lu,multiple_rhs,diagonally_dominant,128,7,before_custom_multiple_rhs_benchmark,2147136,2.04767
custom_lu,multiple_rhs,diagonally_dominant,128,7,after_custom_multiple_rhs_benchmark,2147136,2.04767
custom_lu,multiple_rhs,diagonally_dominant,128,7,before_custom_multiple_rhs_benchmark,2147136,2.04767
custom_lu,multiple_rhs,diagonally_dominant,128,7,after_custom_multiple_rhs_benchmark,2147136,2.04767
custom_lu,multiple_rhs,diagonally_dominant,128,7,before_custom_multiple_rhs_benchmark,2147136,2.04767
custom_lu,multiple_rhs,diagonally_dominant,128,7,after_custom_multiple_rhs_benchmark,2147136,2.04767
custom_lu,multiple_rhs,diagonally_dominant,128,7,before_custom_multiple_rhs_benchmark,2147136,2.04767
custom_lu,multiple_rhs,diagonally_dominant,128,7,after_custom_multiple_rhs_benchmark,2147136,2.04767
custom_lu,multiple_rhs,diagonally_dominant,128,8,before_multiple_rhs_problem_setup,2147136,2.04767
custom_lu,multiple_rhs,diagonally_dominant,128,8,after_multiple_rhs_problem_setup,2147136,2.04767
custom_lu,multiple_rhs,diagonally_dominant,128,8,before_custom_multiple_rhs_benchmark,2147136,2.04767
custom_lu,multiple_rhs,diagonally_dominant,128,8,after_custom_multiple_rhs_benchmark,2147136,2.04767
custom_lu,multiple_rhs,diagonally_dominant,128,8,before_custom_multiple_rhs_benchmark,2147136,2.04767
custom_lu,multiple_rhs,diagonally_dominant,128,8,after_custom_multiple_rhs_benchmark,2147136,2.04767
custom_lu,multiple_rhs,diagonally_dominant,128,8,before_custom_multiple_rhs_benchmark,2147136,2.04767
custom_lu,multiple_rhs,diagonally_dominant,128,8,after_custom_multiple_rhs_benchmark,2147136,2.04767
custom_lu,multiple_rhs,diagonally_dominant,128,8,before_custom_multiple_rhs_benchmark,2147136,2.04767
custom_lu,multiple_rhs,diagonally_dominant,128,8,after_custom_multiple_rhs_benchmark,2147136,2.04767
custom_lu,multiple_rhs,diagonally_dominant,128,8,before_custom_multiple_rhs_benchmark,2147136,2.04767
custom_lu,multiple_rhs,diagonally_dominant,128,8,after_custom_multiple_rhs_benchmark,2147136,2.04767
custom_lu,multiple_rhs,diagonally_dominant,128,9,before_multiple_rhs_problem_setup,2147136,2.04767
custom_lu,multiple_rhs,diagonally_dominant,128,9,after_multiple_rhs_problem_setup,2147136,2.04767
custom_lu,multiple_rhs,diagonally_dominant,128,9,before_custom_multiple_rhs_benchmark,2147136,2.04767
custom_lu,multiple_rhs,diagonally_dominant,128,9,after_custom_multiple_rhs_benchmark,2147136,2.04767
custom_lu,multiple_rhs,diagonally_dominant,128,9,before_custom_multiple_rhs_benchmark,2147136,2.04767
custom_lu,multiple_rhs,diagonally_dominant,128,9,after_custom_multiple_rhs_benchmark,2147136,2.04767
custom_lu,multiple_rhs,diagonally_dominant,128,9,before_custom_multiple_rhs_benchmark,2147136,2.04767
custom_lu,multiple_rhs,diagonally_dominant,128,9,after_custom_multiple_rhs_benchmark,2147136,2.04767
custom_lu,multiple_rhs,diagonally_dominant,128,9,before_custom_multiple_rhs_benchmark,2147136,2.04767
custom_lu,multiple_rhs,diagonally_dominant,128,9,after_custom_multiple_rhs_benchmark,2147136,2.04767
custom_lu,multiple_rhs,diagonally_dominant,128,9,before_custom_multiple_rhs_benchmark,2147136,2.04767
custom_lu,multiple_rhs,diagonally_dominant,128,9,after_custom_multiple_rhs_benchmark,2147136,2.04767
custom_lu,multiple_rhs,diagonally_dominant,128,10,before_multiple_rhs_problem_setup,2147136,2.04767
custom_lu,multiple_rhs,diagonally_dominant,128,10,after_multiple_rhs_problem_setup,2147136,2.04767
custom_lu,multiple_rhs,diagonally_dominant,128,10,before_custom_multiple_rhs_benchmark,2147136,2.04767
custom_lu,multiple_rhs,diagonally_dominant,128,10,after_custom_multiple_rhs_benchmark,2147136,2.04767
custom_lu,multiple_rhs,diagonally_dominant,128,10,before_custom_multiple_rhs_benchmark,2147136,2.04767
custom_lu,multiple_rhs,diagonally_dominant,128,10,after_custom_multiple_rhs_benchmark,2147136,2.04767
custom_lu,multiple_rhs,diagonally_dominant,128,10,before_custom_multiple_rhs_benchmark,2147136,2.04767
custom_lu,multiple_rhs,diagonally_dominant,128,10,after_custom_multiple_rhs_benchmark,2147136,2.04767
custom_lu,multiple_rhs,diagonally_dominant,128,10,before_custom_multiple_rhs_benchmark,2147136,2.04767
custom_lu,multiple_rhs,diagonally_dominant,128,10,after_custom_multiple_rhs_benchmark,2147136,2.04767
custom_lu,multiple_rhs,diagonally_dominant,128,10,before_custom_multiple_rhs_benchmark,2147136,2.04767
custom_lu,multiple_rhs,diagonally_dominant,128,10,after_custom_multiple_rhs_benchmark,2147136,2.04767
custom_lu,multiple_rhs,diagonally_dominant,128,11,before_multiple_rhs_problem_setup,2147136,2.04767
custom_lu,multiple_rhs,diagonally_dominant,128,11,after_multiple_rhs_problem_setup,2147136,2.04767
custom_lu,multiple_rhs,diagonally_dominant,128,11,before_custom_multiple_rhs_benchmark,2147136,2.04767
custom_lu,multiple_rhs,diagonally_dominant,128,11,after_custom_multiple_rhs_benchmark,2147136,2.04767
custom_lu,multiple_rhs,diagonally_dominant,128,11,before_custom_multiple_rhs_benchmark,2147136,2.04767
custom_lu,multiple_rhs,diagonally_dominant,128,11,after_custom_multiple_rhs_benchmark,2147136,2.04767
custom_lu,multiple_rhs,diagonally_dominant,128,11,before_custom_multiple_rhs_benchmark,2147136,2.04767
custom_lu,multiple_rhs,diagonally_dominant,128,11,after_custom_multiple_rhs_benchmark,2147136,2.04767
custom_lu,multiple_rhs,diagonally_dominant,128,11,before_custom_multiple_rhs_benchmark,2147136,2.04767
custom_lu,multiple_rhs,diagonally_dominant,128,11,after_custom_multiple_rhs_benchmark,2147136,2.04767
custom_lu,multiple_rhs,diagonally_dominant,128,11,before_custom_multiple_rhs_benchmark,2147136,2.04767
custom_lu,multiple_rhs,diagonally_dominant,128,11,after_custom_multiple_rhs_benchmark,2147136,2.04767
custom_lu,multiple_rhs,diagonally_dominant,128,12,before_multiple_rhs_problem_setup,2147136,2.04767
custom_lu,multiple_rhs,diagonally_dominant,128,12,after_multiple_rhs_problem_setup,2147136,2.04767
custom_lu,multiple_rhs,diagonally_dominant,128,12,before_custom_multiple_rhs_benchmark,2147136,2.04767
custom_lu,multiple_rhs,diagonally_dominant,128,12,after_custom_multiple_rhs_benchmark,2147136,2.04767
custom_lu,multiple_rhs,diagonally_dominant,128,12,before_custom_multiple_rhs_benchmark,2147136,2.04767
custom_lu,multiple_rhs,diagonally_dominant,128,12,after_custom_multiple_rhs_benchmark,2147136,2.04767
custom_lu,multiple_rhs,diagonally_dominant,128,12,before_custom_multiple_rhs_benchmark,2147136,2.04767
custom_lu,multiple_rhs,diagonally_dominant,128,12,after_custom_multiple_rhs_benchmark,2147136,2.04767
custom_lu,multiple_rhs,diagonally_dominant,128,12,before_custom_multiple_rhs_benchmark,2147136,2.04767
custom_lu,multiple_rhs,diagonally_dominant,128,12,after_custom_multiple_rhs_benchmark,2147136,2.04767
custom_lu,multiple_rhs,diagonally_dominant,128,12,before_custom_multiple_rhs_benchmark,2147136,2.04767
custom_lu,multiple_rhs,diagonally_dominant,128,12,after_custom_multiple_rhs_benchmark,2147136,2.04767
custom_lu,multiple_rhs,diagonally_dominant,128,13,before_multiple_rhs_problem_setup,2147136,2.04767
custom_lu,multiple_rhs,diagonally_dominant,128,13,after_multiple_rhs_problem_setup,2147136,2.04767
custom_lu,multiple_rhs,diagonally_dominant,128,13,before_custom_multiple_rhs_benchmark,2147136,2.04767
custom_lu,multiple_rhs,diagonally_dominant,128,13,after_custom_multiple_rhs_benchmark,2147136,2.04767
custom_lu,multiple_rhs,diagonally_dominant,128,13,before_custom_multiple_rhs_benchmark,2147136,2.04767
custom_lu,multiple_rhs,diagonally_dominant,128,13,after_custom_multiple_rhs_benchmark,2147136,2.04767
custom_lu,multiple_rhs,diagonally_dominant,128,13,before_custom_multiple_rhs_benchmark,2147136,2.04767
custom_lu,multiple_rhs,diagonally_dominant,128,13,after_custom_multiple_rhs_benchmark,2147136,2.04767
custom_lu,multiple_rhs,diagonally_dominant,128,13,before_custom_multiple_rhs_benchmark,2147136,2.04767
custom_lu,multiple_rhs,diagonally_dominant,128,13,after_custom_multiple_rhs_benchmark,2147136,2.04767
custom_lu,multiple_rhs,diagonally_dominant,128,13,before_custom_multiple_rhs_benchmark,2147136,2.04767
custom_lu,multiple_rhs,diagonally_dominant,128,13,after_custom_multiple_rhs_benchmark,2147136,2.04767
custom_lu,multiple_rhs,diagonally_dominant,128,14,before_multiple_rhs_problem_setup,2147136,2.04767
custom_lu,multiple_rhs,diagonally_dominant,128,14,after_multiple_rhs_problem_setup,2147136,2.04767
custom_lu,multiple_rhs,diagonally_dominant,128,14,before_custom_multiple_rhs_benchmark,2147136,2.04767
custom_lu,multiple_rhs,diagonally_dominant,128,14,after_custom_multiple_rhs_benchmark,2147136,2.04767
custom_lu,multiple_rhs,diagonally_dominant,128,14,before_custom_multiple_rhs_benchmark,2147136,2.04767
custom_lu,multiple_rhs,diagonally_dominant,128,14,after_custom_multiple_rhs_benchmark,2147136,2.04767
custom_lu,multiple_rhs,diagonally_dominant,128,14,before_custom_multiple_rhs_benchmark,2147136,2.04767
custom_lu,multiple_rhs,diagonally_dominant,128,14,after_custom_multiple_rhs_benchmark,2147136,2.04767
custom_lu,multiple_rhs,diagonally_dominant,128,14,before_custom_multiple_rhs_benchmark,2147136,2.04767
custom_lu,multiple_rhs,diagonally_dominant,128,14,after_custom_multiple_rhs_benchmark,2147136,2.04767
custom_lu,multiple_rhs,diagonally_dominant,128,14,before_custom_multiple_rhs_benchmark,2147136,2.04767
custom_lu,multiple_rhs,diagonally_dominant,128,14,after_custom_multiple_rhs_benchmark,2147136,2.04767
custom_lu,multiple_rhs,random_dense,256,0,before_multiple_rhs_problem_setup,2147136,2.04767
custom_lu,multiple_rhs,random_dense,256,0,after_multiple_rhs_problem_setup,2147136,2.04767
custom_lu,multiple_rhs,random_dense,256,0,before_custom_multiple_rhs_benchmark,2147136,2.04767
custom_lu,multiple_rhs,random_dense,256,0,after_custom_multiple_rhs_benchmark,2147136,2.04767
custom_lu,multiple_rhs,random_dense,256,0,before_custom_multiple_rhs_benchmark,2147136,2.04767
custom_lu,multiple_rhs,random_dense,256,0,after_custom_multiple_rhs_benchmark,2147136,2.04767
custom_lu,multiple_rhs,random_dense,256,0,before_custom_multiple_rhs_benchmark,2147136,2.04767
custom_lu,multiple_rhs,random_dense,256,0,after_custom_multiple_rhs_benchmark,2147136,2.04767
custom_lu,multiple_rhs,random_dense,256,0,before_custom_multiple_rhs_benchmark,2147136,2.04767
custom_lu,multiple_rhs,random_dense,256,0,after_custom_multiple_rhs_benchmark,2147136,2.04767
custom_lu,multiple_rhs,random_dense,256,0,before_custom_multiple_rhs_benchmark,2147136,2.04767
custom_lu,multiple_rhs,random_dense,256,0,after_custom_multiple_rhs_benchmark,2179904,2.07892
custom_lu,multiple_rhs,random_dense,256,1,before_multiple_rhs_problem_setup,2179904,2.07892
custom_lu,multiple_rhs,random_dense,256,1,after_multiple_rhs_problem_setup,2179904,2.07892
custom_lu,multiple_rhs,random_dense,256,1,before_custom_multiple_rhs_benchmark,2179904,2.07892
custom_lu,multiple_rhs,random_dense,256,1,after_custom_multiple_rhs_benchmark,2179904,2.07892
custom_lu,multiple_rhs,random_dense,256,1,before_custom_multiple_rhs_benchmark,2179904,2.07892
custom_lu,multiple_rhs,random_dense,256,1,after_custom_multiple_rhs_benchmark,2179904,2.07892
custom_lu,multiple_rhs,random_dense,256,1,before_custom_multiple_rhs_benchmark,2179904,2.07892
custom_lu,multiple_rhs,random_dense,256,1,after_custom_multiple_rhs_benchmark,2179904,2.07892
custom_lu,multiple_rhs,random_dense,256,1,before_custom_multiple_rhs_benchmark,2179904,2.07892
custom_lu,multiple_rhs,random_dense,256,1,after_custom_multiple_rhs_benchmark,2179904,2.07892
custom_lu,multiple_rhs,random_dense,256,1,before_custom_multiple_rhs_benchmark,2179904,2.07892
custom_lu,multiple_rhs,random_dense,256,1,after_custom_multiple_rhs_benchmark,2179904,2.07892
custom_lu,multiple_rhs,random_dense,256,2,before_multiple_rhs_problem_setup,2179904,2.07892
custom_lu,multiple_rhs,random_dense,256,2,after_multiple_rhs_problem_setup,2179904,2.07892
custom_lu,multiple_rhs,random_dense,256,2,before_custom_multiple_rhs_benchmark,2179904,2.07892
custom_lu,multiple_rhs,random_dense,256,2,after_custom_multiple_rhs_benchmark,2179904,2.07892
custom_lu,multiple_rhs,random_dense,256,2,before_custom_multiple_rhs_benchmark,2179904,2.07892
custom_lu,multiple_rhs,random_dense,256,2,after_custom_multiple_rhs_benchmark,2179904,2.07892
custom_lu,multiple_rhs,random_dense,256,2,before_custom_multiple_rhs_benchmark,2179904,2.07892
custom_lu,multiple_rhs,random_dense,256,2,after_custom_multiple_rhs_benchmark,2179904,2.07892
custom_lu,multiple_rhs,random_dense,256,2,before_custom_multiple_rhs_benchmark,2179904,2.07892
custom_lu,multiple_rhs,random_dense,256,2,after_custom_multiple_rhs_benchmark,2179904,2.07892
custom_lu,multiple_rhs,random_dense,256,2,before_custom_multiple_rhs_benchmark,2179904,2.07892
custom_lu,multiple_rhs,random_dense,256,2,after_custom_multiple_rhs_benchmark,2179904,2.07892
custom_lu,multiple_rhs,random_dense,256,3,before_multiple_rhs_problem_setup,2179904,2.07892
custom_lu,multiple_rhs,random_dense,256,3,after_multiple_rhs_problem_setup,2179904,2.07892
custom_lu,multiple_rhs,random_dense,256,3,before_custom_multiple_rhs_benchmark,2179904,2.07892
custom_lu,multiple_rhs,random_dense,256,3,after_custom_multiple_rhs_benchmark,2179904,2.07892
custom_lu,multiple_rhs,random_dense,256,3,before_custom_multiple_rhs_benchmark,2179904,2.07892
custom_lu,multiple_rhs,random_dense,256,3,after_custom_multiple_rhs_benchmark,2179904,2.07892
custom_lu,multiple_rhs,random_dense,256,3,before_custom_multiple_rhs_benchmark,2179904,2.07892
custom_lu,multiple_rhs,random_dense,256,3,after_custom_multiple_rhs_benchmark,2179904,2.07892
custom_lu,multiple_rhs,random_dense,256,3,before_custom_multiple_rhs_benchmark,2179904,2.07892
custom_lu,multiple_rhs,random_dense,256,3,after_custom_multiple_rhs_benchmark,2179904,2.07892
custom_lu,multiple_rhs,random_dense,256,3,before_custom_multiple_rhs_benchmark,2179904,2.07892
custom_lu,multiple_rhs,random_dense,256,3,after_custom_multiple_rhs_benchmark,2179904,2.07892
custom_lu,multiple_rhs,random_dense,256,4,before_multiple_rhs_problem_setup,2179904,2.07892
custom_lu,multiple_rhs,random_dense,256,4,after_multiple_rhs_problem_setup,2179904,2.07892
custom_lu,multiple_rhs,random_dense,256,4,before_custom_multiple_rhs_benchmark,2179904,2.07892
custom_lu,multiple_rhs,random_dense,256,4,after_custom_multiple_rhs_benchmark,2179904,2.07892
custom_lu,multiple_rhs,random_dense,256,4,before_custom_multiple_rhs_benchmark,2179904,2.07892
custom_lu,multiple_rhs,random_dense,256,4,after_custom_multiple_rhs_benchmark,2179904,2.07892
custom_lu,multiple_rhs,random_dense,256,4,before_custom_multiple_rhs_benchmark,2179904,2.07892
custom_lu,multiple_rhs,random_dense,256,4,after_custom_multiple_rhs_benchmark,2179904,2.07892
custom_lu,multiple_rhs,random_dense,256,4,before_custom_multiple_rhs_benchmark,2179904,2.07892
custom_lu,multiple_rhs,random_dense,256,4,after_custom_multiple_rhs_benchmark,2179904,2.07892
custom_lu,multiple_rhs,random_dense,256,4,before_custom_multiple_rhs_benchmark,2179904,2.07892
custom_lu,multiple_rhs,random_dense,256,4,after_custom_multiple_rhs_benchmark,2179904,2.07892
custom_lu,multiple_rhs,random_dense,256,5,before_multiple_rhs_problem_setup,2179904,2.07892
custom_lu,multiple_rhs,random_dense,256,5,after_multiple_rhs_problem_setup,2179904,2.07892
custom_lu,multiple_rhs,random_dense,256,5,before_custom_multiple_rhs_benchmark,2179904,2.07892
custom_lu,multiple_rhs,random_dense,256,5,after_custom_multiple_rhs_benchmark,2179904,2.07892
custom_lu,multiple_rhs,random_dense,256,5,before_custom_multiple_rhs_benchmark,2179904,2.07892
custom_lu,multiple_rhs,random_dense,256,5,after_custom_multiple_rhs_benchmark,2179904,2.07892
custom_lu,multiple_rhs,random_dense,256,5,before_custom_multiple_rhs_benchmark,2179904,2.07892
custom_lu,multiple_rhs,random_dense,256,5,after_custom_multiple_rhs_benchmark,2179904,2.07892
custom_lu,multiple_rhs,random_dense,256,5,before_custom_multiple_rhs_benchmark,2179904,2.07892
custom_lu,multiple_rhs,random_dense,256,5,after_custom_multiple_rhs_benchmark,2179904,2.07892
custom_lu,multiple_rhs,random_dense,256,5,before_custom_multiple_rhs_benchmark,2179904,2.07892
custom_lu,multiple_rhs,random_dense,256,5,after_custom_multiple_rhs_benchmark,2196288,2.09454
custom_lu,multiple_rhs,random_dense,256,6,before_multiple_rhs_problem_setup,2196288,2.09454
custom_lu,multiple_rhs,random_dense,256,6,after_multiple_rhs_problem_setup,2196288,2.09454
custom_lu,multiple_rhs,random_dense,256,6,before_custom_multiple_rhs_benchmark,2196288,2.09454
custom_lu,multiple_rhs,random_dense,256,6,after_custom_multiple_rhs_benchmark,2196288,2.09454
custom_lu,multiple_rhs,random_dense,256,6,before_custom_multiple_rhs_benchmark,2196288,2.09454
custom_lu,multiple_rhs,random_dense,256,6,after_custom_multiple_rhs_benchmark,2196288,2.09454
custom_lu,multiple_rhs,random_dense,256,6,before_custom_multiple_rhs_benchmark,2196288,2.09454
custom_lu,multiple_rhs,random_dense,256,6,after_custom_multiple_rhs_benchmark,2196288,2.09454
custom_lu,multiple_rhs,random_dense,256,6,before_custom_multiple_rhs_benchmark,2196288,2.09454
custom_lu,multiple_rhs,random_dense,256,6,after_custom_multiple_rhs_benchmark,2196288,2.09454
custom_lu,multiple_rhs,random_dense,256,6,before_custom_multiple_rhs_benchmark,2196288,2.09454
custom_lu,multiple_rhs,random_dense,256,6,after_custom_multiple_rhs_benchmark,2196288,2.09454
custom_lu,multiple_rhs,random_dense,256,7,before_multiple_rhs_problem_setup,2196288,2.09454
custom_lu,multiple_rhs,random_dense,256,7,after_multiple_rhs_problem_setup,2196288,2.09454
custom_lu,multiple_rhs,random_dense,256,7,before_custom_multiple_rhs_benchmark,2196288,2.09454
custom_lu,multiple_rhs,random_dense,256,7,after_custom_multiple_rhs_benchmark,2196288,2.09454
custom_lu,multiple_rhs,random_dense,256,7,before_custom_multiple_rhs_benchmark,2196288,2.09454
custom_lu,multiple_rhs,random_dense,256,7,after_custom_multiple_rhs_benchmark,2196288,2.09454
custom_lu,multiple_rhs,random_dense,256,7,before_custom_multiple_rhs_benchmark,2196288,2.09454
custom_lu,multiple_rhs,random_dense,256,7,after_custom_multiple_rhs_benchmark,2196288,2.09454
custom_lu,multiple_rhs,random_dense,256,7,before_custom_multiple_rhs_benchmark,2196288,2.09454
custom_lu,multiple_rhs,random_dense,256,7,after_custom_multiple_rhs_benchmark,2196288,2.09454
custom_lu,multiple_rhs,random_dense,256,7,before_custom_multiple_rhs_benchmark,2196288,2.09454
custom_lu,multiple_rhs,random_dense,256,7,after_custom_multiple_rhs_benchmark,2196288,2.09454
custom_lu,multiple_rhs,random_dense,256,8,before_multiple_rhs_problem_setup,2196288,2.09454
custom_lu,multiple_rhs,random_dense,256,8,after_multiple_rhs_problem_setup,2196288,2.09454
custom_lu,multiple_rhs,random_dense,256,8,before_custom_multiple_rhs_benchmark,2196288,2.09454
custom_lu,multiple_rhs,random_dense,256,8,after_custom_multiple_rhs_benchmark,2196288,2.09454
custom_lu,multiple_rhs,random_dense,256,8,before_custom_multiple_rhs_benchmark,2196288,2.09454
custom_lu,multiple_rhs,random_dense,256,8,after_custom_multiple_rhs_benchmark,2196288,2.09454
custom_lu,multiple_rhs,random_dense,256,8,before_custom_multiple_rhs_benchmark,2196288,2.09454
custom_lu,multiple_rhs,random_dense,256,8,after_custom_multiple_rhs_benchmark,2196288,2.09454
custom_lu,multiple_rhs,random_dense,256,8,before_custom_multiple_rhs_benchmark,2196288,2.09454
custom_lu,multiple_rhs,random_dense,256,8,after_custom_multiple_rhs_benchmark,2196288,2.09454
custom_lu,multiple_rhs,random_dense,256,8,before_custom_multiple_rhs_benchmark,2196288,2.09454
custom_lu,multiple_rhs,random_dense,256,8,after_custom_multiple_rhs_benchmark,2196288,2.09454
custom_lu,multiple_rhs,random_dense,256,9,before_multiple_rhs_problem_setup,2196288,2.09454
custom_lu,multiple_rhs,random_dense,256,9,after_multiple_rhs_problem_setup,2196288,2.09454
custom_lu,multiple_rhs,random_dense,256,9,before_custom_multiple_rhs_benchmark,2196288,2.09454
custom_lu,multiple_rhs,random_dense,256,9,after_custom_multiple_rhs_benchmark,2196288,2.09454
custom_lu,multiple_rhs,random_dense,256,9,before_custom_multiple_rhs_benchmark,2196288,2.09454
custom_lu,multiple_rhs,random_dense,256,9,after_custom_multiple_rhs_benchmark,2196288,2.09454
custom_lu,multiple_rhs,random_dense,256,9,before_custom_multiple_rhs_benchmark,2196288,2.09454
custom_lu,multiple_rhs,random_dense,256,9,after_custom_multiple_rhs_benchmark,2196288,2.09454
custom_lu,multiple_rhs,random_dense,256,9,before_custom_multiple_rhs_benchmark,2196288,2.09454
custom_lu,multiple_rhs,random_dense,256,9,after_custom_multiple_rhs_benchmark,2196288,2.09454
custom_lu,multiple_rhs,random_dense,256,9,before_custom_multiple_rhs_benchmark,2196288,2.09454
custom_lu,multiple_rhs,random_dense,256,9,after_custom_multiple_rhs_benchmark,2196288,2.09454
custom_lu,multiple_rhs,random_dense,256,10,before_multiple_rhs_problem_setup,2196288,2.09454
custom_lu,multiple_rhs,random_dense,256,10,after_multiple_rhs_problem_setup,2196288,2.09454
custom_lu,multiple_rhs,random_dense,256,10,before_custom_multiple_rhs_benchmark,2196288,2.09454
custom_lu,multiple_rhs,random_dense,256,10,after_custom_multiple_rhs_benchmark,2196288,2.09454
custom_lu,multiple_rhs,random_dense,256,10,before_custom_multiple_rhs_benchmark,2196288,2.09454
custom_lu,multiple_rhs,random_dense,256,10,after_custom_multiple_rhs_benchmark,2196288,2.09454
custom_lu,multiple_rhs,random_dense,256,10,before_custom_multiple_rhs_benchmark,2196288,2.09454
custom_lu,multiple_rhs,random_dense,256,10,after_custom_multiple_rhs_benchmark,2196288,2.09454
custom_lu,multiple_rhs,random_dense,256,10,before_custom_multiple_rhs_benchmark,2196288,2.09454
custom_lu,multiple_rhs,random_dense,256,10,after_custom_multiple_rhs_benchmark,2196288,2.09454
custom_lu,multiple_rhs,random_dense,256,10,before_custom_multiple_rhs_benchmark,2196288,2.09454
custom_lu,multiple_rhs,random_dense,256,10,after_custom_multiple_rhs_benchmark,2196288,2.09454
custom_lu,multiple_rhs,random_dense,256,11,before_multiple_rhs_problem_setup,2196288,2.09454
custom_lu,multiple_rhs,random_dense,256,11,after_multiple_rhs_problem_setup,2196288,2.09454
custom_lu,multiple_rhs,random_dense,256,11,before_custom_multiple_rhs_benchmark,2196288,2.09454
custom_lu,multiple_rhs,random_dense,256,11,after_custom_multiple_rhs_benchmark,2196288,2.09454
custom_lu,multiple_rhs,random_dense,256,11,before_custom_multiple_rhs_benchmark,2196288,2.09454
custom_lu,multiple_rhs,random_dense,256,11,after_custom_multiple_rhs_benchmark,2196288,2.09454
custom_lu,multiple_rhs,random_dense,256,11,before_custom_multiple_rhs_benchmark,2196288,2.09454
custom_lu,multiple_rhs,random_dense,256,11,after_custom_multiple_rhs_benchmark,2196288,2.09454
custom_lu,multiple_rhs,random_dense,256,11,before_custom_multiple_rhs_benchmark,2196288,2.09454
custom_lu,multiple_rhs,random_dense,256,11,after_custom_multiple_rhs_benchmark,2196288,2.09454
custom_lu,multiple_rhs,random_dense,256,11,before_custom_multiple_rhs_benchmark,2196288,2.09454
custom_lu,multiple_rhs,random_dense,256,11,after_custom_multiple_rhs_benchmark,2196288,2.09454
custom_lu,multiple_rhs,random_dense,256,12,before_multiple_rhs_problem_setup,2196288,2.09454
custom_lu,multiple_rhs,random_dense,256,12,after_multiple_rhs_problem_setup,2196288,2.09454
custom_lu,multiple_rhs,random_dense,256,12,before_custom_multiple_rhs_benchmark,2196288,2.09454
custom_lu,multiple_rhs,random_dense,256,12,after_custom_multiple_rhs_benchmark,2196288,2.09454
custom_lu,multiple_rhs,random_dense,256,12,before_custom_multiple_rhs_benchmark,2196288,2.09454
custom_lu,multiple_rhs,random_dense,256,12,after_custom_multiple_rhs_benchmark,2212672,2.11017
custom_lu,multiple_rhs,random_dense,256,12,before_custom_multiple_rhs_benchmark,2212672,2.11017
custom_lu,multiple_rhs,random_dense,256,12,after_custom_multiple_rhs_benchmark,2212672,2.11017
custom_lu,multiple_rhs,random_dense,256,12,before_custom_multiple_rhs_benchmark,2212672,2.11017
custom_lu,multiple_rhs,random_dense,256,12,after_custom_multiple_rhs_benchmark,2212672,2.11017
custom_lu,multiple_rhs,random_dense,256,12,before_custom_multiple_rhs_benchmark,2212672,2.11017
custom_lu,multiple_rhs,random_dense,256,12,after_custom_multiple_rhs_benchmark,2212672,2.11017
custom_lu,multiple_rhs,random_dense,256,13,before_multiple_rhs_problem_setup,2212672,2.11017
custom_lu,multiple_rhs,random_dense,256,13,after_multiple_rhs_problem_setup,2212672,2.11017
custom_lu,multiple_rhs,random_dense,256,13,before_custom_multiple_rhs_benchmark,2212672,2.11017
custom_lu,multiple_rhs,random_dense,256,13,after_custom_multiple_rhs_benchmark,2212672,2.11017
custom_lu,multiple_rhs,random_dense,256,13,before_custom_multiple_rhs_benchmark,2212672,2.11017
custom_lu,multiple_rhs,random_dense,256,13,after_custom_multiple_rhs_benchmark,2212672,2.11017
custom_lu,multiple_rhs,random_dense,256,13,before_custom_multiple_rhs_benchmark,2212672,2.11017
custom_lu,multiple_rhs,random_dense,256,13,after_custom_multiple_rhs_benchmark,2212672,2.11017
custom_lu,multiple_rhs,random_dense,256,13,before_custom_multiple_rhs_benchmark,2212672,2.11017
custom_lu,multiple_rhs,random_dense,256,13,after_custom_multiple_rhs_benchmark,2212672,2.11017
custom_lu,multiple_rhs,random_dense,256,13,before_custom_multiple_rhs_benchmark,2212672,2.11017
custom_lu,multiple_rhs,random_dense,256,13,after_custom_multiple_rhs_benchmark,2212672,2.11017
custom_lu,multiple_rhs,random_dense,256,14,before_multiple_rhs_problem_setup,2212672,2.11017
custom_lu,multiple_rhs,random_dense,256,14,after_multiple_rhs_problem_setup,2212672,2.11017
custom_lu,multiple_rhs,random_dense,256,14,before_custom_multiple_rhs_benchmark,2212672,2.11017
custom_lu,multiple_rhs,random_dense,256,14,after_custom_multiple_rhs_benchmark,2212672,2.11017
custom_lu,multiple_rhs,random_dense,256,14,before_custom_multiple_rhs_benchmark,2212672,2.11017
custom_lu,multiple_rhs,random_dense,256,14,after_custom_multiple_rhs_benchmark,2212672,2.11017
custom_lu,multiple_rhs,random_dense,256,14,before_custom_multiple_rhs_benchmark,2212672,2.11017
custom_lu,multiple_rhs,random_dense,256,14,after_custom_multiple_rhs_benchmark,2212672,2.11017
custom_lu,multiple_rhs,random_dense,256,14,before_custom_multiple_rhs_benchmark,2212672,2.11017
custom_lu,multiple_rhs,random_dense,256,14,after_custom_multiple_rhs_benchmark,2212672,2.11017
custom_lu,multiple_rhs,random_dense,256,14,before_custom_multiple_rhs_benchmark,2212672,2.11017
custom_lu,multiple_rhs,random_dense,256,14,after_custom_multiple_rhs_benchmark,2212672,2.11017
custom_lu,multiple_rhs,diagonally_dominant,256,0,before_multiple_rhs_problem_setup,2212672,2.11017
custom_lu,multiple_rhs,diagonally_dominant,256,0,after_multiple_rhs_problem_setup,2212672,2.11017
custom_lu,multiple_rhs,diagonally_dominant,256,0,before_custom_multiple_rhs_benchmark,2212672,2.11017
custom_lu,multiple_rhs,diagonally_dominant,256,0,after_custom_multiple_rhs_benchmark,2212672,2.11017
custom_lu,multiple_rhs,diagonally_dominant,256,0,before_custom_multiple_rhs_benchmark,2212672,2.11017
custom_lu,multiple_rhs,diagonally_dominant,256,0,after_custom_multiple_rhs_benchmark,2212672,2.11017
custom_lu,multiple_rhs,diagonally_dominant,256,0,before_custom_multiple_rhs_benchmark,2212672,2.11017
custom_lu,multiple_rhs,diagonally_dominant,256,0,after_custom_multiple_rhs_benchmark,2212672,2.11017
custom_lu,multiple_rhs,diagonally_dominant,256,0,before_custom_multiple_rhs_benchmark,2212672,2.11017
custom_lu,multiple_rhs,diagonally_dominant,256,0,after_custom_multiple_rhs_benchmark,2212672,2.11017
custom_lu,multiple_rhs,diagonally_dominant,256,0,before_custom_multiple_rhs_benchmark,2212672,2.11017
custom_lu,multiple_rhs,diagonally_dominant,256,0,after_custom_multiple_rhs_benchmark,2212672,2.11017
custom_lu,multiple_rhs,diagonally_dominant,256,1,before_multiple_rhs_problem_setup,2212672,2.11017
custom_lu,multiple_rhs,diagonally_dominant,256,1,after_multiple_rhs_problem_setup,2212672,2.11017
custom_lu,multiple_rhs,diagonally_dominant,256,1,before_custom_multiple_rhs_benchmark,2212672,2.11017
custom_lu,multiple_rhs,diagonally_dominant,256,1,after_custom_multiple_rhs_benchmark,2212672,2.11017
custom_lu,multiple_rhs,diagonally_dominant,256,1,before_custom_multiple_rhs_benchmark,2212672,2.11017
custom_lu,multiple_rhs,diagonally_dominant,256,1,after_custom_multiple_rhs_benchmark,2212672,2.11017
custom_lu,multiple_rhs,diagonally_dominant,256,1,before_custom_multiple_rhs_benchmark,2212672,2.11017
custom_lu,multiple_rhs,diagonally_dominant,256,1,after_custom_multiple_rhs_benchmark,2212672,2.11017
custom_lu,multiple_rhs,diagonally_dominant,256,1,before_custom_multiple_rhs_benchmark,2212672,2.11017
custom_lu,multiple_rhs,diagonally_dominant,256,1,after_custom_multiple_rhs_benchmark,2212672,2.11017
custom_lu,multiple_rhs,diagonally_dominant,256,1,before_custom_multiple_rhs_benchmark,2212672,2.11017
custom_lu,multiple_rhs,diagonally_dominant,256,1,after_custom_multiple_rhs_benchmark,2212672,2.11017
custom_lu,multiple_rhs,diagonally_dominant,256,2,before_multiple_rhs_problem_setup,2212672,2.11017
custom_lu,multiple_rhs,diagonally_dominant,256,2,after_multiple_rhs_problem_setup,2212672,2.11017
custom_lu,multiple_rhs,diagonally_dominant,256,2,before_custom_multiple_rhs_benchmark,2212672,2.11017
custom_lu,multiple_rhs,diagonally_dominant,256,2,after_custom_multiple_rhs_benchmark,2212672,2.11017
custom_lu,multiple_rhs,diagonally_dominant,256,2,before_custom_multiple_rhs_benchmark,2212672,2.11017
custom_lu,multiple_rhs,diagonally_dominant,256,2,after_custom_multiple_rhs_benchmark,2212672,2.11017
custom_lu,multiple_rhs,diagonally_dominant,256,2,before_custom_multiple_rhs_benchmark,2212672,2.11017
custom_lu,multiple_rhs,diagonally_dominant,256,2,after_custom_multiple_rhs_benchmark,2212672,2.11017
custom_lu,multiple_rhs,diagonally_dominant,256,2,before_custom_multiple_rhs_benchmark,2212672,2.11017
custom_lu,multiple_rhs,diagonally_dominant,256,2,after_custom_multiple_rhs_benchmark,2212672,2.11017
custom_lu,multiple_rhs,diagonally_dominant,256,2,before_custom_multiple_rhs_benchmark,2212672,2.11017
custom_lu,multiple_rhs,diagonally_dominant,256,2,after_custom_multiple_rhs_benchmark,2212672,2.11017
custom_lu,multiple_rhs,diagonally_dominant,256,3,before_multiple_rhs_problem_setup,2212672,2.11017
custom_lu,multiple_rhs,diagonally_dominant,256,3,after_multiple_rhs_problem_setup,2212672,2.11017
custom_lu,multiple_rhs,diagonally_dominant,256,3,before_custom_multiple_rhs_benchmark,2212672,2.11017
custom_lu,multiple_rhs,diagonally_dominant,256,3,after_custom_multiple_rhs_benchmark,2212672,2.11017
custom_lu,multiple_rhs,diagonally_dominant,256,3,before_custom_multiple_rhs_benchmark,2212672,2.11017
custom_lu,multiple_rhs,diagonally_dominant,256,3,after_custom_multiple_rhs_benchmark,2212672,2.11017
custom_lu,multiple_rhs,diagonally_dominant,256,3,before_custom_multiple_rhs_benchmark,2212672,2.11017
custom_lu,multiple_rhs,diagonally_dominant,256,3,after_custom_multiple_rhs_benchmark,2212672,2.11017
custom_lu,multiple_rhs,diagonally_dominant,256,3,before_custom_multiple_rhs_benchmark,2212672,2.11017
custom_lu,multiple_rhs,diagonally_dominant,256,3,after_custom_multiple_rhs_benchmark,2212672,2.11017
custom_lu,multiple_rhs,diagonally_dominant,256,3,before_custom_multiple_rhs_benchmark,2212672,2.11017
custom_lu,multiple_rhs,diagonally_dominant,256,3,after_custom_multiple_rhs_benchmark,2212672,2.11017
custom_lu,multiple_rhs,diagonally_dominant,256,4,before_multiple_rhs_problem_setup,2212672,2.11017
custom_lu,multiple_rhs,diagonally_dominant,256,4,after_multiple_rhs_problem_setup,2212672,2.11017
custom_lu,multiple_rhs,diagonally_dominant,256,4,before_custom_multiple_rhs_benchmark,2212672,2.11017
custom_lu,multiple_rhs,diagonally_dominant,256,4,after_custom_multiple_rhs_benchmark,2212672,2.11017
custom_lu,multiple_rhs,diagonally_dominant,256,4,before_custom_multiple_rhs_benchmark,2212672,2.11017
custom_lu,multiple_rhs,diagonally_dominant,256,4,after_custom_multiple_rhs_benchmark,2212672,2.11017
custom_lu,multiple_rhs,diagonally_dominant,256,4,before_custom_multiple_rhs_benchmark,2212672,2.11017
custom_lu,multiple_rhs,diagonally_dominant,256,4,after_custom_multiple_rhs_benchmark,2212672,2.11017
custom_lu,multiple_rhs,diagonally_dominant,256,4,before_custom_multiple_rhs_benchmark,2212672,2.11017
custom_lu,multiple_rhs,diagonally_dominant,256,4,after_custom_multiple_rhs_benchmark,2212672,2.11017
custom_lu,multiple_rhs,diagonally_dominant,256,4,before_custom_multiple_rhs_benchmark,2212672,2.11017
custom_lu,multiple_rhs,diagonally_dominant,256,4,after_custom_multiple_rhs_benchmark,2212672,2.11017
custom_lu,multiple_rhs,diagonally_dominant,256,5,before_multiple_rhs_problem_setup,2212672,2.11017
custom_lu,multiple_rhs,diagonally_dominant,256,5,after_multiple_rhs_problem_setup,2212672,2.11017
custom_lu,multiple_rhs,diagonally_dominant,256,5,before_custom_multiple_rhs_benchmark,2212672,2.11017
custom_lu,multiple_rhs,diagonally_dominant,256,5,after_custom_multiple_rhs_benchmark,2212672,2.11017
custom_lu,multiple_rhs,diagonally_dominant,256,5,before_custom_multiple_rhs_benchmark,2212672,2.11017
custom_lu,multiple_rhs,diagonally_dominant,256,5,after_custom_multiple_rhs_benchmark,2212672,2.11017
custom_lu,multiple_rhs,diagonally_dominant,256,5,before_custom_multiple_rhs_benchmark,2212672,2.11017
custom_lu,multiple_rhs,diagonally_dominant,256,5,after_custom_multiple_rhs_benchmark,2212672,2.11017
custom_lu,multiple_rhs,diagonally_dominant,256,5,before_custom_multiple_rhs_benchmark,2212672,2.11017
custom_lu,multiple_rhs,diagonally_dominant,256,5,after_custom_multiple_rhs_benchmark,2212672,2.11017
custom_lu,multiple_rhs,diagonally_dominant,256,5,before_custom_multiple_rhs_benchmark,2212672,2.11017
custom_lu,multiple_rhs,diagonally_dominant,256,5,after_custom_multiple_rhs_benchmark,2212672,2.11017
custom_lu,multiple_rhs,diagonally_dominant,256,6,before_multiple_rhs_problem_setup,2212672,2.11017
custom_lu,multiple_rhs,diagonally_dominant,256,6,after_multiple_rhs_problem_setup,2212672,2.11017
custom_lu,multiple_rhs,diagonally_dominant,256,6,before_custom_multiple_rhs_benchmark,2212672,2.11017
custom_lu,multiple_rhs,diagonally_dominant,256,6,after_custom_multiple_rhs_benchmark,2212672,2.11017
custom_lu,multiple_rhs,diagonally_dominant,256,6,before_custom_multiple_rhs_benchmark,2212672,2.11017
custom_lu,multiple_rhs,diagonally_dominant,256,6,after_custom_multiple_rhs_benchmark,2212672,2.11017
custom_lu,multiple_rhs,diagonally_dominant,256,6,before_custom_multiple_rhs_benchmark,2212672,2.11017
custom_lu,multiple_rhs,diagonally_dominant,256,6,after_custom_multiple_rhs_benchmark,2212672,2.11017
custom_lu,multiple_rhs,diagonally_dominant,256,6,before_custom_multiple_rhs_benchmark,2212672,2.11017
custom_lu,multiple_rhs,diagonally_dominant,256,6,after_custom_multiple_rhs_benchmark,2212672,2.11017
custom_lu,multiple_rhs,diagonally_dominant,256,6,before_custom_multiple_rhs_benchmark,2212672,2.11017
custom_lu,multiple_rhs,diagonally_dominant,256,6,after_custom_multiple_rhs_benchmark,2212672,2.11017
custom_lu,multiple_rhs,diagonally_dominant,256,7,before_multiple_rhs_problem_setup,2212672,2.11017
custom_lu,multiple_rhs,diagonally_dominant,256,7,after_multiple_rhs_problem_setup,2212672,2.11017
custom_lu,multiple_rhs,diagonally_dominant,256,7,before_custom_multiple_rhs_benchmark,2212672,2.11017
custom_lu,multiple_rhs,diagonally_dominant,256,7,after_custom_multiple_rhs_benchmark,2212672,2.11017
custom_lu,multiple_rhs,diagonally_dominant,256,7,before_custom_multiple_rhs_benchmark,2212672,2.11017
custom_lu,multiple_rhs,diagonally_dominant,256,7,after_custom_multiple_rhs_benchmark,2212672,2.11017
custom_lu,multiple_rhs,diagonally_dominant,256,7,before_custom_multiple_rhs_benchmark,2212672,2.11017
custom_lu,multiple_rhs,diagonally_dominant,256,7,after_custom_multiple_rhs_benchmark,2212672,2.11017
custom_lu,multiple_rhs,diagonally_dominant,256,7,before_custom_multiple_rhs_benchmark,2212672,2.11017
custom_lu,multiple_rhs,diagonally_dominant,256,7,after_custom_multiple_rhs_benchmark,2212672,2.11017
custom_lu,multiple_rhs,diagonally_dominant,256,7,before_custom_multiple_rhs_benchmark,2212672,2.11017
custom_lu,multiple_rhs,diagonally_dominant,256,7,after_custom_multiple_rhs_benchmark,2212672,2.11017
custom_lu,multiple_rhs,diagonally_dominant,256,8,before_multiple_rhs_problem_setup,2212672,2.11017
custom_lu,multiple_rhs,diagonally_dominant,256,8,after_multiple_rhs_problem_setup,2212672,2.11017
custom_lu,multiple_rhs,diagonally_dominant,256,8,before_custom_multiple_rhs_benchmark,2212672,2.11017
custom_lu,multiple_rhs,diagonally_dominant,256,8,after_custom_multiple_rhs_benchmark,2212672,2.11017
custom_lu,multiple_rhs,diagonally_dominant,256,8,before_custom_multiple_rhs_benchmark,2212672,2.11017
custom_lu,multiple_rhs,diagonally_dominant,256,8,after_custom_multiple_rhs_benchmark,2212672,2.11017
custom_lu,multiple_rhs,diagonally_dominant,256,8,before_custom_multiple_rhs_benchmark,2212672,2.11017
custom_lu,multiple_rhs,diagonally_dominant,256,8,after_custom_multiple_rhs_benchmark,2212672,2.11017
custom_lu,multiple_rhs,diagonally_dominant,256,8,before_custom_multiple_rhs_benchmark,2212672,2.11017
custom_lu,multiple_rhs,diagonally_dominant,256,8,after_custom_multiple_rhs_benchmark,2212672,2.11017
custom_lu,multiple_rhs,diagonally_dominant,256,8,before_custom_multiple_rhs_benchmark,2212672,2.11017
custom_lu,multiple_rhs,diagonally_dominant,256,8,after_custom_multiple_rhs_benchmark,2212672,2.11017
custom_lu,multiple_rhs,diagonally_dominant,256,9,before_multiple_rhs_problem_setup,2212672,2.11017
custom_lu,multiple_rhs,diagonally_dominant,256,9,after_multiple_rhs_problem_setup,2212672,2.11017
custom_lu,multiple_rhs,diagonally_dominant,256,9,before_custom_multiple_rhs_benchmark,2212672,2.11017
custom_lu,multiple_rhs,diagonally_dominant,256,9,after_custom_multiple_rhs_benchmark,2212672,2.11017
custom_lu,multiple_rhs,diagonally_dominant,256,9,before_custom_multiple_rhs_benchmark,2212672,2.11017
custom_lu,multiple_rhs,diagonally_dominant,256,9,after_custom_multiple_rhs_benchmark,2212672,2.11017
custom_lu,multiple_rhs,diagonally_dominant,256,9,before_custom_multiple_rhs_benchmark,2212672,2.11017
custom_lu,multiple_rhs,diagonally_dominant,256,9,after_custom_multiple_rhs_benchmark,2212672,2.11017
custom_lu,multiple_rhs,diagonally_dominant,256,9,before_custom_multiple_rhs_benchmark,2212672,2.11017
custom_lu,multiple_rhs,diagonally_dominant,256,9,after_custom_multiple_rhs_benchmark,2212672,2.11017
custom_lu,multiple_rhs,diagonally_dominant,256,9,before_custom_multiple_rhs_benchmark,2212672,2.11017
custom_lu,multiple_rhs,diagonally_dominant,256,9,after_custom_multiple_rhs_benchmark,2212672,2.11017
custom_lu,multiple_rhs,diagonally_dominant,256,10,before_multiple_rhs_problem_setup,2212672,2.11017
custom_lu,multiple_rhs,diagonally_dominant,256,10,after_multiple_rhs_problem_setup,2212672,2.11017
custom_lu,multiple_rhs,diagonally_dominant,256,10,before_custom_multiple_rhs_benchmark,2212672,2.11017
custom_lu,multiple_rhs,diagonally_dominant,256,10,after_custom_multiple_rhs_benchmark,2212672,2.11017
custom_lu,multiple_rhs,diagonally_dominant,256,10,before_custom_multiple_rhs_benchmark,2212672,2.11017
custom_lu,multiple_rhs,diagonally_dominant,256,10,after_custom_multiple_rhs_benchmark,2212672,2.11017
custom_lu,multiple_rhs,diagonally_dominant,256,10,before_custom_multiple_rhs_benchmark,2212672,2.11017
custom_lu,multiple_rhs,diagonally_dominant,256,10,after_custom_multiple_rhs_benchmark,2212672,2.11017
custom_lu,multiple_rhs,diagonally_dominant,256,10,before_custom_multiple_rhs_benchmark,2212672,2.11017
custom_lu,multiple_rhs,diagonally_dominant,256,10,after_custom_multiple_rhs_benchmark,2212672,2.11017
custom_lu,multiple_rhs,diagonally_dominant,256,10,before_custom_multiple_rhs_benchmark,2212672,2.11017
custom_lu,multiple_rhs,diagonally_dominant,256,10,after_custom_multiple_rhs_benchmark,2212672,2.11017
custom_lu,multiple_rhs,diagonally_dominant,256,11,before_multiple_rhs_problem_setup,2212672,2.11017
custom_lu,multiple_rhs,diagonally_dominant,256,11,after_multiple_rhs_problem_setup,2212672,2.11017
custom_lu,multiple_rhs,diagonally_dominant,256,11,before_custom_multiple_rhs_benchmark,2212672,2.11017
custom_lu,multiple_rhs,diagonally_dominant,256,11,after_custom_multiple_rhs_benchmark,2212672,2.11017
custom_lu,multiple_rhs,diagonally_dominant,256,11,before_custom_multiple_rhs_benchmark,2212672,2.11017
custom_lu,multiple_rhs,diagonally_dominant,256,11,after_custom_multiple_rhs_benchmark,2212672,2.11017
custom_lu,multiple_rhs,diagonally_dominant,256,11,before_custom_multiple_rhs_benchmark,2212672,2.11017
custom_lu,multiple_rhs,diagonally_dominant,256,11,after_custom_multiple_rhs_benchmark,2212672,2.11017
custom_lu,multiple_rhs,diagonally_dominant,256,11,before_custom_multiple_rhs_benchmark,2212672,2.11017
custom_lu,multiple_rhs,diagonally_dominant,256,11,after_custom_multiple_rhs_benchmark,2212672,2.11017
custom_lu,multiple_rhs,diagonally_dominant,256,11,before_custom_multiple_rhs_benchmark,2212672,2.11017
custom_lu,multiple_rhs,diagonally_dominant,256,11,after_custom_multiple_rhs_benchmark,2212672,2.11017
custom_lu,multiple_rhs,diagonally_dominant,256,12,before_multiple_rhs_problem_setup,2212672,2.11017
custom_lu,multiple_rhs,diagonally_dominant,256,12,after_multiple_rhs_problem_setup,2212672,2.11017
custom_lu,multiple_rhs,diagonally_dominant,256,12,before_custom_multiple_rhs_benchmark,2212672,2.11017
custom_lu,multiple_rhs,diagonally_dominant,256,12,after_custom_multiple_rhs_benchmark,2212672,2.11017
custom_lu,multiple_rhs,diagonally_dominant,256,12,before_custom_multiple_rhs_benchmark,2212672,2.11017
custom_lu,multiple_rhs,diagonally_dominant,256,12,after_custom_multiple_rhs_benchmark,2212672,2.11017
custom_lu,multiple_rhs,diagonally_dominant,256,12,before_custom_multiple_rhs_benchmark,2212672,2.11017
custom_lu,multiple_rhs,diagonally_dominant,256,12,after_custom_multiple_rhs_benchmark,2212672,2.11017
custom_lu,multiple_rhs,diagonally_dominant,256,12,before_custom_multiple_rhs_benchmark,2212672,2.11017
custom_lu,multiple_rhs,diagonally_dominant,256,12,after_custom_multiple_rhs_benchmark,2212672,2.11017
custom_lu,multiple_rhs,diagonally_dominant,256,12,before_custom_multiple_rhs_benchmark,2212672,2.11017
custom_lu,multiple_rhs,diagonally_dominant,256,12,after_custom_multiple_rhs_benchmark,2212672,2.11017
custom_lu,multiple_rhs,diagonally_dominant,256,13,before_multiple_rhs_problem_setup,2212672,2.11017
custom_lu,multiple_rhs,diagonally_dominant,256,13,after_multiple_rhs_problem_setup,2212672,2.11017
custom_lu,multiple_rhs,diagonally_dominant,256,13,before_custom_multiple_rhs_benchmark,2212672,2.11017
custom_lu,multiple_rhs,diagonally_dominant,256,13,after_custom_multiple_rhs_benchmark,2212672,2.11017
custom_lu,multiple_rhs,diagonally_dominant,256,13,before_custom_multiple_rhs_benchmark,2212672,2.11017
custom_lu,multiple_rhs,diagonally_dominant,256,13,after_custom_multiple_rhs_benchmark,2212672,2.11017
custom_lu,multiple_rhs,diagonally_dominant,256,13,before_custom_multiple_rhs_benchmark,2212672,2.11017
custom_lu,multiple_rhs,diagonally_dominant,256,13,after_custom_multiple_rhs_benchmark,2212672,2.11017
custom_lu,multiple_rhs,diagonally_dominant,256,13,before_custom_multiple_rhs_benchmark,2212672,2.11017
custom_lu,multiple_rhs,diagonally_dominant,256,13,after_custom_multiple_rhs_benchmark,2212672,2.11017
custom_lu,multiple_rhs,diagonally_dominant,256,13,before_custom_multiple_rhs_benchmark,2212672,2.11017
custom_lu,multiple_rhs,diagonally_dominant,256,13,after_custom_multiple_rhs_benchmark,2212672,2.11017
custom_lu,multiple_rhs,diagonally_dominant,256,14,before_multiple_rhs_problem_setup,2212672,2.11017
custom_lu,multiple_rhs,diagonally_dominant,256,14,after_multiple_rhs_problem_setup,2212672,2.11017
custom_lu,multiple_rhs,diagonally_dominant,256,14,before_custom_multiple_rhs_benchmark,2212672,2.11017
custom_lu,multiple_rhs,diagonally_dominant,256,14,after_custom_multiple_rhs_benchmark,2212672,2.11017
custom_lu,multiple_rhs,diagonally_dominant,256,14,before_custom_multiple_rhs_benchmark,2212672,2.11017
custom_lu,multiple_rhs,diagonally_dominant,256,14,after_custom_multiple_rhs_benchmark,2212672,2.11017
custom_lu,multiple_rhs,diagonally_dominant,256,14,before_custom_multiple_rhs_benchmark,2212672,2.11017
custom_lu,multiple_rhs,diagonally_dominant,256,14,after_custom_multiple_rhs_benchmark,2212672,2.11017
custom_lu,multiple_rhs,diagonally_dominant,256,14,before_custom_multiple_rhs_benchmark,2212672,2.11017
custom_lu,multiple_rhs,diagonally_dominant,256,14,after_custom_multiple_rhs_benchmark,2212672,2.11017
custom_lu,multiple_rhs,diagonally_dominant,256,14,before_custom_multiple_rhs_benchmark,2212672,2.11017
custom_lu,multiple_rhs,diagonally_dominant,256,14,after_custom_multiple_rhs_benchmark,2212672,2.11017
eigen_partial_piv_lu,multiple_rhs,random_dense,8,0,before_multiple_rhs_problem_setup,2212672,2.11017
eigen_partial_piv_lu,multiple_rhs,random_dense,8,0,after_multiple_rhs_problem_setup,2212672,2.11017
eigen_partial_piv_lu,multiple_rhs,random_dense,8,0,before_eigen_multiple_rhs_benchmark,2212672,2.11017
eigen_partial_piv_lu,multiple_rhs,random_dense,8,0,after_eigen_multiple_rhs_benchmark,2212672,2.11017
eigen_partial_piv_lu,multiple_rhs,random_dense,8,0,before_eigen_multiple_rhs_benchmark,2212672,2.11017
eigen_partial_piv_lu,multiple_rhs,random_dense,8,0,after_eigen_multiple_rhs_benchmark,2212672,2.11017
eigen_partial_piv_lu,multiple_rhs,random_dense,8,0,before_eigen_multiple_rhs_benchmark,2212672,2.11017
eigen_partial_piv_lu,multiple_rhs,random_dense,8,0,after_eigen_multiple_rhs_benchmark,2212672,2.11017
eigen_partial_piv_lu,multiple_rhs,random_dense,8,0,before_eigen_multiple_rhs_benchmark,2212672,2.11017
eigen_partial_piv_lu,multiple_rhs,random_dense,8,0,after_eigen_multiple_rhs_benchmark,2212672,2.11017
eigen_partial_piv_lu,multiple_rhs,random_dense,8,0,before_eigen_multiple_rhs_benchmark,2212672,2.11017
eigen_partial_piv_lu,multiple_rhs,random_dense,8,0,after_eigen_multiple_rhs_benchmark,2212672,2.11017
eigen_partial_piv_lu,multiple_rhs,random_dense,8,1,before_multiple_rhs_problem_setup,2212672,2.11017
eigen_partial_piv_lu,multiple_rhs,random_dense,8,1,after_multiple_rhs_problem_setup,2212672,2.11017
eigen_partial_piv_lu,multiple_rhs,random_dense,8,1,before_eigen_multiple_rhs_benchmark,2212672,2.11017
eigen_partial_piv_lu,multiple_rhs,random_dense,8,1,after_eigen_multiple_rhs_benchmark,2212672,2.11017
eigen_partial_piv_lu,multiple_rhs,random_dense,8,1,before_eigen_multiple_rhs_benchmark,2212672,2.11017
eigen_partial_piv_lu,multiple_rhs,random_dense,8,1,after_eigen_multiple_rhs_benchmark,2212672,2.11017
eigen_partial_piv_lu,multiple_rhs,random_dense,8,1,before_eigen_multiple_rhs_benchmark,2212672,2.11017
eigen_partial_piv_lu,multiple_rhs,random_dense,8,1,after_eigen_multiple_rhs_benchmark,2212672,2.11017
eigen_partial_piv_lu,multiple_rhs,random_dense,8,1,before_eigen_multiple_rhs_benchmark,2212672,2.11017
eigen_partial_piv_lu,multiple_rhs,random_dense,8,1,after_eigen_multiple_rhs_benchmark,2212672,2.11017
eigen_partial_piv_lu,multiple_rhs,random_dense,8,1,before_eigen_multiple_rhs_benchmark,2212672,2.11017
eigen_partial_piv_lu,multiple_rhs,random_dense,8,1,after_eigen_multiple_rhs_benchmark,2212672,2.11017
eigen_partial_piv_lu,multiple_rhs,random_dense,8,2,before_multiple_rhs_problem_setup,2212672,2.11017
eigen_partial_piv_lu,multiple_rhs,random_dense,8,2,after_multiple_rhs_problem_setup,2212672,2.11017
eigen_partial_piv_lu,multiple_rhs,random_dense,8,2,before_eigen_multiple_rhs_benchmark,2212672,2.11017
eigen_partial_piv_lu,multiple_rhs,random_dense,8,2,after_eigen_multiple_rhs_benchmark,2212672,2.11017
eigen_partial_piv_lu,multiple_rhs,random_dense,8,2,before_eigen_multiple_rhs_benchmark,2212672,2.11017
eigen_partial_piv_lu,multiple_rhs,random_dense,8,2,after_eigen_multiple_rhs_benchmark,2212672,2.11017
eigen_partial_piv_lu,multiple_rhs,random_dense,8,2,before_eigen_multiple_rhs_benchmark,2212672,2.11017
eigen_partial_piv_lu,multiple_rhs,random_dense,8,2,after_eigen_multiple_rhs_benchmark,2212672,2.11017
eigen_partial_piv_lu,multiple_rhs,random_dense,8,2,before_eigen_multiple_rhs_benchmark,2212672,2.11017
eigen_partial_piv_lu,multiple_rhs,random_dense,8,2,after_eigen_multiple_rhs_benchmark,2212672,2.11017
eigen_partial_piv_lu,multiple_rhs,random_dense,8,2,before_eigen_multiple_rhs_benchmark,2212672,2.11017
eigen_partial_piv_lu,multiple_rhs,random_dense,8,2,after_eigen_multiple_rhs_benchmark,2212672,2.11017
eigen_partial_piv_lu,multiple_rhs,random_dense,8,3,before_multiple_rhs_problem_setup,2212672,2.11017
eigen_partial_piv_lu,multiple_rhs,random_dense,8,3,after_multiple_rhs_problem_setup,2212672,2.11017
eigen_partial_piv_lu,multiple_rhs,random_dense,8,3,before_eigen_multiple_rhs_benchmark,2212672,2.11017
eigen_partial_piv_lu,multiple_rhs,random_dense,8,3,after_eigen_multiple_rhs_benchmark,2212672,2.11017
eigen_partial_piv_lu,multiple_rhs,random_dense,8,3,before_eigen_multiple_rhs_benchmark,2212672,2.11017
eigen_partial_piv_lu,multiple_rhs,random_dense,8,3,after_eigen_multiple_rhs_benchmark,2212672,2.11017
eigen_partial_piv_lu,multiple_rhs,random_dense,8,3,before_eigen_multiple_rhs_benchmark,2212672,2.11017
eigen_partial_piv_lu,multiple_rhs,random_dense,8,3,after_eigen_multiple_rhs_benchmark,2212672,2.11017
eigen_partial_piv_lu,multiple_rhs,random_dense,8,3,before_eigen_multiple_rhs_benchmark,2212672,2.11017
eigen_partial_piv_lu,multiple_rhs,random_dense,8,3,after_eigen_multiple_rhs_benchmark,2212672,2.11017
eigen_partial_piv_lu,multiple_rhs,random_dense,8,3,before_eigen_multiple_rhs_benchmark,2212672,2.11017
eigen_partial_piv_lu,multiple_rhs,random_dense,8,3,after_eigen_multiple_rhs_benchmark,2212672,2.11017
eigen_partial_piv_lu,multiple_rhs,random_dense,8,4,before_multiple_rhs_problem_setup,2212672,2.11017
eigen_partial_piv_lu,multiple_rhs,random_dense,8,4,after_multiple_rhs_problem_setup,2212672,2.11017
eigen_partial_piv_lu,multiple_rhs,random_dense,8,4,before_eigen_multiple_rhs_benchmark,2212672,2.11017
eigen_partial_piv_lu,multiple_rhs,random_dense,8,4,after_eigen_multiple_rhs_benchmark,2212672,2.11017
eigen_partial_piv_lu,multiple_rhs,random_dense,8,4,before_eigen_multiple_rhs_benchmark,2212672,2.11017
eigen_partial_piv_lu,multiple_rhs,random_dense,8,4,after_eigen_multiple_rhs_benchmark,2212672,2.11017
eigen_partial_piv_lu,multiple_rhs,random_dense,8,4,before_eigen_multiple_rhs_benchmark,2212672,2.11017
eigen_partial_piv_lu,multiple_rhs,random_dense,8,4,after_eigen_multiple_rhs_benchmark,2212672,2.11017
eigen_partial_piv_lu,multiple_rhs,random_dense,8,4,before_eigen_multiple_rhs_benchmark,2212672,2.11017
eigen_partial_piv_lu,multiple_rhs,random_dense,8,4,after_eigen_multiple_rhs_benchmark,2212672,2.11017
eigen_partial_piv_lu,multiple_rhs,random_dense,8,4,before_eigen_multiple_rhs_benchmark,2212672,2.11017
eigen_partial_piv_lu,multiple_rhs,random_dense,8,4,after_eigen_multiple_rhs_benchmark,2212672,2.11017
eigen_partial_piv_lu,multiple_rhs,random_dense,8,5,before_multiple_rhs_problem_setup,2212672,2.11017
eigen_partial_piv_lu,multiple_rhs,random_dense,8,5,after_multiple_rhs_problem_setup,2212672,2.11017
eigen_partial_piv_lu,multiple_rhs,random_dense,8,5,before_eigen_multiple_rhs_benchmark,2212672,2.11017
eigen_partial_piv_lu,multiple_rhs,random_dense,8,5,after_eigen_multiple_rhs_benchmark,2212672,2.11017
eigen_partial_piv_lu,multiple_rhs,random_dense,8,5,before_eigen_multiple_rhs_benchmark,2212672,2.11017
eigen_partial_piv_lu,multiple_rhs,random_dense,8,5,after_eigen_multiple_rhs_benchmark,2212672,2.11017
eigen_partial_piv_lu,multiple_rhs,random_dense,8,5,before_eigen_multiple_rhs_benchmark,2212672,2.11017
eigen_partial_piv_lu,multiple_rhs,random_dense,8,5,after_eigen_multiple_rhs_benchmark,2212672,2.11017
eigen_partial_piv_lu,multiple_rhs,random_dense,8,5,before_eigen_multiple_rhs_benchmark,2212672,2.11017
eigen_partial_piv_lu,multiple_rhs,random_dense,8,5,after_eigen_multiple_rhs_benchmark,2212672,2.11017
eigen_partial_piv_lu,multiple_rhs,random_dense,8,5,before_eigen_multiple_rhs_benchmark,2212672,2.11017
eigen_partial_piv_lu,multiple_rhs,random_dense,8,5,after_eigen_multiple_rhs_benchmark,2212672,2.11017
eigen_partial_piv_lu,multiple_rhs,random_dense,8,6,before_multiple_rhs_problem_setup,2212672,2.11017
eigen_partial_piv_lu,multiple_rhs,random_dense,8,6,after_multiple_rhs_problem_setup,2212672,2.11017
eigen_partial_piv_lu,multiple_rhs,random_dense,8,6,before_eigen_multiple_rhs_benchmark,2212672,2.11017
eigen_partial_piv_lu,multiple_rhs,random_dense,8,6,after_eigen_multiple_rhs_benchmark,2212672,2.11017
eigen_partial_piv_lu,multiple_rhs,random_dense,8,6,before_eigen_multiple_rhs_benchmark,2212672,2.11017
eigen_partial_piv_lu,multiple_rhs,random_dense,8,6,after_eigen_multiple_rhs_benchmark,2212672,2.11017
eigen_partial_piv_lu,multiple_rhs,random_dense,8,6,before_eigen_multiple_rhs_benchmark,2212672,2.11017
eigen_partial_piv_lu,multiple_rhs,random_dense,8,6,after_eigen_multiple_rhs_benchmark,2212672,2.11017
eigen_partial_piv_lu,multiple_rhs,random_dense,8,6,before_eigen_multiple_rhs_benchmark,2212672,2.11017
eigen_partial_piv_lu,multiple_rhs,random_dense,8,6,after_eigen_multiple_rhs_benchmark,2212672,2.11017
eigen_partial_piv_lu,multiple_rhs,random_dense,8,6,before_eigen_multiple_rhs_benchmark,2212672,2.11017
eigen_partial_piv_lu,multiple_rhs,random_dense,8,6,after_eigen_multiple_rhs_benchmark,2212672,2.11017
eigen_partial_piv_lu,multiple_rhs,random_dense,8,7,before_multiple_rhs_problem_setup,2212672,2.11017
eigen_partial_piv_lu,multiple_rhs,random_dense,8,7,after_multiple_rhs_problem_setup,2212672,2.11017
eigen_partial_piv_lu,multiple_rhs,random_dense,8,7,before_eigen_multiple_rhs_benchmark,2212672,2.11017
eigen_partial_piv_lu,multiple_rhs,random_dense,8,7,after_eigen_multiple_rhs_benchmark,2212672,2.11017
eigen_partial_piv_lu,multiple_rhs,random_dense,8,7,before_eigen_multiple_rhs_benchmark,2212672,2.11017
eigen_partial_piv_lu,multiple_rhs,random_dense,8,7,after_eigen_multiple_rhs_benchmark,2212672,2.11017
eigen_partial_piv_lu,multiple_rhs,random_dense,8,7,before_eigen_multiple_rhs_benchmark,2212672,2.11017
eigen_partial_piv_lu,multiple_rhs,random_dense,8,7,after_eigen_multiple_rhs_benchmark,2212672,2.11017
eigen_partial_piv_lu,multiple_rhs,random_dense,8,7,before_eigen_multiple_rhs_benchmark,2212672,2.11017
eigen_partial_piv_lu,multiple_rhs,random_dense,8,7,after_eigen_multiple_rhs_benchmark,2229056,2.12579
eigen_partial_piv_lu,multiple_rhs,random_dense,8,7,before_eigen_multiple_rhs_benchmark,2229056,2.12579
eigen_partial_piv_lu,multiple_rhs,random_dense,8,7,after_eigen_multiple_rhs_benchmark,2229056,2.12579
eigen_partial_piv_lu,multiple_rhs,random_dense,8,8,before_multiple_rhs_problem_setup,2229056,2.12579
eigen_partial_piv_lu,multiple_rhs,random_dense,8,8,after_multiple_rhs_problem_setup,2229056,2.12579
eigen_partial_piv_lu,multiple_rhs,random_dense,8,8,before_eigen_multiple_rhs_benchmark,2229056,2.12579
eigen_partial_piv_lu,multiple_rhs,random_dense,8,8,after_eigen_multiple_rhs_benchmark,2229056,2.12579
eigen_partial_piv_lu,multiple_rhs,random_dense,8,8,before_eigen_multiple_rhs_benchmark,2229056,2.12579
eigen_partial_piv_lu,multiple_rhs,random_dense,8,8,after_eigen_multiple_rhs_benchmark,2229056,2.12579
eigen_partial_piv_lu,multiple_rhs,random_dense,8,8,before_eigen_multiple_rhs_benchmark,2229056,2.12579
eigen_partial_piv_lu,multiple_rhs,random_dense,8,8,after_eigen_multiple_rhs_benchmark,2229056,2.12579
eigen_partial_piv_lu,multiple_rhs,random_dense,8,8,before_eigen_multiple_rhs_benchmark,2229056,2.12579
eigen_partial_piv_lu,multiple_rhs,random_dense,8,8,after_eigen_multiple_rhs_benchmark,2229056,2.12579
eigen_partial_piv_lu,multiple_rhs,random_dense,8,8,before_eigen_multiple_rhs_benchmark,2229056,2.12579
eigen_partial_piv_lu,multiple_rhs,random_dense,8,8,after_eigen_multiple_rhs_benchmark,2229056,2.12579
eigen_partial_piv_lu,multiple_rhs,random_dense,8,9,before_multiple_rhs_problem_setup,2229056,2.12579
eigen_partial_piv_lu,multiple_rhs,random_dense,8,9,after_multiple_rhs_problem_setup,2229056,2.12579
eigen_partial_piv_lu,multiple_rhs,random_dense,8,9,before_eigen_multiple_rhs_benchmark,2229056,2.12579
eigen_partial_piv_lu,multiple_rhs,random_dense,8,9,after_eigen_multiple_rhs_benchmark,2229056,2.12579
eigen_partial_piv_lu,multiple_rhs,random_dense,8,9,before_eigen_multiple_rhs_benchmark,2229056,2.12579
eigen_partial_piv_lu,multiple_rhs,random_dense,8,9,after_eigen_multiple_rhs_benchmark,2229056,2.12579
eigen_partial_piv_lu,multiple_rhs,random_dense,8,9,before_eigen_multiple_rhs_benchmark,2229056,2.12579
eigen_partial_piv_lu,multiple_rhs,random_dense,8,9,after_eigen_multiple_rhs_benchmark,2229056,2.12579
eigen_partial_piv_lu,multiple_rhs,random_dense,8,9,before_eigen_multiple_rhs_benchmark,2229056,2.12579
eigen_partial_piv_lu,multiple_rhs,random_dense,8,9,after_eigen_multiple_rhs_benchmark,2229056,2.12579
eigen_partial_piv_lu,multiple_rhs,random_dense,8,9,before_eigen_multiple_rhs_benchmark,2229056,2.12579
eigen_partial_piv_lu,multiple_rhs,random_dense,8,9,after_eigen_multiple_rhs_benchmark,2229056,2.12579
eigen_partial_piv_lu,multiple_rhs,random_dense,8,10,before_multiple_rhs_problem_setup,2229056,2.12579
eigen_partial_piv_lu,multiple_rhs,random_dense,8,10,after_multiple_rhs_problem_setup,2229056,2.12579
eigen_partial_piv_lu,multiple_rhs,random_dense,8,10,before_eigen_multiple_rhs_benchmark,2229056,2.12579
eigen_partial_piv_lu,multiple_rhs,random_dense,8,10,after_eigen_multiple_rhs_benchmark,2229056,2.12579
eigen_partial_piv_lu,multiple_rhs,random_dense,8,10,before_eigen_multiple_rhs_benchmark,2229056,2.12579
eigen_partial_piv_lu,multiple_rhs,random_dense,8,10,after_eigen_multiple_rhs_benchmark,2229056,2.12579
eigen_partial_piv_lu,multiple_rhs,random_dense,8,10,before_eigen_multiple_rhs_benchmark,2229056,2.12579
eigen_partial_piv_lu,multiple_rhs,random_dense,8,10,after_eigen_multiple_rhs_benchmark,2229056,2.12579
eigen_partial_piv_lu,multiple_rhs,random_dense,8,10,before_eigen_multiple_rhs_benchmark,2229056,2.12579
eigen_partial_piv_lu,multiple_rhs,random_dense,8,10,after_eigen_multiple_rhs_benchmark,2229056,2.12579
eigen_partial_piv_lu,multiple_rhs,random_dense,8,10,before_eigen_multiple_rhs_benchmark,2229056,2.12579
eigen_partial_piv_lu,multiple_rhs,random_dense,8,10,after_eigen_multiple_rhs_benchmark,2229056,2.12579
eigen_partial_piv_lu,multiple_rhs,random_dense,8,11,before_multiple_rhs_problem_setup,2229056,2.12579
eigen_partial_piv_lu,multiple_rhs,random_dense,8,11,after_multiple_rhs_problem_setup,2229056,2.12579
eigen_partial_piv_lu,multiple_rhs,random_dense,8,11,before_eigen_multiple_rhs_benchmark,2229056,2.12579
eigen_partial_piv_lu,multiple_rhs,random_dense,8,11,after_eigen_multiple_rhs_benchmark,2229056,2.12579
eigen_partial_piv_lu,multiple_rhs,random_dense,8,11,before_eigen_multiple_rhs_benchmark,2229056,2.12579
eigen_partial_piv_lu,multiple_rhs,random_dense,8,11,after_eigen_multiple_rhs_benchmark,2229056,2.12579
eigen_partial_piv_lu,multiple_rhs,random_dense,8,11,before_eigen_multiple_rhs_benchmark,2229056,2.12579
eigen_partial_piv_lu,multiple_rhs,random_dense,8,11,after_eigen_multiple_rhs_benchmark,2229056,2.12579
eigen_partial_piv_lu,multiple_rhs,random_dense,8,11,before_eigen_multiple_rhs_benchmark,2229056,2.12579
eigen_partial_piv_lu,multiple_rhs,random_dense,8,11,after_eigen_multiple_rhs_benchmark,2229056,2.12579
eigen_partial_piv_lu,multiple_rhs,random_dense,8,11,before_eigen_multiple_rhs_benchmark,2229056,2.12579
eigen_partial_piv_lu,multiple_rhs,random_dense,8,11,after_eigen_multiple_rhs_benchmark,2229056,2.12579
eigen_partial_piv_lu,multiple_rhs,random_dense,8,12,before_multiple_rhs_problem_setup,2229056,2.12579
eigen_partial_piv_lu,multiple_rhs,random_dense,8,12,after_multiple_rhs_problem_setup,2229056,2.12579
eigen_partial_piv_lu,multiple_rhs,random_dense,8,12,before_eigen_multiple_rhs_benchmark,2229056,2.12579
eigen_partial_piv_lu,multiple_rhs,random_dense,8,12,after_eigen_multiple_rhs_benchmark,2229056,2.12579
eigen_partial_piv_lu,multiple_rhs,random_dense,8,12,before_eigen_multiple_rhs_benchmark,2229056,2.12579
eigen_partial_piv_lu,multiple_rhs,random_dense,8,12,after_eigen_multiple_rhs_benchmark,2229056,2.12579
eigen_partial_piv_lu,multiple_rhs,random_dense,8,12,before_eigen_multiple_rhs_benchmark,2229056,2.12579
eigen_partial_piv_lu,multiple_rhs,random_dense,8,12,after_eigen_multiple_rhs_benchmark,2229056,2.12579
eigen_partial_piv_lu,multiple_rhs,random_dense,8,12,before_eigen_multiple_rhs_benchmark,2229056,2.12579
eigen_partial_piv_lu,multiple_rhs,random_dense,8,12,after_eigen_multiple_rhs_benchmark,2229056,2.12579
eigen_partial_piv_lu,multiple_rhs,random_dense,8,12,before_eigen_multiple_rhs_benchmark,2229056,2.12579
eigen_partial_piv_lu,multiple_rhs,random_dense,8,12,after_eigen_multiple_rhs_benchmark,2229056,2.12579
eigen_partial_piv_lu,multiple_rhs,random_dense,8,13,before_multiple_rhs_problem_setup,2229056,2.12579
eigen_partial_piv_lu,multiple_rhs,random_dense,8,13,after_multiple_rhs_problem_setup,2229056,2.12579
eigen_partial_piv_lu,multiple_rhs,random_dense,8,13,before_eigen_multiple_rhs_benchmark,2229056,2.12579
eigen_partial_piv_lu,multiple_rhs,random_dense,8,13,after_eigen_multiple_rhs_benchmark,2229056,2.12579
eigen_partial_piv_lu,multiple_rhs,random_dense,8,13,before_eigen_multiple_rhs_benchmark,2229056,2.12579
eigen_partial_piv_lu,multiple_rhs,random_dense,8,13,after_eigen_multiple_rhs_benchmark,2229056,2.12579
eigen_partial_piv_lu,multiple_rhs,random_dense,8,13,before_eigen_multiple_rhs_benchmark,2229056,2.12579
eigen_partial_piv_lu,multiple_rhs,random_dense,8,13,after_eigen_multiple_rhs_benchmark,2229056,2.12579
eigen_partial_piv_lu,multiple_rhs,random_dense,8,13,before_eigen_multiple_rhs_benchmark,2229056,2.12579
eigen_partial_piv_lu,multiple_rhs,random_dense,8,13,after_eigen_multiple_rhs_benchmark,2229056,2.12579
eigen_partial_piv_lu,multiple_rhs,random_dense,8,13,before_eigen_multiple_rhs_benchmark,2229056,2.12579
eigen_partial_piv_lu,multiple_rhs,random_dense,8,13,after_eigen_multiple_rhs_benchmark,2229056,2.12579
eigen_partial_piv_lu,multiple_rhs,random_dense,8,14,before_multiple_rhs_problem_setup,2229056,2.12579
eigen_partial_piv_lu,multiple_rhs,random_dense,8,14,after_multiple_rhs_problem_setup,2229056,2.12579
eigen_partial_piv_lu,multiple_rhs,random_dense,8,14,before_eigen_multiple_rhs_benchmark,2229056,2.12579
eigen_partial_piv_lu,multiple_rhs,random_dense,8,14,after_eigen_multiple_rhs_benchmark,2229056,2.12579
eigen_partial_piv_lu,multiple_rhs,random_dense,8,14,before_eigen_multiple_rhs_benchmark,2229056,2.12579
eigen_partial_piv_lu,multiple_rhs,random_dense,8,14,after_eigen_multiple_rhs_benchmark,2229056,2.12579
eigen_partial_piv_lu,multiple_rhs,random_dense,8,14,before_eigen_multiple_rhs_benchmark,2229056,2.12579
eigen_partial_piv_lu,multiple_rhs,random_dense,8,14,after_eigen_multiple_rhs_benchmark,2229056,2.12579
eigen_partial_piv_lu,multiple_rhs,random_dense,8,14,before_eigen_multiple_rhs_benchmark,2229056,2.12579
eigen_partial_piv_lu,multiple_rhs,random_dense,8,14,after_eigen_multiple_rhs_benchmark,2229056,2.12579
eigen_partial_piv_lu,multiple_rhs,random_dense,8,14,before_eigen_multiple_rhs_benchmark,2229056,2.12579
eigen_partial_piv_lu,multiple_rhs,random_dense,8,14,after_eigen_multiple_rhs_benchmark,2229056,2.12579
eigen_partial_piv_lu,multiple_rhs,diagonally_dominant,8,0,before_multiple_rhs_problem_setup,2229056,2.12579
eigen_partial_piv_lu,multiple_rhs,diagonally_dominant,8,0,after_multiple_rhs_problem_setup,2229056,2.12579
eigen_partial_piv_lu,multiple_rhs,diagonally_dominant,8,0,before_eigen_multiple_rhs_benchmark,2229056,2.12579
eigen_partial_piv_lu,multiple_rhs,diagonally_dominant,8,0,after_eigen_multiple_rhs_benchmark,2229056,2.12579
eigen_partial_piv_lu,multiple_rhs,diagonally_dominant,8,0,before_eigen_multiple_rhs_benchmark,2229056,2.12579
eigen_partial_piv_lu,multiple_rhs,diagonally_dominant,8,0,after_eigen_multiple_rhs_benchmark,2229056,2.12579
eigen_partial_piv_lu,multiple_rhs,diagonally_dominant,8,0,before_eigen_multiple_rhs_benchmark,2229056,2.12579
eigen_partial_piv_lu,multiple_rhs,diagonally_dominant,8,0,after_eigen_multiple_rhs_benchmark,2229056,2.12579
eigen_partial_piv_lu,multiple_rhs,diagonally_dominant,8,0,before_eigen_multiple_rhs_benchmark,2229056,2.12579
eigen_partial_piv_lu,multiple_rhs,diagonally_dominant,8,0,after_eigen_multiple_rhs_benchmark,2229056,2.12579
eigen_partial_piv_lu,multiple_rhs,diagonally_dominant,8,0,before_eigen_multiple_rhs_benchmark,2229056,2.12579
eigen_partial_piv_lu,multiple_rhs,diagonally_dominant,8,0,after_eigen_multiple_rhs_benchmark,2229056,2.12579
eigen_partial_piv_lu,multiple_rhs,diagonally_dominant,8,1,before_multiple_rhs_problem_setup,2229056,2.12579
eigen_partial_piv_lu,multiple_rhs,diagonally_dominant,8,1,after_multiple_rhs_problem_setup,2229056,2.12579
eigen_partial_piv_lu,multiple_rhs,diagonally_dominant,8,1,before_eigen_multiple_rhs_benchmark,2229056,2.12579
eigen_partial_piv_lu,multiple_rhs,diagonally_dominant,8,1,after_eigen_multiple_rhs_benchmark,2229056,2.12579
eigen_partial_piv_lu,multiple_rhs,diagonally_dominant,8,1,before_eigen_multiple_rhs_benchmark,2229056,2.12579
eigen_partial_piv_lu,multiple_rhs,diagonally_dominant,8,1,after_eigen_multiple_rhs_benchmark,2229056,2.12579
eigen_partial_piv_lu,multiple_rhs,diagonally_dominant,8,1,before_eigen_multiple_rhs_benchmark,2229056,2.12579
eigen_partial_piv_lu,multiple_rhs,diagonally_dominant,8,1,after_eigen_multiple_rhs_benchmark,2229056,2.12579
eigen_partial_piv_lu,multiple_rhs,diagonally_dominant,8,1,before_eigen_multiple_rhs_benchmark,2229056,2.12579
eigen_partial_piv_lu,multiple_rhs,diagonally_dominant,8,1,after_eigen_multiple_rhs_benchmark,2229056,2.12579
eigen_partial_piv_lu,multiple_rhs,diagonally_dominant,8,1,before_eigen_multiple_rhs_benchmark,2229056,2.12579
eigen_partial_piv_lu,multiple_rhs,diagonally_dominant,8,1,after_eigen_multiple_rhs_benchmark,2229056,2.12579
eigen_partial_piv_lu,multiple_rhs,diagonally_dominant,8,2,before_multiple_rhs_problem_setup,2229056,2.12579
eigen_partial_piv_lu,multiple_rhs,diagonally_dominant,8,2,after_multiple_rhs_problem_setup,2229056,2.12579
eigen_partial_piv_lu,multiple_rhs,diagonally_dominant,8,2,before_eigen_multiple_rhs_benchmark,2229056,2.12579
eigen_partial_piv_lu,multiple_rhs,diagonally_dominant,8,2,after_eigen_multiple_rhs_benchmark,2229056,2.12579
eigen_partial_piv_lu,multiple_rhs,diagonally_dominant,8,2,before_eigen_multiple_rhs_benchmark,2229056,2.12579
eigen_partial_piv_lu,multiple_rhs,diagonally_dominant,8,2,after_eigen_multiple_rhs_benchmark,2229056,2.12579
eigen_partial_piv_lu,multiple_rhs,diagonally_dominant,8,2,before_eigen_multiple_rhs_benchmark,2229056,2.12579
eigen_partial_piv_lu,multiple_rhs,diagonally_dominant,8,2,after_eigen_multiple_rhs_benchmark,2229056,2.12579
eigen_partial_piv_lu,multiple_rhs,diagonally_dominant,8,2,before_eigen_multiple_rhs_benchmark,2229056,2.12579
eigen_partial_piv_lu,multiple_rhs,diagonally_dominant,8,2,after_eigen_multiple_rhs_benchmark,2229056,2.12579
eigen_partial_piv_lu,multiple_rhs,diagonally_dominant,8,2,before_eigen_multiple_rhs_benchmark,2229056,2.12579
eigen_partial_piv_lu,multiple_rhs,diagonally_dominant,8,2,after_eigen_multiple_rhs_benchmark,2229056,2.12579
eigen_partial_piv_lu,multiple_rhs,diagonally_dominant,8,3,before_multiple_rhs_problem_setup,2229056,2.12579
eigen_partial_piv_lu,multiple_rhs,diagonally_dominant,8,3,after_multiple_rhs_problem_setup,2229056,2.12579
eigen_partial_piv_lu,multiple_rhs,diagonally_dominant,8,3,before_eigen_multiple_rhs_benchmark,2229056,2.12579
eigen_partial_piv_lu,multiple_rhs,diagonally_dominant,8,3,after_eigen_multiple_rhs_benchmark,2229056,2.12579
eigen_partial_piv_lu,multiple_rhs,diagonally_dominant,8,3,before_eigen_multiple_rhs_benchmark,2229056,2.12579
eigen_partial_piv_lu,multiple_rhs,diagonally_dominant,8,3,after_eigen_multiple_rhs_benchmark,2229056,2.12579
eigen_partial_piv_lu,multiple_rhs,diagonally_dominant,8,3,before_eigen_multiple_rhs_benchmark,2229056,2.12579
eigen_partial_piv_lu,multiple_rhs,diagonally_dominant,8,3,after_eigen_multiple_rhs_benchmark,2229056,2.12579
eigen_partial_piv_lu,multiple_rhs,diagonally_dominant,8,3,before_eigen_multiple_rhs_benchmark,2229056,2.12579
eigen_partial_piv_lu,multiple_rhs,diagonally_dominant,8,3,after_eigen_multiple_rhs_benchmark,2229056,2.12579
eigen_partial_piv_lu,multiple_rhs,diagonally_dominant,8,3,before_eigen_multiple_rhs_benchmark,2229056,2.12579
eigen_partial_piv_lu,multiple_rhs,diagonally_dominant,8,3,after_eigen_multiple_rhs_benchmark,2229056,2.12579
eigen_partial_piv_lu,multiple_rhs,diagonally_dominant,8,4,before_multiple_rhs_problem_setup,2229056,2.12579
eigen_partial_piv_lu,multiple_rhs,diagonally_dominant,8,4,after_multiple_rhs_problem_setup,2229056,2.12579
eigen_partial_piv_lu,multiple_rhs,diagonally_dominant,8,4,before_eigen_multiple_rhs_benchmark,2229056,2.12579
eigen_partial_piv_lu,multiple_rhs,diagonally_dominant,8,4,after_eigen_multiple_rhs_benchmark,2229056,2.12579
eigen_partial_piv_lu,multiple_rhs,diagonally_dominant,8,4,before_eigen_multiple_rhs_benchmark,2229056,2.12579
eigen_partial_piv_lu,multiple_rhs,diagonally_dominant,8,4,after_eigen_multiple_rhs_benchmark,2229056,2.12579
eigen_partial_piv_lu,multiple_rhs,diagonally_dominant,8,4,before_eigen_multiple_rhs_benchmark,2229056,2.12579
eigen_partial_piv_lu,multiple_rhs,diagonally_dominant,8,4,after_eigen_multiple_rhs_benchmark,2229056,2.12579
eigen_partial_piv_lu,multiple_rhs,diagonally_dominant,8,4,before_eigen_multiple_rhs_benchmark,2229056,2.12579
eigen_partial_piv_lu,multiple_rhs,diagonally_dominant,8,4,after_eigen_multiple_rhs_benchmark,2229056,2.12579
eigen_partial_piv_lu,multiple_rhs,diagonally_dominant,8,4,before_eigen_multiple_rhs_benchmark,2229056,2.12579
eigen_partial_piv_lu,multiple_rhs,diagonally_dominant,8,4,after_eigen_multiple_rhs_benchmark,2229056,2.12579
eigen_partial_piv_lu,multiple_rhs,diagonally_dominant,8,5,before_multiple_rhs_problem_setup,2229056,2.12579
eigen_partial_piv_lu,multiple_rhs,diagonally_dominant,8,5,after_multiple_rhs_problem_setup,2229056,2.12579
eigen_partial_piv_lu,multiple_rhs,diagonally_dominant,8,5,before_eigen_multiple_rhs_benchmark,2229056,2.12579
eigen_partial_piv_lu,multiple_rhs,diagonally_dominant,8,5,after_eigen_multiple_rhs_benchmark,2229056,2.12579
eigen_partial_piv_lu,multiple_rhs,diagonally_dominant,8,5,before_eigen_multiple_rhs_benchmark,2229056,2.12579
eigen_partial_piv_lu,multiple_rhs,diagonally_dominant,8,5,after_eigen_multiple_rhs_benchmark,2229056,2.12579
eigen_partial_piv_lu,multiple_rhs,diagonally_dominant,8,5,before_eigen_multiple_rhs_benchmark,2229056,2.12579
eigen_partial_piv_lu,multiple_rhs,diagonally_dominant,8,5,after_eigen_multiple_rhs_benchmark,2229056,2.12579
eigen_partial_piv_lu,multiple_rhs,diagonally_dominant,8,5,before_eigen_multiple_rhs_benchmark,2229056,2.12579
eigen_partial_piv_lu,multiple_rhs,diagonally_dominant,8,5,after_eigen_multiple_rhs_benchmark,2229056,2.12579
eigen_partial_piv_lu,multiple_rhs,diagonally_dominant,8,5,before_eigen_multiple_rhs_benchmark,2229056,2.12579
eigen_partial_piv_lu,multiple_rhs,diagonally_dominant,8,5,after_eigen_multiple_rhs_benchmark,2229056,2.12579
eigen_partial_piv_lu,multiple_rhs,diagonally_dominant,8,6,before_multiple_rhs_problem_setup,2229056,2.12579
eigen_partial_piv_lu,multiple_rhs,diagonally_dominant,8,6,after_multiple_rhs_problem_setup,2229056,2.12579
eigen_partial_piv_lu,multiple_rhs,diagonally_dominant,8,6,before_eigen_multiple_rhs_benchmark,2229056,2.12579
eigen_partial_piv_lu,multiple_rhs,diagonally_dominant,8,6,after_eigen_multiple_rhs_benchmark,2229056,2.12579
eigen_partial_piv_lu,multiple_rhs,diagonally_dominant,8,6,before_eigen_multiple_rhs_benchmark,2229056,2.12579
eigen_partial_piv_lu,multiple_rhs,diagonally_dominant,8,6,after_eigen_multiple_rhs_benchmark,2229056,2.12579
eigen_partial_piv_lu,multiple_rhs,diagonally_dominant,8,6,before_eigen_multiple_rhs_benchmark,2229056,2.12579
eigen_partial_piv_lu,multiple_rhs,diagonally_dominant,8,6,after_eigen_multiple_rhs_benchmark,2229056,2.12579
eigen_partial_piv_lu,multiple_rhs,diagonally_dominant,8,6,before_eigen_multiple_rhs_benchmark,2229056,2.12579
eigen_partial_piv_lu,multiple_rhs,diagonally_dominant,8,6,after_eigen_multiple_rhs_benchmark,2229056,2.12579
eigen_partial_piv_lu,multiple_rhs,diagonally_dominant,8,6,before_eigen_multiple_rhs_benchmark,2229056,2.12579
eigen_partial_piv_lu,multiple_rhs,diagonally_dominant,8,6,after_eigen_multiple_rhs_benchmark,2229056,2.12579
eigen_partial_piv_lu,multiple_rhs,diagonally_dominant,8,7,before_multiple_rhs_problem_setup,2229056,2.12579
eigen_partial_piv_lu,multiple_rhs,diagonally_dominant,8,7,after_multiple_rhs_problem_setup,2229056,2.12579
eigen_partial_piv_lu,multiple_rhs,diagonally_dominant,8,7,before_eigen_multiple_rhs_benchmark,2229056,2.12579
eigen_partial_piv_lu,multiple_rhs,diagonally_dominant,8,7,after_eigen_multiple_rhs_benchmark,2229056,2.12579
eigen_partial_piv_lu,multiple_rhs,diagonally_dominant,8,7,before_eigen_multiple_rhs_benchmark,2229056,2.12579
eigen_partial_piv_lu,multiple_rhs,diagonally_dominant,8,7,after_eigen_multiple_rhs_benchmark,2229056,2.12579
eigen_partial_piv_lu,multiple_rhs,diagonally_dominant,8,7,before_eigen_multiple_rhs_benchmark,2229056,2.12579
eigen_partial_piv_lu,multiple_rhs,diagonally_dominant,8,7,after_eigen_multiple_rhs_benchmark,2229056,2.12579
eigen_partial_piv_lu,multiple_rhs,diagonally_dominant,8,7,before_eigen_multiple_rhs_benchmark,2229056,2.12579
eigen_partial_piv_lu,multiple_rhs,diagonally_dominant,8,7,after_eigen_multiple_rhs_benchmark,2229056,2.12579
eigen_partial_piv_lu,multiple_rhs,diagonally_dominant,8,7,before_eigen_multiple_rhs_benchmark,2229056,2.12579
eigen_partial_piv_lu,multiple_rhs,diagonally_dominant,8,7,after_eigen_multiple_rhs_benchmark,2229056,2.12579
eigen_partial_piv_lu,multiple_rhs,diagonally_dominant,8,8,before_multiple_rhs_problem_setup,2229056,2.12579
eigen_partial_piv_lu,multiple_rhs,diagonally_dominant,8,8,after_multiple_rhs_problem_setup,2229056,2.12579
eigen_partial_piv_lu,multiple_rhs,diagonally_dominant,8,8,before_eigen_multiple_rhs_benchmark,2229056,2.12579
eigen_partial_piv_lu,multiple_rhs,diagonally_dominant,8,8,after_eigen_multiple_rhs_benchmark,2229056,2.12579
eigen_partial_piv_lu,multiple_rhs,diagonally_dominant,8,8,before_eigen_multiple_rhs_benchmark,2229056,2.12579
eigen_partial_piv_lu,multiple_rhs,diagonally_dominant,8,8,after_eigen_multiple_rhs_benchmark,2229056,2.12579
eigen_partial_piv_lu,multiple_rhs,diagonally_dominant,8,8,before_eigen_multiple_rhs_benchmark,2229056,2.12579
eigen_partial_piv_lu,multiple_rhs,diagonally_dominant,8,8,after_eigen_multiple_rhs_benchmark,2229056,2.12579
eigen_partial_piv_lu,multiple_rhs,diagonally_dominant,8,8,before_eigen_multiple_rhs_benchmark,2229056,2.12579
eigen_partial_piv_lu,multiple_rhs,diagonally_dominant,8,8,after_eigen_multiple_rhs_benchmark,2229056,2.12579
eigen_partial_piv_lu,multiple_rhs,diagonally_dominant,8,8,before_eigen_multiple_rhs_benchmark,2229056,2.12579
eigen_partial_piv_lu,multiple_rhs,diagonally_dominant,8,8,after_eigen_multiple_rhs_benchmark,2229056,2.12579
eigen_partial_piv_lu,multiple_rhs,diagonally_dominant,8,9,before_multiple_rhs_problem_setup,2229056,2.12579
eigen_partial_piv_lu,multiple_rhs,diagonally_dominant,8,9,after_multiple_rhs_problem_setup,2229056,2.12579
eigen_partial_piv_lu,multiple_rhs,diagonally_dominant,8,9,before_eigen_multiple_rhs_benchmark,2229056,2.12579
eigen_partial_piv_lu,multiple_rhs,diagonally_dominant,8,9,after_eigen_multiple_rhs_benchmark,2229056,2.12579
eigen_partial_piv_lu,multiple_rhs,diagonally_dominant,8,9,before_eigen_multiple_rhs_benchmark,2229056,2.12579
eigen_partial_piv_lu,multiple_rhs,diagonally_dominant,8,9,after_eigen_multiple_rhs_benchmark,2229056,2.12579
eigen_partial_piv_lu,multiple_rhs,diagonally_dominant,8,9,before_eigen_multiple_rhs_benchmark,2229056,2.12579
eigen_partial_piv_lu,multiple_rhs,diagonally_dominant,8,9,after_eigen_multiple_rhs_benchmark,2229056,2.12579
eigen_partial_piv_lu,multiple_rhs,diagonally_dominant,8,9,before_eigen_multiple_rhs_benchmark,2229056,2.12579
eigen_partial_piv_lu,multiple_rhs,diagonally_dominant,8,9,after_eigen_multiple_rhs_benchmark,2229056,2.12579
eigen_partial_piv_lu,multiple_rhs,diagonally_dominant,8,9,before_eigen_multiple_rhs_benchmark,2229056,2.12579
eigen_partial_piv_lu,multiple_rhs,diagonally_dominant,8,9,after_eigen_multiple_rhs_benchmark,2229056,2.12579
eigen_partial_piv_lu,multiple_rhs,diagonally_dominant,8,10,before_multiple_rhs_problem_setup,2229056,2.12579
eigen_partial_piv_lu,multiple_rhs,diagonally_dominant,8,10,after_multiple_rhs_problem_setup,2229056,2.12579
eigen_partial_piv_lu,multiple_rhs,diagonally_dominant,8,10,before_eigen_multiple_rhs_benchmark,2229056,2.12579
eigen_partial_piv_lu,multiple_rhs,diagonally_dominant,8,10,after_eigen_multiple_rhs_benchmark,2229056,2.12579
eigen_partial_piv_lu,multiple_rhs,diagonally_dominant,8,10,before_eigen_multiple_rhs_benchmark,2229056,2.12579
eigen_partial_piv_lu,multiple_rhs,diagonally_dominant,8,10,after_eigen_multiple_rhs_benchmark,2229056,2.12579
eigen_partial_piv_lu,multiple_rhs,diagonally_dominant,8,10,before_eigen_multiple_rhs_benchmark,2229056,2.12579
eigen_partial_piv_lu,multiple_rhs,diagonally_dominant,8,10,after_eigen_multiple_rhs_benchmark,2229056,2.12579
eigen_partial_piv_lu,multiple_rhs,diagonally_dominant,8,10,before_eigen_multiple_rhs_benchmark,2229056,2.12579
eigen_partial_piv_lu,multiple_rhs,diagonally_dominant,8,10,after_eigen_multiple_rhs_benchmark,2229056,2.12579
eigen_partial_piv_lu,multiple_rhs,diagonally_dominant,8,10,before_eigen_multiple_rhs_benchmark,2229056,2.12579
eigen_partial_piv_lu,multiple_rhs,diagonally_dominant,8,10,after_eigen_multiple_rhs_benchmark,2229056,2.12579
eigen_partial_piv_lu,multiple_rhs,diagonally_dominant,8,11,before_multiple_rhs_problem_setup,2229056,2.12579
eigen_partial_piv_lu,multiple_rhs,diagonally_dominant,8,11,after_multiple_rhs_problem_setup,2229056,2.12579
eigen_partial_piv_lu,multiple_rhs,diagonally_dominant,8,11,before_eigen_multiple_rhs_benchmark,2229056,2.12579
eigen_partial_piv_lu,multiple_rhs,diagonally_dominant,8,11,after_eigen_multiple_rhs_benchmark,2229056,2.12579
eigen_partial_piv_lu,multiple_rhs,diagonally_dominant,8,11,before_eigen_multiple_rhs_benchmark,2229056,2.12579
eigen_partial_piv_lu,multiple_rhs,diagonally_dominant,8,11,after_eigen_multiple_rhs_benchmark,2229056,2.12579
eigen_partial_piv_lu,multiple_rhs,diagonally_dominant,8,11,before_eigen_multiple_rhs_benchmark,2229056,2.12579
eigen_partial_piv_lu,multiple_rhs,diagonally_dominant,8,11,after_eigen_multiple_rhs_benchmark,2229056,2.12579
eigen_partial_piv_lu,multiple_rhs,diagonally_dominant,8,11,before_eigen_multiple_rhs_benchmark,2229056,2.12579
eigen_partial_piv_lu,multiple_rhs,diagonally_dominant,8,11,after_eigen_multiple_rhs_benchmark,2229056,2.12579
eigen_partial_piv_lu,multiple_rhs,diagonally_dominant,8,11,before_eigen_multiple_rhs_benchmark,2229056,2.12579
eigen_partial_piv_lu,multiple_rhs,diagonally_dominant,8,11,after_eigen_multiple_rhs_benchmark,2229056,2.12579
eigen_partial_piv_lu,multiple_rhs,diagonally_dominant,8,12,before_multiple_rhs_problem_setup,2229056,2.12579
eigen_partial_piv_lu,multiple_rhs,diagonally_dominant,8,12,after_multiple_rhs_problem_setup,2229056,2.12579
eigen_partial_piv_lu,multiple_rhs,diagonally_dominant,8,12,before_eigen_multiple_rhs_benchmark,2229056,2.12579
eigen_partial_piv_lu,multiple_rhs,diagonally_dominant,8,12,after_eigen_multiple_rhs_benchmark,2229056,2.12579
eigen_partial_piv_lu,multiple_rhs,diagonally_dominant,8,12,before_eigen_multiple_rhs_benchmark,2229056,2.12579
eigen_partial_piv_lu,multiple_rhs,diagonally_dominant,8,12,after_eigen_multiple_rhs_benchmark,2229056,2.12579
eigen_partial_piv_lu,multiple_rhs,diagonally_dominant,8,12,before_eigen_multiple_rhs_benchmark,2229056,2.12579
eigen_partial_piv_lu,multiple_rhs,diagonally_dominant,8,12,after_eigen_multiple_rhs_benchmark,2229056,2.12579
eigen_partial_piv_lu,multiple_rhs,diagonally_dominant,8,12,before_eigen_multiple_rhs_benchmark,2229056,2.12579
eigen_partial_piv_lu,multiple_rhs,diagonally_dominant,8,12,after_eigen_multiple_rhs_benchmark,2229056,2.12579
eigen_partial_piv_lu,multiple_rhs,diagonally_dominant,8,12,before_eigen_multiple_rhs_benchmark,2229056,2.12579
eigen_partial_piv_lu,multiple_rhs,diagonally_dominant,8,12,after_eigen_multiple_rhs_benchmark,2229056,2.12579
eigen_partial_piv_lu,multiple_rhs,diagonally_dominant,8,13,before_multiple_rhs_problem_setup,2229056,2.12579
eigen_partial_piv_lu,multiple_rhs,diagonally_dominant,8,13,after_multiple_rhs_problem_setup,2229056,2.12579
eigen_partial_piv_lu,multiple_rhs,diagonally_dominant,8,13,before_eigen_multiple_rhs_benchmark,2229056,2.12579
eigen_partial_piv_lu,multiple_rhs,diagonally_dominant,8,13,after_eigen_multiple_rhs_benchmark,2229056,2.12579
eigen_partial_piv_lu,multiple_rhs,diagonally_dominant,8,13,before_eigen_multiple_rhs_benchmark,2229056,2.12579
eigen_partial_piv_lu,multiple_rhs,diagonally_dominant,8,13,after_eigen_multiple_rhs_benchmark,2229056,2.12579
eigen_partial_piv_lu,multiple_rhs,diagonally_dominant,8,13,before_eigen_multiple_rhs_benchmark,2229056,2.12579
eigen_partial_piv_lu,multiple_rhs,diagonally_dominant,8,13,after_eigen_multiple_rhs_benchmark,2229056,2.12579
eigen_partial_piv_lu,multiple_rhs,diagonally_dominant,8,13,before_eigen_multiple_rhs_benchmark,2229056,2.12579
eigen_partial_piv_lu,multiple_rhs,diagonally_dominant,8,13,after_eigen_multiple_rhs_benchmark,2229056,2.12579
eigen_partial_piv_lu,multiple_rhs,diagonally_dominant,8,13,before_eigen_multiple_rhs_benchmark,2229056,2.12579
eigen_partial_piv_lu,multiple_rhs,diagonally_dominant,8,13,after_eigen_multiple_rhs_benchmark,2229056,2.12579
eigen_partial_piv_lu,multiple_rhs,diagonally_dominant,8,14,before_multiple_rhs_problem_setup,2229056,2.12579
eigen_partial_piv_lu,multiple_rhs,diagonally_dominant,8,14,after_multiple_rhs_problem_setup,2229056,2.12579
eigen_partial_piv_lu,multiple_rhs,diagonally_dominant,8,14,before_eigen_multiple_rhs_benchmark,2229056,2.12579
eigen_partial_piv_lu,multiple_rhs,diagonally_dominant,8,14,after_eigen_multiple_rhs_benchmark,2229056,2.12579
eigen_partial_piv_lu,multiple_rhs,diagonally_dominant,8,14,before_eigen_multiple_rhs_benchmark,2229056,2.12579
eigen_partial_piv_lu,multiple_rhs,diagonally_dominant,8,14,after_eigen_multiple_rhs_benchmark,2229056,2.12579
eigen_partial_piv_lu,multiple_rhs,diagonally_dominant,8,14,before_eigen_multiple_rhs_benchmark,2229056,2.12579
eigen_partial_piv_lu,multiple_rhs,diagonally_dominant,8,14,after_eigen_multiple_rhs_benchmark,2229056,2.12579
eigen_partial_piv_lu,multiple_rhs,diagonally_dominant,8,14,before_eigen_multiple_rhs_benchmark,2229056,2.12579
eigen_partial_piv_lu,multiple_rhs,diagonally_dominant,8,14,after_eigen_multiple_rhs_benchmark,2229056,2.12579
eigen_partial_piv_lu,multiple_rhs,diagonally_dominant,8,14,before_eigen_multiple_rhs_benchmark,2229056,2.12579
eigen_partial_piv_lu,multiple_rhs,diagonally_dominant,8,14,after_eigen_multiple_rhs_benchmark,2229056,2.12579
eigen_partial_piv_lu,multiple_rhs,random_dense,16,0,before_multiple_rhs_problem_setup,2229056,2.12579
eigen_partial_piv_lu,multiple_rhs,random_dense,16,0,after_multiple_rhs_problem_setup,2229056,2.12579
eigen_partial_piv_lu,multiple_rhs,random_dense,16,0,before_eigen_multiple_rhs_benchmark,2229056,2.12579
eigen_partial_piv_lu,multiple_rhs,random_dense,16,0,after_eigen_multiple_rhs_benchmark,2229056,2.12579
eigen_partial_piv_lu,multiple_rhs,random_dense,16,0,before_eigen_multiple_rhs_benchmark,2229056,2.12579
eigen_partial_piv_lu,multiple_rhs,random_dense,16,0,after_eigen_multiple_rhs_benchmark,2229056,2.12579
eigen_partial_piv_lu,multiple_rhs,random_dense,16,0,before_eigen_multiple_rhs_benchmark,2229056,2.12579
eigen_partial_piv_lu,multiple_rhs,random_dense,16,0,after_eigen_multiple_rhs_benchmark,2229056,2.12579
eigen_partial_piv_lu,multiple_rhs,random_dense,16,0,before_eigen_multiple_rhs_benchmark,2229056,2.12579
eigen_partial_piv_lu,multiple_rhs,random_dense,16,0,after_eigen_multiple_rhs_benchmark,2229056,2.12579
eigen_partial_piv_lu,multiple_rhs,random_dense,16,0,before_eigen_multiple_rhs_benchmark,2229056,2.12579
eigen_partial_piv_lu,multiple_rhs,random_dense,16,0,after_eigen_multiple_rhs_benchmark,2229056,2.12579
eigen_partial_piv_lu,multiple_rhs,random_dense,16,1,before_multiple_rhs_problem_setup,2229056,2.12579
eigen_partial_piv_lu,multiple_rhs,random_dense,16,1,after_multiple_rhs_problem_setup,2229056,2.12579
eigen_partial_piv_lu,multiple_rhs,random_dense,16,1,before_eigen_multiple_rhs_benchmark,2229056,2.12579
eigen_partial_piv_lu,multiple_rhs,random_dense,16,1,after_eigen_multiple_rhs_benchmark,2229056,2.12579
eigen_partial_piv_lu,multiple_rhs,random_dense,16,1,before_eigen_multiple_rhs_benchmark,2229056,2.12579
eigen_partial_piv_lu,multiple_rhs,random_dense,16,1,after_eigen_multiple_rhs_benchmark,2229056,2.12579
eigen_partial_piv_lu,multiple_rhs,random_dense,16,1,before_eigen_multiple_rhs_benchmark,2229056,2.12579
eigen_partial_piv_lu,multiple_rhs,random_dense,16,1,after_eigen_multiple_rhs_benchmark,2229056,2.12579
eigen_partial_piv_lu,multiple_rhs,random_dense,16,1,before_eigen_multiple_rhs_benchmark,2229056,2.12579
eigen_partial_piv_lu,multiple_rhs,random_dense,16,1,after_eigen_multiple_rhs_benchmark,2229056,2.12579
eigen_partial_piv_lu,multiple_rhs,random_dense,16,1,before_eigen_multiple_rhs_benchmark,2229056,2.12579
eigen_partial_piv_lu,multiple_rhs,random_dense,16,1,after_eigen_multiple_rhs_benchmark,2229056,2.12579
eigen_partial_piv_lu,multiple_rhs,random_dense,16,2,before_multiple_rhs_problem_setup,2229056,2.12579
eigen_partial_piv_lu,multiple_rhs,random_dense,16,2,after_multiple_rhs_problem_setup,2229056,2.12579
eigen_partial_piv_lu,multiple_rhs,random_dense,16,2,before_eigen_multiple_rhs_benchmark,2229056,2.12579
eigen_partial_piv_lu,multiple_rhs,random_dense,16,2,after_eigen_multiple_rhs_benchmark,2229056,2.12579
eigen_partial_piv_lu,multiple_rhs,random_dense,16,2,before_eigen_multiple_rhs_benchmark,2229056,2.12579
eigen_partial_piv_lu,multiple_rhs,random_dense,16,2,after_eigen_multiple_rhs_benchmark,2229056,2.12579
eigen_partial_piv_lu,multiple_rhs,random_dense,16,2,before_eigen_multiple_rhs_benchmark,2229056,2.12579
eigen_partial_piv_lu,multiple_rhs,random_dense,16,2,after_eigen_multiple_rhs_benchmark,2229056,2.12579
eigen_partial_piv_lu,multiple_rhs,random_dense,16,2,before_eigen_multiple_rhs_benchmark,2229056,2.12579
eigen_partial_piv_lu,multiple_rhs,random_dense,16,2,after_eigen_multiple_rhs_benchmark,2229056,2.12579
eigen_partial_piv_lu,multiple_rhs,random_dense,16,2,before_eigen_multiple_rhs_benchmark,2229056,2.12579
eigen_partial_piv_lu,multiple_rhs,random_dense,16,2,after_eigen_multiple_rhs_benchmark,2229056,2.12579
eigen_partial_piv_lu,multiple_rhs,random_dense,16,3,before_multiple_rhs_problem_setup,2229056,2.12579
eigen_partial_piv_lu,multiple_rhs,random_dense,16,3,after_multiple_rhs_problem_setup,2229056,2.12579
eigen_partial_piv_lu,multiple_rhs,random_dense,16,3,before_eigen_multiple_rhs_benchmark,2229056,2.12579
eigen_partial_piv_lu,multiple_rhs,random_dense,16,3,after_eigen_multiple_rhs_benchmark,2229056,2.12579
eigen_partial_piv_lu,multiple_rhs,random_dense,16,3,before_eigen_multiple_rhs_benchmark,2229056,2.12579
eigen_partial_piv_lu,multiple_rhs,random_dense,16,3,after_eigen_multiple_rhs_benchmark,2229056,2.12579
eigen_partial_piv_lu,multiple_rhs,random_dense,16,3,before_eigen_multiple_rhs_benchmark,2229056,2.12579
eigen_partial_piv_lu,multiple_rhs,random_dense,16,3,after_eigen_multiple_rhs_benchmark,2229056,2.12579
eigen_partial_piv_lu,multiple_rhs,random_dense,16,3,before_eigen_multiple_rhs_benchmark,2229056,2.12579
eigen_partial_piv_lu,multiple_rhs,random_dense,16,3,after_eigen_multiple_rhs_benchmark,2229056,2.12579
eigen_partial_piv_lu,multiple_rhs,random_dense,16,3,before_eigen_multiple_rhs_benchmark,2229056,2.12579
eigen_partial_piv_lu,multiple_rhs,random_dense,16,3,after_eigen_multiple_rhs_benchmark,2229056,2.12579
eigen_partial_piv_lu,multiple_rhs,random_dense,16,4,before_multiple_rhs_problem_setup,2229056,2.12579
eigen_partial_piv_lu,multiple_rhs,random_dense,16,4,after_multiple_rhs_problem_setup,2229056,2.12579
eigen_partial_piv_lu,multiple_rhs,random_dense,16,4,before_eigen_multiple_rhs_benchmark,2229056,2.12579
eigen_partial_piv_lu,multiple_rhs,random_dense,16,4,after_eigen_multiple_rhs_benchmark,2229056,2.12579
eigen_partial_piv_lu,multiple_rhs,random_dense,16,4,before_eigen_multiple_rhs_benchmark,2229056,2.12579
eigen_partial_piv_lu,multiple_rhs,random_dense,16,4,after_eigen_multiple_rhs_benchmark,2229056,2.12579
eigen_partial_piv_lu,multiple_rhs,random_dense,16,4,before_eigen_multiple_rhs_benchmark,2229056,2.12579
eigen_partial_piv_lu,multiple_rhs,random_dense,16,4,after_eigen_multiple_rhs_benchmark,2245440,2.14142
eigen_partial_piv_lu,multiple_rhs,random_dense,16,4,before_eigen_multiple_rhs_benchmark,2245440,2.14142
eigen_partial_piv_lu,multiple_rhs,random_dense,16,4,after_eigen_multiple_rhs_benchmark,2245440,2.14142
eigen_partial_piv_lu,multiple_rhs,random_dense,16,4,before_eigen_multiple_rhs_benchmark,2245440,2.14142
eigen_partial_piv_lu,multiple_rhs,random_dense,16,4,after_eigen_multiple_rhs_benchmark,2245440,2.14142
eigen_partial_piv_lu,multiple_rhs,random_dense,16,5,before_multiple_rhs_problem_setup,2245440,2.14142
eigen_partial_piv_lu,multiple_rhs,random_dense,16,5,after_multiple_rhs_problem_setup,2245440,2.14142
eigen_partial_piv_lu,multiple_rhs,random_dense,16,5,before_eigen_multiple_rhs_benchmark,2245440,2.14142
eigen_partial_piv_lu,multiple_rhs,random_dense,16,5,after_eigen_multiple_rhs_benchmark,2245440,2.14142
eigen_partial_piv_lu,multiple_rhs,random_dense,16,5,before_eigen_multiple_rhs_benchmark,2245440,2.14142
eigen_partial_piv_lu,multiple_rhs,random_dense,16,5,after_eigen_multiple_rhs_benchmark,2245440,2.14142
eigen_partial_piv_lu,multiple_rhs,random_dense,16,5,before_eigen_multiple_rhs_benchmark,2245440,2.14142
eigen_partial_piv_lu,multiple_rhs,random_dense,16,5,after_eigen_multiple_rhs_benchmark,2245440,2.14142
eigen_partial_piv_lu,multiple_rhs,random_dense,16,5,before_eigen_multiple_rhs_benchmark,2245440,2.14142
eigen_partial_piv_lu,multiple_rhs,random_dense,16,5,after_eigen_multiple_rhs_benchmark,2245440,2.14142
eigen_partial_piv_lu,multiple_rhs,random_dense,16,5,before_eigen_multiple_rhs_benchmark,2245440,2.14142
eigen_partial_piv_lu,multiple_rhs,random_dense,16,5,after_eigen_multiple_rhs_benchmark,2245440,2.14142
eigen_partial_piv_lu,multiple_rhs,random_dense,16,6,before_multiple_rhs_problem_setup,2245440,2.14142
eigen_partial_piv_lu,multiple_rhs,random_dense,16,6,after_multiple_rhs_problem_setup,2245440,2.14142
eigen_partial_piv_lu,multiple_rhs,random_dense,16,6,before_eigen_multiple_rhs_benchmark,2245440,2.14142
eigen_partial_piv_lu,multiple_rhs,random_dense,16,6,after_eigen_multiple_rhs_benchmark,2245440,2.14142
eigen_partial_piv_lu,multiple_rhs,random_dense,16,6,before_eigen_multiple_rhs_benchmark,2245440,2.14142
eigen_partial_piv_lu,multiple_rhs,random_dense,16,6,after_eigen_multiple_rhs_benchmark,2245440,2.14142
eigen_partial_piv_lu,multiple_rhs,random_dense,16,6,before_eigen_multiple_rhs_benchmark,2245440,2.14142
eigen_partial_piv_lu,multiple_rhs,random_dense,16,6,after_eigen_multiple_rhs_benchmark,2245440,2.14142
eigen_partial_piv_lu,multiple_rhs,random_dense,16,6,before_eigen_multiple_rhs_benchmark,2245440,2.14142
eigen_partial_piv_lu,multiple_rhs,random_dense,16,6,after_eigen_multiple_rhs_benchmark,2245440,2.14142
eigen_partial_piv_lu,multiple_rhs,random_dense,16,6,before_eigen_multiple_rhs_benchmark,2245440,2.14142
eigen_partial_piv_lu,multiple_rhs,random_dense,16,6,after_eigen_multiple_rhs_benchmark,2245440,2.14142
eigen_partial_piv_lu,multiple_rhs,random_dense,16,7,before_multiple_rhs_problem_setup,2245440,2.14142
eigen_partial_piv_lu,multiple_rhs,random_dense,16,7,after_multiple_rhs_problem_setup,2245440,2.14142
eigen_partial_piv_lu,multiple_rhs,random_dense,16,7,before_eigen_multiple_rhs_benchmark,2245440,2.14142
eigen_partial_piv_lu,multiple_rhs,random_dense,16,7,after_eigen_multiple_rhs_benchmark,2245440,2.14142
eigen_partial_piv_lu,multiple_rhs,random_dense,16,7,before_eigen_multiple_rhs_benchmark,2245440,2.14142
eigen_partial_piv_lu,multiple_rhs,random_dense,16,7,after_eigen_multiple_rhs_benchmark,2245440,2.14142
eigen_partial_piv_lu,multiple_rhs,random_dense,16,7,before_eigen_multiple_rhs_benchmark,2245440,2.14142
eigen_partial_piv_lu,multiple_rhs,random_dense,16,7,after_eigen_multiple_rhs_benchmark,2245440,2.14142
eigen_partial_piv_lu,multiple_rhs,random_dense,16,7,before_eigen_multiple_rhs_benchmark,2245440,2.14142
eigen_partial_piv_lu,multiple_rhs,random_dense,16,7,after_eigen_multiple_rhs_benchmark,2245440,2.14142
eigen_partial_piv_lu,multiple_rhs,random_dense,16,7,before_eigen_multiple_rhs_benchmark,2245440,2.14142
eigen_partial_piv_lu,multiple_rhs,random_dense,16,7,after_eigen_multiple_rhs_benchmark,2245440,2.14142
eigen_partial_piv_lu,multiple_rhs,random_dense,16,8,before_multiple_rhs_problem_setup,2245440,2.14142
eigen_partial_piv_lu,multiple_rhs,random_dense,16,8,after_multiple_rhs_problem_setup,2245440,2.14142
eigen_partial_piv_lu,multiple_rhs,random_dense,16,8,before_eigen_multiple_rhs_benchmark,2245440,2.14142
eigen_partial_piv_lu,multiple_rhs,random_dense,16,8,after_eigen_multiple_rhs_benchmark,2245440,2.14142
eigen_partial_piv_lu,multiple_rhs,random_dense,16,8,before_eigen_multiple_rhs_benchmark,2245440,2.14142
eigen_partial_piv_lu,multiple_rhs,random_dense,16,8,after_eigen_multiple_rhs_benchmark,2245440,2.14142
eigen_partial_piv_lu,multiple_rhs,random_dense,16,8,before_eigen_multiple_rhs_benchmark,2245440,2.14142
eigen_partial_piv_lu,multiple_rhs,random_dense,16,8,after_eigen_multiple_rhs_benchmark,2245440,2.14142
eigen_partial_piv_lu,multiple_rhs,random_dense,16,8,before_eigen_multiple_rhs_benchmark,2245440,2.14142
eigen_partial_piv_lu,multiple_rhs,random_dense,16,8,after_eigen_multiple_rhs_benchmark,2245440,2.14142
eigen_partial_piv_lu,multiple_rhs,random_dense,16,8,before_eigen_multiple_rhs_benchmark,2245440,2.14142
eigen_partial_piv_lu,multiple_rhs,random_dense,16,8,after_eigen_multiple_rhs_benchmark,2245440,2.14142
eigen_partial_piv_lu,multiple_rhs,random_dense,16,9,before_multiple_rhs_problem_setup,2245440,2.14142
eigen_partial_piv_lu,multiple_rhs,random_dense,16,9,after_multiple_rhs_problem_setup,2245440,2.14142
eigen_partial_piv_lu,multiple_rhs,random_dense,16,9,before_eigen_multiple_rhs_benchmark,2245440,2.14142
eigen_partial_piv_lu,multiple_rhs,random_dense,16,9,after_eigen_multiple_rhs_benchmark,2245440,2.14142
eigen_partial_piv_lu,multiple_rhs,random_dense,16,9,before_eigen_multiple_rhs_benchmark,2245440,2.14142
eigen_partial_piv_lu,multiple_rhs,random_dense,16,9,after_eigen_multiple_rhs_benchmark,2245440,2.14142
eigen_partial_piv_lu,multiple_rhs,random_dense,16,9,before_eigen_multiple_rhs_benchmark,2245440,2.14142
eigen_partial_piv_lu,multiple_rhs,random_dense,16,9,after_eigen_multiple_rhs_benchmark,2245440,2.14142
eigen_partial_piv_lu,multiple_rhs,random_dense,16,9,before_eigen_multiple_rhs_benchmark,2245440,2.14142
eigen_partial_piv_lu,multiple_rhs,random_dense,16,9,after_eigen_multiple_rhs_benchmark,2245440,2.14142
eigen_partial_piv_lu,multiple_rhs,random_dense,16,9,before_eigen_multiple_rhs_benchmark,2245440,2.14142
eigen_partial_piv_lu,multiple_rhs,random_dense,16,9,after_eigen_multiple_rhs_benchmark,2245440,2.14142
eigen_partial_piv_lu,multiple_rhs,random_dense,16,10,before_multiple_rhs_problem_setup,2245440,2.14142
eigen_partial_piv_lu,multiple_rhs,random_dense,16,10,after_multiple_rhs_problem_setup,2245440,2.14142
eigen_partial_piv_lu,multiple_rhs,random_dense,16,10,before_eigen_multiple_rhs_benchmark,2245440,2.14142
eigen_partial_piv_lu,multiple_rhs,random_dense,16,10,after_eigen_multiple_rhs_benchmark,2245440,2.14142
eigen_partial_piv_lu,multiple_rhs,random_dense,16,10,before_eigen_multiple_rhs_benchmark,2245440,2.14142
eigen_partial_piv_lu,multiple_rhs,random_dense,16,10,after_eigen_multiple_rhs_benchmark,2245440,2.14142
eigen_partial_piv_lu,multiple_rhs,random_dense,16,10,before_eigen_multiple_rhs_benchmark,2245440,2.14142
eigen_partial_piv_lu,multiple_rhs,random_dense,16,10,after_eigen_multiple_rhs_benchmark,2245440,2.14142
eigen_partial_piv_lu,multiple_rhs,random_dense,16,10,before_eigen_multiple_rhs_benchmark,2245440,2.14142
eigen_partial_piv_lu,multiple_rhs,random_dense,16,10,after_eigen_multiple_rhs_benchmark,2245440,2.14142
eigen_partial_piv_lu,multiple_rhs,random_dense,16,10,before_eigen_multiple_rhs_benchmark,2245440,2.14142
eigen_partial_piv_lu,multiple_rhs,random_dense,16,10,after_eigen_multiple_rhs_benchmark,2245440,2.14142
eigen_partial_piv_lu,multiple_rhs,random_dense,16,11,before_multiple_rhs_problem_setup,2245440,2.14142
eigen_partial_piv_lu,multiple_rhs,random_dense,16,11,after_multiple_rhs_problem_setup,2245440,2.14142
eigen_partial_piv_lu,multiple_rhs,random_dense,16,11,before_eigen_multiple_rhs_benchmark,2245440,2.14142
eigen_partial_piv_lu,multiple_rhs,random_dense,16,11,after_eigen_multiple_rhs_benchmark,2245440,2.14142
eigen_partial_piv_lu,multiple_rhs,random_dense,16,11,before_eigen_multiple_rhs_benchmark,2245440,2.14142
eigen_partial_piv_lu,multiple_rhs,random_dense,16,11,after_eigen_multiple_rhs_benchmark,2245440,2.14142
eigen_partial_piv_lu,multiple_rhs,random_dense,16,11,before_eigen_multiple_rhs_benchmark,2245440,2.14142
eigen_partial_piv_lu,multiple_rhs,random_dense,16,11,after_eigen_multiple_rhs_benchmark,2245440,2.14142
eigen_partial_piv_lu,multiple_rhs,random_dense,16,11,before_eigen_multiple_rhs_benchmark,2245440,2.14142
eigen_partial_piv_lu,multiple_rhs,random_dense,16,11,after_eigen_multiple_rhs_benchmark,2245440,2.14142
eigen_partial_piv_lu,multiple_rhs,random_dense,16,11,before_eigen_multiple_rhs_benchmark,2245440,2.14142
eigen_partial_piv_lu,multiple_rhs,random_dense,16,11,after_eigen_multiple_rhs_benchmark,2245440,2.14142
eigen_partial_piv_lu,multiple_rhs,random_dense,16,12,before_multiple_rhs_problem_setup,2245440,2.14142
eigen_partial_piv_lu,multiple_rhs,random_dense,16,12,after_multiple_rhs_problem_setup,2245440,2.14142
eigen_partial_piv_lu,multiple_rhs,random_dense,16,12,before_eigen_multiple_rhs_benchmark,2245440,2.14142
eigen_partial_piv_lu,multiple_rhs,random_dense,16,12,after_eigen_multiple_rhs_benchmark,2245440,2.14142
eigen_partial_piv_lu,multiple_rhs,random_dense,16,12,before_eigen_multiple_rhs_benchmark,2245440,2.14142
eigen_partial_piv_lu,multiple_rhs,random_dense,16,12,after_eigen_multiple_rhs_benchmark,2245440,2.14142
eigen_partial_piv_lu,multiple_rhs,random_dense,16,12,before_eigen_multiple_rhs_benchmark,2245440,2.14142
eigen_partial_piv_lu,multiple_rhs,random_dense,16,12,after_eigen_multiple_rhs_benchmark,2245440,2.14142
eigen_partial_piv_lu,multiple_rhs,random_dense,16,12,before_eigen_multiple_rhs_benchmark,2245440,2.14142
eigen_partial_piv_lu,multiple_rhs,random_dense,16,12,after_eigen_multiple_rhs_benchmark,2245440,2.14142
eigen_partial_piv_lu,multiple_rhs,random_dense,16,12,before_eigen_multiple_rhs_benchmark,2245440,2.14142
eigen_partial_piv_lu,multiple_rhs,random_dense,16,12,after_eigen_multiple_rhs_benchmark,2245440,2.14142
eigen_partial_piv_lu,multiple_rhs,random_dense,16,13,before_multiple_rhs_problem_setup,2245440,2.14142
eigen_partial_piv_lu,multiple_rhs,random_dense,16,13,after_multiple_rhs_problem_setup,2245440,2.14142
eigen_partial_piv_lu,multiple_rhs,random_dense,16,13,before_eigen_multiple_rhs_benchmark,2245440,2.14142
eigen_partial_piv_lu,multiple_rhs,random_dense,16,13,after_eigen_multiple_rhs_benchmark,2245440,2.14142
eigen_partial_piv_lu,multiple_rhs,random_dense,16,13,before_eigen_multiple_rhs_benchmark,2245440,2.14142
eigen_partial_piv_lu,multiple_rhs,random_dense,16,13,after_eigen_multiple_rhs_benchmark,2245440,2.14142
eigen_partial_piv_lu,multiple_rhs,random_dense,16,13,before_eigen_multiple_rhs_benchmark,2245440,2.14142
eigen_partial_piv_lu,multiple_rhs,random_dense,16,13,after_eigen_multiple_rhs_benchmark,2245440,2.14142
eigen_partial_piv_lu,multiple_rhs,random_dense,16,13,before_eigen_multiple_rhs_benchmark,2245440,2.14142
eigen_partial_piv_lu,multiple_rhs,random_dense,16,13,after_eigen_multiple_rhs_benchmark,2245440,2.14142
eigen_partial_piv_lu,multiple_rhs,random_dense,16,13,before_eigen_multiple_rhs_benchmark,2245440,2.14142
eigen_partial_piv_lu,multiple_rhs,random_dense,16,13,after_eigen_multiple_rhs_benchmark,2245440,2.14142
eigen_partial_piv_lu,multiple_rhs,random_dense,16,14,before_multiple_rhs_problem_setup,2245440,2.14142
eigen_partial_piv_lu,multiple_rhs,random_dense,16,14,after_multiple_rhs_problem_setup,2245440,2.14142
eigen_partial_piv_lu,multiple_rhs,random_dense,16,14,before_eigen_multiple_rhs_benchmark,2245440,2.14142
eigen_partial_piv_lu,multiple_rhs,random_dense,16,14,after_eigen_multiple_rhs_benchmark,2245440,2.14142
eigen_partial_piv_lu,multiple_rhs,random_dense,16,14,before_eigen_multiple_rhs_benchmark,2245440,2.14142
eigen_partial_piv_lu,multiple_rhs,random_dense,16,14,after_eigen_multiple_rhs_benchmark,2245440,2.14142
eigen_partial_piv_lu,multiple_rhs,random_dense,16,14,before_eigen_multiple_rhs_benchmark,2245440,2.14142
eigen_partial_piv_lu,multiple_rhs,random_dense,16,14,after_eigen_multiple_rhs_benchmark,2245440,2.14142
eigen_partial_piv_lu,multiple_rhs,random_dense,16,14,before_eigen_multiple_rhs_benchmark,2245440,2.14142
eigen_partial_piv_lu,multiple_rhs,random_dense,16,14,after_eigen_multiple_rhs_benchmark,2245440,2.14142
eigen_partial_piv_lu,multiple_rhs,random_dense,16,14,before_eigen_multiple_rhs_benchmark,2245440,2.14142
eigen_partial_piv_lu,multiple_rhs,random_dense,16,14,after_eigen_multiple_rhs_benchmark,2245440,2.14142
eigen_partial_piv_lu,multiple_rhs,diagonally_dominant,16,0,before_multiple_rhs_problem_setup,2245440,2.14142
eigen_partial_piv_lu,multiple_rhs,diagonally_dominant,16,0,after_multiple_rhs_problem_setup,2245440,2.14142
eigen_partial_piv_lu,multiple_rhs,diagonally_dominant,16,0,before_eigen_multiple_rhs_benchmark,2245440,2.14142
eigen_partial_piv_lu,multiple_rhs,diagonally_dominant,16,0,after_eigen_multiple_rhs_benchmark,2245440,2.14142
eigen_partial_piv_lu,multiple_rhs,diagonally_dominant,16,0,before_eigen_multiple_rhs_benchmark,2245440,2.14142
eigen_partial_piv_lu,multiple_rhs,diagonally_dominant,16,0,after_eigen_multiple_rhs_benchmark,2245440,2.14142
eigen_partial_piv_lu,multiple_rhs,diagonally_dominant,16,0,before_eigen_multiple_rhs_benchmark,2245440,2.14142
eigen_partial_piv_lu,multiple_rhs,diagonally_dominant,16,0,after_eigen_multiple_rhs_benchmark,2245440,2.14142
eigen_partial_piv_lu,multiple_rhs,diagonally_dominant,16,0,before_eigen_multiple_rhs_benchmark,2245440,2.14142
eigen_partial_piv_lu,multiple_rhs,diagonally_dominant,16,0,after_eigen_multiple_rhs_benchmark,2245440,2.14142
eigen_partial_piv_lu,multiple_rhs,diagonally_dominant,16,0,before_eigen_multiple_rhs_benchmark,2245440,2.14142
eigen_partial_piv_lu,multiple_rhs,diagonally_dominant,16,0,after_eigen_multiple_rhs_benchmark,2245440,2.14142
eigen_partial_piv_lu,multiple_rhs,diagonally_dominant,16,1,before_multiple_rhs_problem_setup,2245440,2.14142
eigen_partial_piv_lu,multiple_rhs,diagonally_dominant,16,1,after_multiple_rhs_problem_setup,2245440,2.14142
eigen_partial_piv_lu,multiple_rhs,diagonally_dominant,16,1,before_eigen_multiple_rhs_benchmark,2245440,2.14142
eigen_partial_piv_lu,multiple_rhs,diagonally_dominant,16,1,after_eigen_multiple_rhs_benchmark,2245440,2.14142
eigen_partial_piv_lu,multiple_rhs,diagonally_dominant,16,1,before_eigen_multiple_rhs_benchmark,2245440,2.14142
eigen_partial_piv_lu,multiple_rhs,diagonally_dominant,16,1,after_eigen_multiple_rhs_benchmark,2245440,2.14142
eigen_partial_piv_lu,multiple_rhs,diagonally_dominant,16,1,before_eigen_multiple_rhs_benchmark,2245440,2.14142
eigen_partial_piv_lu,multiple_rhs,diagonally_dominant,16,1,after_eigen_multiple_rhs_benchmark,2245440,2.14142
eigen_partial_piv_lu,multiple_rhs,diagonally_dominant,16,1,before_eigen_multiple_rhs_benchmark,2245440,2.14142
eigen_partial_piv_lu,multiple_rhs,diagonally_dominant,16,1,after_eigen_multiple_rhs_benchmark,2245440,2.14142
eigen_partial_piv_lu,multiple_rhs,diagonally_dominant,16,1,before_eigen_multiple_rhs_benchmark,2245440,2.14142
eigen_partial_piv_lu,multiple_rhs,diagonally_dominant,16,1,after_eigen_multiple_rhs_benchmark,2245440,2.14142
eigen_partial_piv_lu,multiple_rhs,diagonally_dominant,16,2,before_multiple_rhs_problem_setup,2245440,2.14142
eigen_partial_piv_lu,multiple_rhs,diagonally_dominant,16,2,after_multiple_rhs_problem_setup,2245440,2.14142
eigen_partial_piv_lu,multiple_rhs,diagonally_dominant,16,2,before_eigen_multiple_rhs_benchmark,2245440,2.14142
eigen_partial_piv_lu,multiple_rhs,diagonally_dominant,16,2,after_eigen_multiple_rhs_benchmark,2245440,2.14142
eigen_partial_piv_lu,multiple_rhs,diagonally_dominant,16,2,before_eigen_multiple_rhs_benchmark,2245440,2.14142
eigen_partial_piv_lu,multiple_rhs,diagonally_dominant,16,2,after_eigen_multiple_rhs_benchmark,2245440,2.14142
eigen_partial_piv_lu,multiple_rhs,diagonally_dominant,16,2,before_eigen_multiple_rhs_benchmark,2245440,2.14142
eigen_partial_piv_lu,multiple_rhs,diagonally_dominant,16,2,after_eigen_multiple_rhs_benchmark,2245440,2.14142
eigen_partial_piv_lu,multiple_rhs,diagonally_dominant,16,2,before_eigen_multiple_rhs_benchmark,2245440,2.14142
eigen_partial_piv_lu,multiple_rhs,diagonally_dominant,16,2,after_eigen_multiple_rhs_benchmark,2245440,2.14142
eigen_partial_piv_lu,multiple_rhs,diagonally_dominant,16,2,before_eigen_multiple_rhs_benchmark,2245440,2.14142
eigen_partial_piv_lu,multiple_rhs,diagonally_dominant,16,2,after_eigen_multiple_rhs_benchmark,2245440,2.14142
eigen_partial_piv_lu,multiple_rhs,diagonally_dominant,16,3,before_multiple_rhs_problem_setup,2245440,2.14142
eigen_partial_piv_lu,multiple_rhs,diagonally_dominant,16,3,after_multiple_rhs_problem_setup,2245440,2.14142
eigen_partial_piv_lu,multiple_rhs,diagonally_dominant,16,3,before_eigen_multiple_rhs_benchmark,2245440,2.14142
eigen_partial_piv_lu,multiple_rhs,diagonally_dominant,16,3,after_eigen_multiple_rhs_benchmark,2245440,2.14142
eigen_partial_piv_lu,multiple_rhs,diagonally_dominant,16,3,before_eigen_multiple_rhs_benchmark,2245440,2.14142
eigen_partial_piv_lu,multiple_rhs,diagonally_dominant,16,3,after_eigen_multiple_rhs_benchmark,2245440,2.14142
eigen_partial_piv_lu,multiple_rhs,diagonally_dominant,16,3,before_eigen_multiple_rhs_benchmark,2245440,2.14142
eigen_partial_piv_lu,multiple_rhs,diagonally_dominant,16,3,after_eigen_multiple_rhs_benchmark,2245440,2.14142
eigen_partial_piv_lu,multiple_rhs,diagonally_dominant,16,3,before_eigen_multiple_rhs_benchmark,2245440,2.14142
eigen_partial_piv_lu,multiple_rhs,diagonally_dominant,16,3,after_eigen_multiple_rhs_benchmark,2245440,2.14142
eigen_partial_piv_lu,multiple_rhs,diagonally_dominant,16,3,before_eigen_multiple_rhs_benchmark,2245440,2.14142
eigen_partial_piv_lu,multiple_rhs,diagonally_dominant,16,3,after_eigen_multiple_rhs_benchmark,2245440,2.14142
eigen_partial_piv_lu,multiple_rhs,diagonally_dominant,16,4,before_multiple_rhs_problem_setup,2245440,2.14142
eigen_partial_piv_lu,multiple_rhs,diagonally_dominant,16,4,after_multiple_rhs_problem_setup,2245440,2.14142
eigen_partial_piv_lu,multiple_rhs,diagonally_dominant,16,4,before_eigen_multiple_rhs_benchmark,2245440,2.14142
eigen_partial_piv_lu,multiple_rhs,diagonally_dominant,16,4,after_eigen_multiple_rhs_benchmark,2245440,2.14142
eigen_partial_piv_lu,multiple_rhs,diagonally_dominant,16,4,before_eigen_multiple_rhs_benchmark,2245440,2.14142
eigen_partial_piv_lu,multiple_rhs,diagonally_dominant,16,4,after_eigen_multiple_rhs_benchmark,2245440,2.14142
eigen_partial_piv_lu,multiple_rhs,diagonally_dominant,16,4,before_eigen_multiple_rhs_benchmark,2245440,2.14142
eigen_partial_piv_lu,multiple_rhs,diagonally_dominant,16,4,after_eigen_multiple_rhs_benchmark,2245440,2.14142
eigen_partial_piv_lu,multiple_rhs,diagonally_dominant,16,4,before_eigen_multiple_rhs_benchmark,2245440,2.14142
eigen_partial_piv_lu,multiple_rhs,diagonally_dominant,16,4,after_eigen_multiple_rhs_benchmark,2245440,2.14142
eigen_partial_piv_lu,multiple_rhs,diagonally_dominant,16,4,before_eigen_multiple_rhs_benchmark,2245440,2.14142
eigen_partial_piv_lu,multiple_rhs,diagonally_dominant,16,4,after_eigen_multiple_rhs_benchmark,2245440,2.14142
eigen_partial_piv_lu,multiple_rhs,diagonally_dominant,16,5,before_multiple_rhs_problem_setup,2245440,2.14142
eigen_partial_piv_lu,multiple_rhs,diagonally_dominant,16,5,after_multiple_rhs_problem_setup,2245440,2.14142
eigen_partial_piv_lu,multiple_rhs,diagonally_dominant,16,5,before_eigen_multiple_rhs_benchmark,2245440,2.14142
eigen_partial_piv_lu,multiple_rhs,diagonally_dominant,16,5,after_eigen_multiple_rhs_benchmark,2245440,2.14142
eigen_partial_piv_lu,multiple_rhs,diagonally_dominant,16,5,before_eigen_multiple_rhs_benchmark,2245440,2.14142
eigen_partial_piv_lu,multiple_rhs,diagonally_dominant,16,5,after_eigen_multiple_rhs_benchmark,2245440,2.14142
eigen_partial_piv_lu,multiple_rhs,diagonally_dominant,16,5,before_eigen_multiple_rhs_benchmark,2245440,2.14142
eigen_partial_piv_lu,multiple_rhs,diagonally_dominant,16,5,after_eigen_multiple_rhs_benchmark,2245440,2.14142
eigen_partial_piv_lu,multiple_rhs,diagonally_dominant,16,5,before_eigen_multiple_rhs_benchmark,2245440,2.14142
eigen_partial_piv_lu,multiple_rhs,diagonally_dominant,16,5,after_eigen_multiple_rhs_benchmark,2245440,2.14142
eigen_partial_piv_lu,multiple_rhs,diagonally_dominant,16,5,before_eigen_multiple_rhs_benchmark,2245440,2.14142
eigen_partial_piv_lu,multiple_rhs,diagonally_dominant,16,5,after_eigen_multiple_rhs_benchmark,2245440,2.14142
eigen_partial_piv_lu,multiple_rhs,diagonally_dominant,16,6,before_multiple_rhs_problem_setup,2245440,2.14142
eigen_partial_piv_lu,multiple_rhs,diagonally_dominant,16,6,after_multiple_rhs_problem_setup,2245440,2.14142
eigen_partial_piv_lu,multiple_rhs,diagonally_dominant,16,6,before_eigen_multiple_rhs_benchmark,2245440,2.14142
eigen_partial_piv_lu,multiple_rhs,diagonally_dominant,16,6,after_eigen_multiple_rhs_benchmark,2245440,2.14142
eigen_partial_piv_lu,multiple_rhs,diagonally_dominant,16,6,before_eigen_multiple_rhs_benchmark,2245440,2.14142
eigen_partial_piv_lu,multiple_rhs,diagonally_dominant,16,6,after_eigen_multiple_rhs_benchmark,2245440,2.14142
eigen_partial_piv_lu,multiple_rhs,diagonally_dominant,16,6,before_eigen_multiple_rhs_benchmark,2245440,2.14142
eigen_partial_piv_lu,multiple_rhs,diagonally_dominant,16,6,after_eigen_multiple_rhs_benchmark,2245440,2.14142
eigen_partial_piv_lu,multiple_rhs,diagonally_dominant,16,6,before_eigen_multiple_rhs_benchmark,2245440,2.14142
eigen_partial_piv_lu,multiple_rhs,diagonally_dominant,16,6,after_eigen_multiple_rhs_benchmark,2245440,2.14142
eigen_partial_piv_lu,multiple_rhs,diagonally_dominant,16,6,before_eigen_multiple_rhs_benchmark,2245440,2.14142
eigen_partial_piv_lu,multiple_rhs,diagonally_dominant,16,6,after_eigen_multiple_rhs_benchmark,2245440,2.14142
eigen_partial_piv_lu,multiple_rhs,diagonally_dominant,16,7,before_multiple_rhs_problem_setup,2245440,2.14142
eigen_partial_piv_lu,multiple_rhs,diagonally_dominant,16,7,after_multiple_rhs_problem_setup,2245440,2.14142
eigen_partial_piv_lu,multiple_rhs,diagonally_dominant,16,7,before_eigen_multiple_rhs_benchmark,2245440,2.14142
eigen_partial_piv_lu,multiple_rhs,diagonally_dominant,16,7,after_eigen_multiple_rhs_benchmark,2245440,2.14142
eigen_partial_piv_lu,multiple_rhs,diagonally_dominant,16,7,before_eigen_multiple_rhs_benchmark,2245440,2.14142
eigen_partial_piv_lu,multiple_rhs,diagonally_dominant,16,7,after_eigen_multiple_rhs_benchmark,2245440,2.14142
eigen_partial_piv_lu,multiple_rhs,diagonally_dominant,16,7,before_eigen_multiple_rhs_benchmark,2245440,2.14142
eigen_partial_piv_lu,multiple_rhs,diagonally_dominant,16,7,after_eigen_multiple_rhs_benchmark,2245440,2.14142
eigen_partial_piv_lu,multiple_rhs,diagonally_dominant,16,7,before_eigen_multiple_rhs_benchmark,2245440,2.14142
eigen_partial_piv_lu,multiple_rhs,diagonally_dominant,16,7,after_eigen_multiple_rhs_benchmark,2245440,2.14142
eigen_partial_piv_lu,multiple_rhs,diagonally_dominant,16,7,before_eigen_multiple_rhs_benchmark,2245440,2.14142
eigen_partial_piv_lu,multiple_rhs,diagonally_dominant,16,7,after_eigen_multiple_rhs_benchmark,2245440,2.14142
eigen_partial_piv_lu,multiple_rhs,diagonally_dominant,16,8,before_multiple_rhs_problem_setup,2245440,2.14142
eigen_partial_piv_lu,multiple_rhs,diagonally_dominant,16,8,after_multiple_rhs_problem_setup,2245440,2.14142
eigen_partial_piv_lu,multiple_rhs,diagonally_dominant,16,8,before_eigen_multiple_rhs_benchmark,2245440,2.14142
eigen_partial_piv_lu,multiple_rhs,diagonally_dominant,16,8,after_eigen_multiple_rhs_benchmark,2245440,2.14142
eigen_partial_piv_lu,multiple_rhs,diagonally_dominant,16,8,before_eigen_multiple_rhs_benchmark,2245440,2.14142
eigen_partial_piv_lu,multiple_rhs,diagonally_dominant,16,8,after_eigen_multiple_rhs_benchmark,2245440,2.14142
eigen_partial_piv_lu,multiple_rhs,diagonally_dominant,16,8,before_eigen_multiple_rhs_benchmark,2245440,2.14142
eigen_partial_piv_lu,multiple_rhs,diagonally_dominant,16,8,after_eigen_multiple_rhs_benchmark,2245440,2.14142
eigen_partial_piv_lu,multiple_rhs,diagonally_dominant,16,8,before_eigen_multiple_rhs_benchmark,2245440,2.14142
eigen_partial_piv_lu,multiple_rhs,diagonally_dominant,16,8,after_eigen_multiple_rhs_benchmark,2245440,2.14142
eigen_partial_piv_lu,multiple_rhs,diagonally_dominant,16,8,before_eigen_multiple_rhs_benchmark,2245440,2.14142
eigen_partial_piv_lu,multiple_rhs,diagonally_dominant,16,8,after_eigen_multiple_rhs_benchmark,2245440,2.14142
eigen_partial_piv_lu,multiple_rhs,diagonally_dominant,16,9,before_multiple_rhs_problem_setup,2245440,2.14142
eigen_partial_piv_lu,multiple_rhs,diagonally_dominant,16,9,after_multiple_rhs_problem_setup,2245440,2.14142
eigen_partial_piv_lu,multiple_rhs,diagonally_dominant,16,9,before_eigen_multiple_rhs_benchmark,2245440,2.14142
eigen_partial_piv_lu,multiple_rhs,diagonally_dominant,16,9,after_eigen_multiple_rhs_benchmark,2245440,2.14142
eigen_partial_piv_lu,multiple_rhs,diagonally_dominant,16,9,before_eigen_multiple_rhs_benchmark,2245440,2.14142
eigen_partial_piv_lu,multiple_rhs,diagonally_dominant,16,9,after_eigen_multiple_rhs_benchmark,2245440,2.14142
eigen_partial_piv_lu,multiple_rhs,diagonally_dominant,16,9,before_eigen_multiple_rhs_benchmark,2245440,2.14142
eigen_partial_piv_lu,multiple_rhs,diagonally_dominant,16,9,after_eigen_multiple_rhs_benchmark,2245440,2.14142
eigen_partial_piv_lu,multiple_rhs,diagonally_dominant,16,9,before_eigen_multiple_rhs_benchmark,2245440,2.14142
eigen_partial_piv_lu,multiple_rhs,diagonally_dominant,16,9,after_eigen_multiple_rhs_benchmark,2245440,2.14142
eigen_partial_piv_lu,multiple_rhs,diagonally_dominant,16,9,before_eigen_multiple_rhs_benchmark,2245440,2.14142
eigen_partial_piv_lu,multiple_rhs,diagonally_dominant,16,9,after_eigen_multiple_rhs_benchmark,2245440,2.14142
eigen_partial_piv_lu,multiple_rhs,diagonally_dominant,16,10,before_multiple_rhs_problem_setup,2245440,2.14142
eigen_partial_piv_lu,multiple_rhs,diagonally_dominant,16,10,after_multiple_rhs_problem_setup,2245440,2.14142
eigen_partial_piv_lu,multiple_rhs,diagonally_dominant,16,10,before_eigen_multiple_rhs_benchmark,2245440,2.14142
eigen_partial_piv_lu,multiple_rhs,diagonally_dominant,16,10,after_eigen_multiple_rhs_benchmark,2245440,2.14142
eigen_partial_piv_lu,multiple_rhs,diagonally_dominant,16,10,before_eigen_multiple_rhs_benchmark,2245440,2.14142
eigen_partial_piv_lu,multiple_rhs,diagonally_dominant,16,10,after_eigen_multiple_rhs_benchmark,2245440,2.14142
eigen_partial_piv_lu,multiple_rhs,diagonally_dominant,16,10,before_eigen_multiple_rhs_benchmark,2245440,2.14142
eigen_partial_piv_lu,multiple_rhs,diagonally_dominant,16,10,after_eigen_multiple_rhs_benchmark,2245440,2.14142
eigen_partial_piv_lu,multiple_rhs,diagonally_dominant,16,10,before_eigen_multiple_rhs_benchmark,2245440,2.14142
eigen_partial_piv_lu,multiple_rhs,diagonally_dominant,16,10,after_eigen_multiple_rhs_benchmark,2245440,2.14142
eigen_partial_piv_lu,multiple_rhs,diagonally_dominant,16,10,before_eigen_multiple_rhs_benchmark,2245440,2.14142
eigen_partial_piv_lu,multiple_rhs,diagonally_dominant,16,10,after_eigen_multiple_rhs_benchmark,2245440,2.14142
eigen_partial_piv_lu,multiple_rhs,diagonally_dominant,16,11,before_multiple_rhs_problem_setup,2245440,2.14142
eigen_partial_piv_lu,multiple_rhs,diagonally_dominant,16,11,after_multiple_rhs_problem_setup,2245440,2.14142
eigen_partial_piv_lu,multiple_rhs,diagonally_dominant,16,11,before_eigen_multiple_rhs_benchmark,2245440,2.14142
eigen_partial_piv_lu,multiple_rhs,diagonally_dominant,16,11,after_eigen_multiple_rhs_benchmark,2245440,2.14142
eigen_partial_piv_lu,multiple_rhs,diagonally_dominant,16,11,before_eigen_multiple_rhs_benchmark,2245440,2.14142
eigen_partial_piv_lu,multiple_rhs,diagonally_dominant,16,11,after_eigen_multiple_rhs_benchmark,2245440,2.14142
eigen_partial_piv_lu,multiple_rhs,diagonally_dominant,16,11,before_eigen_multiple_rhs_benchmark,2245440,2.14142
eigen_partial_piv_lu,multiple_rhs,diagonally_dominant,16,11,after_eigen_multiple_rhs_benchmark,2245440,2.14142
eigen_partial_piv_lu,multiple_rhs,diagonally_dominant,16,11,before_eigen_multiple_rhs_benchmark,2245440,2.14142
eigen_partial_piv_lu,multiple_rhs,diagonally_dominant,16,11,after_eigen_multiple_rhs_benchmark,2245440,2.14142
eigen_partial_piv_lu,multiple_rhs,diagonally_dominant,16,11,before_eigen_multiple_rhs_benchmark,2245440,2.14142
eigen_partial_piv_lu,multiple_rhs,diagonally_dominant,16,11,after_eigen_multiple_rhs_benchmark,2245440,2.14142
eigen_partial_piv_lu,multiple_rhs,diagonally_dominant,16,12,before_multiple_rhs_problem_setup,2245440,2.14142
eigen_partial_piv_lu,multiple_rhs,diagonally_dominant,16,12,after_multiple_rhs_problem_setup,2245440,2.14142
eigen_partial_piv_lu,multiple_rhs,diagonally_dominant,16,12,before_eigen_multiple_rhs_benchmark,2245440,2.14142
eigen_partial_piv_lu,multiple_rhs,diagonally_dominant,16,12,after_eigen_multiple_rhs_benchmark,2245440,2.14142
eigen_partial_piv_lu,multiple_rhs,diagonally_dominant,16,12,before_eigen_multiple_rhs_benchmark,2245440,2.14142
eigen_partial_piv_lu,multiple_rhs,diagonally_dominant,16,12,after_eigen_multiple_rhs_benchmark,2245440,2.14142
eigen_partial_piv_lu,multiple_rhs,diagonally_dominant,16,12,before_eigen_multiple_rhs_benchmark,2245440,2.14142
eigen_partial_piv_lu,multiple_rhs,diagonally_dominant,16,12,after_eigen_multiple_rhs_benchmark,2245440,2.14142
eigen_partial_piv_lu,multiple_rhs,diagonally_dominant,16,12,before_eigen_multiple_rhs_benchmark,2245440,2.14142
eigen_partial_piv_lu,multiple_rhs,diagonally_dominant,16,12,after_eigen_multiple_rhs_benchmark,2245440,2.14142
eigen_partial_piv_lu,multiple_rhs,diagonally_dominant,16,12,before_eigen_multiple_rhs_benchmark,2245440,2.14142
eigen_partial_piv_lu,multiple_rhs,diagonally_dominant,16,12,after_eigen_multiple_rhs_benchmark,2245440,2.14142
eigen_partial_piv_lu,multiple_rhs,diagonally_dominant,16,13,before_multiple_rhs_problem_setup,2245440,2.14142
eigen_partial_piv_lu,multiple_rhs,diagonally_dominant,16,13,after_multiple_rhs_problem_setup,2245440,2.14142
eigen_partial_piv_lu,multiple_rhs,diagonally_dominant,16,13,before_eigen_multiple_rhs_benchmark,2245440,2.14142
eigen_partial_piv_lu,multiple_rhs,diagonally_dominant,16,13,after_eigen_multiple_rhs_benchmark,2245440,2.14142
eigen_partial_piv_lu,multiple_rhs,diagonally_dominant,16,13,before_eigen_multiple_rhs_benchmark,2245440,2.14142
eigen_partial_piv_lu,multiple_rhs,diagonally_dominant,16,13,after_eigen_multiple_rhs_benchmark,2245440,2.14142
eigen_partial_piv_lu,multiple_rhs,diagonally_dominant,16,13,before_eigen_multiple_rhs_benchmark,2245440,2.14142
eigen_partial_piv_lu,multiple_rhs,diagonally_dominant,16,13,after_eigen_multiple_rhs_benchmark,2245440,2.14142
eigen_partial_piv_lu,multiple_rhs,diagonally_dominant,16,13,before_eigen_multiple_rhs_benchmark,2245440,2.14142
eigen_partial_piv_lu,multiple_rhs,diagonally_dominant,16,13,after_eigen_multiple_rhs_benchmark,2245440,2.14142
eigen_partial_piv_lu,multiple_rhs,diagonally_dominant,16,13,before_eigen_multiple_rhs_benchmark,2245440,2.14142
eigen_partial_piv_lu,multiple_rhs,diagonally_dominant,16,13,after_eigen_multiple_rhs_benchmark,2245440,2.14142
eigen_partial_piv_lu,multiple_rhs,diagonally_dominant,16,14,before_multiple_rhs_problem_setup,2245440,2.14142
eigen_partial_piv_lu,multiple_rhs,diagonally_dominant,16,14,after_multiple_rhs_problem_setup,2245440,2.14142
eigen_partial_piv_lu,multiple_rhs,diagonally_dominant,16,14,before_eigen_multiple_rhs_benchmark,2245440,2.14142
eigen_partial_piv_lu,multiple_rhs,diagonally_dominant,16,14,after_eigen_multiple_rhs_benchmark,2245440,2.14142
eigen_partial_piv_lu,multiple_rhs,diagonally_dominant,16,14,before_eigen_multiple_rhs_benchmark,2245440,2.14142
eigen_partial_piv_lu,multiple_rhs,diagonally_dominant,16,14,after_eigen_multiple_rhs_benchmark,2245440,2.14142
eigen_partial_piv_lu,multiple_rhs,diagonally_dominant,16,14,before_eigen_multiple_rhs_benchmark,2245440,2.14142
eigen_partial_piv_lu,multiple_rhs,diagonally_dominant,16,14,after_eigen_multiple_rhs_benchmark,2245440,2.14142
eigen_partial_piv_lu,multiple_rhs,diagonally_dominant,16,14,before_eigen_multiple_rhs_benchmark,2245440,2.14142
eigen_partial_piv_lu,multiple_rhs,diagonally_dominant,16,14,after_eigen_multiple_rhs_benchmark,2245440,2.14142
eigen_partial_piv_lu,multiple_rhs,diagonally_dominant,16,14,before_eigen_multiple_rhs_benchmark,2245440,2.14142
eigen_partial_piv_lu,multiple_rhs,diagonally_dominant,16,14,after_eigen_multiple_rhs_benchmark,2245440,2.14142
eigen_partial_piv_lu,multiple_rhs,random_dense,32,0,before_multiple_rhs_problem_setup,2245440,2.14142
eigen_partial_piv_lu,multiple_rhs,random_dense,32,0,after_multiple_rhs_problem_setup,2245440,2.14142
eigen_partial_piv_lu,multiple_rhs,random_dense,32,0,before_eigen_multiple_rhs_benchmark,2245440,2.14142
eigen_partial_piv_lu,multiple_rhs,random_dense,32,0,after_eigen_multiple_rhs_benchmark,2245440,2.14142
eigen_partial_piv_lu,multiple_rhs,random_dense,32,0,before_eigen_multiple_rhs_benchmark,2245440,2.14142
eigen_partial_piv_lu,multiple_rhs,random_dense,32,0,after_eigen_multiple_rhs_benchmark,2261824,2.15704
eigen_partial_piv_lu,multiple_rhs,random_dense,32,0,before_eigen_multiple_rhs_benchmark,2261824,2.15704
eigen_partial_piv_lu,multiple_rhs,random_dense,32,0,after_eigen_multiple_rhs_benchmark,2261824,2.15704
eigen_partial_piv_lu,multiple_rhs,random_dense,32,0,before_eigen_multiple_rhs_benchmark,2261824,2.15704
eigen_partial_piv_lu,multiple_rhs,random_dense,32,0,after_eigen_multiple_rhs_benchmark,2261824,2.15704
eigen_partial_piv_lu,multiple_rhs,random_dense,32,0,before_eigen_multiple_rhs_benchmark,2261824,2.15704
eigen_partial_piv_lu,multiple_rhs,random_dense,32,0,after_eigen_multiple_rhs_benchmark,2261824,2.15704
eigen_partial_piv_lu,multiple_rhs,random_dense,32,1,before_multiple_rhs_problem_setup,2261824,2.15704
eigen_partial_piv_lu,multiple_rhs,random_dense,32,1,after_multiple_rhs_problem_setup,2261824,2.15704
eigen_partial_piv_lu,multiple_rhs,random_dense,32,1,before_eigen_multiple_rhs_benchmark,2261824,2.15704
eigen_partial_piv_lu,multiple_rhs,random_dense,32,1,after_eigen_multiple_rhs_benchmark,2261824,2.15704
eigen_partial_piv_lu,multiple_rhs,random_dense,32,1,before_eigen_multiple_rhs_benchmark,2261824,2.15704
eigen_partial_piv_lu,multiple_rhs,random_dense,32,1,after_eigen_multiple_rhs_benchmark,2261824,2.15704
eigen_partial_piv_lu,multiple_rhs,random_dense,32,1,before_eigen_multiple_rhs_benchmark,2261824,2.15704
eigen_partial_piv_lu,multiple_rhs,random_dense,32,1,after_eigen_multiple_rhs_benchmark,2261824,2.15704
eigen_partial_piv_lu,multiple_rhs,random_dense,32,1,before_eigen_multiple_rhs_benchmark,2261824,2.15704
eigen_partial_piv_lu,multiple_rhs,random_dense,32,1,after_eigen_multiple_rhs_benchmark,2261824,2.15704
eigen_partial_piv_lu,multiple_rhs,random_dense,32,1,before_eigen_multiple_rhs_benchmark,2261824,2.15704
eigen_partial_piv_lu,multiple_rhs,random_dense,32,1,after_eigen_multiple_rhs_benchmark,2261824,2.15704
eigen_partial_piv_lu,multiple_rhs,random_dense,32,2,before_multiple_rhs_problem_setup,2261824,2.15704
eigen_partial_piv_lu,multiple_rhs,random_dense,32,2,after_multiple_rhs_problem_setup,2261824,2.15704
eigen_partial_piv_lu,multiple_rhs,random_dense,32,2,before_eigen_multiple_rhs_benchmark,2261824,2.15704
eigen_partial_piv_lu,multiple_rhs,random_dense,32,2,after_eigen_multiple_rhs_benchmark,2261824,2.15704
eigen_partial_piv_lu,multiple_rhs,random_dense,32,2,before_eigen_multiple_rhs_benchmark,2261824,2.15704
eigen_partial_piv_lu,multiple_rhs,random_dense,32,2,after_eigen_multiple_rhs_benchmark,2261824,2.15704
eigen_partial_piv_lu,multiple_rhs,random_dense,32,2,before_eigen_multiple_rhs_benchmark,2261824,2.15704
eigen_partial_piv_lu,multiple_rhs,random_dense,32,2,after_eigen_multiple_rhs_benchmark,2261824,2.15704
eigen_partial_piv_lu,multiple_rhs,random_dense,32,2,before_eigen_multiple_rhs_benchmark,2261824,2.15704
eigen_partial_piv_lu,multiple_rhs,random_dense,32,2,after_eigen_multiple_rhs_benchmark,2261824,2.15704
eigen_partial_piv_lu,multiple_rhs,random_dense,32,2,before_eigen_multiple_rhs_benchmark,2261824,2.15704
eigen_partial_piv_lu,multiple_rhs,random_dense,32,2,after_eigen_multiple_rhs_benchmark,2261824,2.15704
eigen_partial_piv_lu,multiple_rhs,random_dense,32,3,before_multiple_rhs_problem_setup,2261824,2.15704
eigen_partial_piv_lu,multiple_rhs,random_dense,32,3,after_multiple_rhs_problem_setup,2261824,2.15704
eigen_partial_piv_lu,multiple_rhs,random_dense,32,3,before_eigen_multiple_rhs_benchmark,2261824,2.15704
eigen_partial_piv_lu,multiple_rhs,random_dense,32,3,after_eigen_multiple_rhs_benchmark,2261824,2.15704
eigen_partial_piv_lu,multiple_rhs,random_dense,32,3,before_eigen_multiple_rhs_benchmark,2261824,2.15704
eigen_partial_piv_lu,multiple_rhs,random_dense,32,3,after_eigen_multiple_rhs_benchmark,2261824,2.15704
eigen_partial_piv_lu,multiple_rhs,random_dense,32,3,before_eigen_multiple_rhs_benchmark,2261824,2.15704
eigen_partial_piv_lu,multiple_rhs,random_dense,32,3,after_eigen_multiple_rhs_benchmark,2261824,2.15704
eigen_partial_piv_lu,multiple_rhs,random_dense,32,3,before_eigen_multiple_rhs_benchmark,2261824,2.15704
eigen_partial_piv_lu,multiple_rhs,random_dense,32,3,after_eigen_multiple_rhs_benchmark,2261824,2.15704
eigen_partial_piv_lu,multiple_rhs,random_dense,32,3,before_eigen_multiple_rhs_benchmark,2261824,2.15704
eigen_partial_piv_lu,multiple_rhs,random_dense,32,3,after_eigen_multiple_rhs_benchmark,2261824,2.15704
eigen_partial_piv_lu,multiple_rhs,random_dense,32,4,before_multiple_rhs_problem_setup,2261824,2.15704
eigen_partial_piv_lu,multiple_rhs,random_dense,32,4,after_multiple_rhs_problem_setup,2261824,2.15704
eigen_partial_piv_lu,multiple_rhs,random_dense,32,4,before_eigen_multiple_rhs_benchmark,2261824,2.15704
eigen_partial_piv_lu,multiple_rhs,random_dense,32,4,after_eigen_multiple_rhs_benchmark,2261824,2.15704
eigen_partial_piv_lu,multiple_rhs,random_dense,32,4,before_eigen_multiple_rhs_benchmark,2261824,2.15704
eigen_partial_piv_lu,multiple_rhs,random_dense,32,4,after_eigen_multiple_rhs_benchmark,2261824,2.15704
eigen_partial_piv_lu,multiple_rhs,random_dense,32,4,before_eigen_multiple_rhs_benchmark,2261824,2.15704
eigen_partial_piv_lu,multiple_rhs,random_dense,32,4,after_eigen_multiple_rhs_benchmark,2261824,2.15704
eigen_partial_piv_lu,multiple_rhs,random_dense,32,4,before_eigen_multiple_rhs_benchmark,2261824,2.15704
eigen_partial_piv_lu,multiple_rhs,random_dense,32,4,after_eigen_multiple_rhs_benchmark,2261824,2.15704
eigen_partial_piv_lu,multiple_rhs,random_dense,32,4,before_eigen_multiple_rhs_benchmark,2261824,2.15704
eigen_partial_piv_lu,multiple_rhs,random_dense,32,4,after_eigen_multiple_rhs_benchmark,2261824,2.15704
eigen_partial_piv_lu,multiple_rhs,random_dense,32,5,before_multiple_rhs_problem_setup,2261824,2.15704
eigen_partial_piv_lu,multiple_rhs,random_dense,32,5,after_multiple_rhs_problem_setup,2261824,2.15704
eigen_partial_piv_lu,multiple_rhs,random_dense,32,5,before_eigen_multiple_rhs_benchmark,2261824,2.15704
eigen_partial_piv_lu,multiple_rhs,random_dense,32,5,after_eigen_multiple_rhs_benchmark,2261824,2.15704
eigen_partial_piv_lu,multiple_rhs,random_dense,32,5,before_eigen_multiple_rhs_benchmark,2261824,2.15704
eigen_partial_piv_lu,multiple_rhs,random_dense,32,5,after_eigen_multiple_rhs_benchmark,2261824,2.15704
eigen_partial_piv_lu,multiple_rhs,random_dense,32,5,before_eigen_multiple_rhs_benchmark,2261824,2.15704
eigen_partial_piv_lu,multiple_rhs,random_dense,32,5,after_eigen_multiple_rhs_benchmark,2261824,2.15704
eigen_partial_piv_lu,multiple_rhs,random_dense,32,5,before_eigen_multiple_rhs_benchmark,2261824,2.15704
eigen_partial_piv_lu,multiple_rhs,random_dense,32,5,after_eigen_multiple_rhs_benchmark,2261824,2.15704
eigen_partial_piv_lu,multiple_rhs,random_dense,32,5,before_eigen_multiple_rhs_benchmark,2261824,2.15704
eigen_partial_piv_lu,multiple_rhs,random_dense,32,5,after_eigen_multiple_rhs_benchmark,2261824,2.15704
eigen_partial_piv_lu,multiple_rhs,random_dense,32,6,before_multiple_rhs_problem_setup,2261824,2.15704
eigen_partial_piv_lu,multiple_rhs,random_dense,32,6,after_multiple_rhs_problem_setup,2261824,2.15704
eigen_partial_piv_lu,multiple_rhs,random_dense,32,6,before_eigen_multiple_rhs_benchmark,2261824,2.15704
eigen_partial_piv_lu,multiple_rhs,random_dense,32,6,after_eigen_multiple_rhs_benchmark,2261824,2.15704
eigen_partial_piv_lu,multiple_rhs,random_dense,32,6,before_eigen_multiple_rhs_benchmark,2261824,2.15704
eigen_partial_piv_lu,multiple_rhs,random_dense,32,6,after_eigen_multiple_rhs_benchmark,2261824,2.15704
eigen_partial_piv_lu,multiple_rhs,random_dense,32,6,before_eigen_multiple_rhs_benchmark,2261824,2.15704
eigen_partial_piv_lu,multiple_rhs,random_dense,32,6,after_eigen_multiple_rhs_benchmark,2261824,2.15704
eigen_partial_piv_lu,multiple_rhs,random_dense,32,6,before_eigen_multiple_rhs_benchmark,2261824,2.15704
eigen_partial_piv_lu,multiple_rhs,random_dense,32,6,after_eigen_multiple_rhs_benchmark,2261824,2.15704
eigen_partial_piv_lu,multiple_rhs,random_dense,32,6,before_eigen_multiple_rhs_benchmark,2261824,2.15704
eigen_partial_piv_lu,multiple_rhs,random_dense,32,6,after_eigen_multiple_rhs_benchmark,2261824,2.15704
eigen_partial_piv_lu,multiple_rhs,random_dense,32,7,before_multiple_rhs_problem_setup,2261824,2.15704
eigen_partial_piv_lu,multiple_rhs,random_dense,32,7,after_multiple_rhs_problem_setup,2261824,2.15704
eigen_partial_piv_lu,multiple_rhs,random_dense,32,7,before_eigen_multiple_rhs_benchmark,2261824,2.15704
eigen_partial_piv_lu,multiple_rhs,random_dense,32,7,after_eigen_multiple_rhs_benchmark,2261824,2.15704
eigen_partial_piv_lu,multiple_rhs,random_dense,32,7,before_eigen_multiple_rhs_benchmark,2261824,2.15704
eigen_partial_piv_lu,multiple_rhs,random_dense,32,7,after_eigen_multiple_rhs_benchmark,2261824,2.15704
eigen_partial_piv_lu,multiple_rhs,random_dense,32,7,before_eigen_multiple_rhs_benchmark,2261824,2.15704
eigen_partial_piv_lu,multiple_rhs,random_dense,32,7,after_eigen_multiple_rhs_benchmark,2261824,2.15704
eigen_partial_piv_lu,multiple_rhs,random_dense,32,7,before_eigen_multiple_rhs_benchmark,2261824,2.15704
eigen_partial_piv_lu,multiple_rhs,random_dense,32,7,after_eigen_multiple_rhs_benchmark,2261824,2.15704
eigen_partial_piv_lu,multiple_rhs,random_dense,32,7,before_eigen_multiple_rhs_benchmark,2261824,2.15704
eigen_partial_piv_lu,multiple_rhs,random_dense,32,7,after_eigen_multiple_rhs_benchmark,2261824,2.15704
eigen_partial_piv_lu,multiple_rhs,random_dense,32,8,before_multiple_rhs_problem_setup,2261824,2.15704
eigen_partial_piv_lu,multiple_rhs,random_dense,32,8,after_multiple_rhs_problem_setup,2261824,2.15704
eigen_partial_piv_lu,multiple_rhs,random_dense,32,8,before_eigen_multiple_rhs_benchmark,2261824,2.15704
eigen_partial_piv_lu,multiple_rhs,random_dense,32,8,after_eigen_multiple_rhs_benchmark,2261824,2.15704
eigen_partial_piv_lu,multiple_rhs,random_dense,32,8,before_eigen_multiple_rhs_benchmark,2261824,2.15704
eigen_partial_piv_lu,multiple_rhs,random_dense,32,8,after_eigen_multiple_rhs_benchmark,2261824,2.15704
eigen_partial_piv_lu,multiple_rhs,random_dense,32,8,before_eigen_multiple_rhs_benchmark,2261824,2.15704
eigen_partial_piv_lu,multiple_rhs,random_dense,32,8,after_eigen_multiple_rhs_benchmark,2261824,2.15704
eigen_partial_piv_lu,multiple_rhs,random_dense,32,8,before_eigen_multiple_rhs_benchmark,2261824,2.15704
eigen_partial_piv_lu,multiple_rhs,random_dense,32,8,after_eigen_multiple_rhs_benchmark,2261824,2.15704
eigen_partial_piv_lu,multiple_rhs,random_dense,32,8,before_eigen_multiple_rhs_benchmark,2261824,2.15704
eigen_partial_piv_lu,multiple_rhs,random_dense,32,8,after_eigen_multiple_rhs_benchmark,2261824,2.15704
eigen_partial_piv_lu,multiple_rhs,random_dense,32,9,before_multiple_rhs_problem_setup,2261824,2.15704
eigen_partial_piv_lu,multiple_rhs,random_dense,32,9,after_multiple_rhs_problem_setup,2261824,2.15704
eigen_partial_piv_lu,multiple_rhs,random_dense,32,9,before_eigen_multiple_rhs_benchmark,2261824,2.15704
eigen_partial_piv_lu,multiple_rhs,random_dense,32,9,after_eigen_multiple_rhs_benchmark,2261824,2.15704
eigen_partial_piv_lu,multiple_rhs,random_dense,32,9,before_eigen_multiple_rhs_benchmark,2261824,2.15704
eigen_partial_piv_lu,multiple_rhs,random_dense,32,9,after_eigen_multiple_rhs_benchmark,2261824,2.15704
eigen_partial_piv_lu,multiple_rhs,random_dense,32,9,before_eigen_multiple_rhs_benchmark,2261824,2.15704
eigen_partial_piv_lu,multiple_rhs,random_dense,32,9,after_eigen_multiple_rhs_benchmark,2261824,2.15704
eigen_partial_piv_lu,multiple_rhs,random_dense,32,9,before_eigen_multiple_rhs_benchmark,2261824,2.15704
eigen_partial_piv_lu,multiple_rhs,random_dense,32,9,after_eigen_multiple_rhs_benchmark,2261824,2.15704
eigen_partial_piv_lu,multiple_rhs,random_dense,32,9,before_eigen_multiple_rhs_benchmark,2261824,2.15704
eigen_partial_piv_lu,multiple_rhs,random_dense,32,9,after_eigen_multiple_rhs_benchmark,2261824,2.15704
eigen_partial_piv_lu,multiple_rhs,random_dense,32,10,before_multiple_rhs_problem_setup,2261824,2.15704
eigen_partial_piv_lu,multiple_rhs,random_dense,32,10,after_multiple_rhs_problem_setup,2261824,2.15704
eigen_partial_piv_lu,multiple_rhs,random_dense,32,10,before_eigen_multiple_rhs_benchmark,2261824,2.15704
eigen_partial_piv_lu,multiple_rhs,random_dense,32,10,after_eigen_multiple_rhs_benchmark,2261824,2.15704
eigen_partial_piv_lu,multiple_rhs,random_dense,32,10,before_eigen_multiple_rhs_benchmark,2261824,2.15704
eigen_partial_piv_lu,multiple_rhs,random_dense,32,10,after_eigen_multiple_rhs_benchmark,2261824,2.15704
eigen_partial_piv_lu,multiple_rhs,random_dense,32,10,before_eigen_multiple_rhs_benchmark,2261824,2.15704
eigen_partial_piv_lu,multiple_rhs,random_dense,32,10,after_eigen_multiple_rhs_benchmark,2261824,2.15704
eigen_partial_piv_lu,multiple_rhs,random_dense,32,10,before_eigen_multiple_rhs_benchmark,2261824,2.15704
eigen_partial_piv_lu,multiple_rhs,random_dense,32,10,after_eigen_multiple_rhs_benchmark,2261824,2.15704
eigen_partial_piv_lu,multiple_rhs,random_dense,32,10,before_eigen_multiple_rhs_benchmark,2261824,2.15704
eigen_partial_piv_lu,multiple_rhs,random_dense,32,10,after_eigen_multiple_rhs_benchmark,2261824,2.15704
eigen_partial_piv_lu,multiple_rhs,random_dense,32,11,before_multiple_rhs_problem_setup,2261824,2.15704
eigen_partial_piv_lu,multiple_rhs,random_dense,32,11,after_multiple_rhs_problem_setup,2261824,2.15704
eigen_partial_piv_lu,multiple_rhs,random_dense,32,11,before_eigen_multiple_rhs_benchmark,2261824,2.15704
eigen_partial_piv_lu,multiple_rhs,random_dense,32,11,after_eigen_multiple_rhs_benchmark,2261824,2.15704
eigen_partial_piv_lu,multiple_rhs,random_dense,32,11,before_eigen_multiple_rhs_benchmark,2261824,2.15704
eigen_partial_piv_lu,multiple_rhs,random_dense,32,11,after_eigen_multiple_rhs_benchmark,2261824,2.15704
eigen_partial_piv_lu,multiple_rhs,random_dense,32,11,before_eigen_multiple_rhs_benchmark,2261824,2.15704
eigen_partial_piv_lu,multiple_rhs,random_dense,32,11,after_eigen_multiple_rhs_benchmark,2261824,2.15704
eigen_partial_piv_lu,multiple_rhs,random_dense,32,11,before_eigen_multiple_rhs_benchmark,2261824,2.15704
eigen_partial_piv_lu,multiple_rhs,random_dense,32,11,after_eigen_multiple_rhs_benchmark,2261824,2.15704
eigen_partial_piv_lu,multiple_rhs,random_dense,32,11,before_eigen_multiple_rhs_benchmark,2261824,2.15704
eigen_partial_piv_lu,multiple_rhs,random_dense,32,11,after_eigen_multiple_rhs_benchmark,2261824,2.15704
eigen_partial_piv_lu,multiple_rhs,random_dense,32,12,before_multiple_rhs_problem_setup,2261824,2.15704
eigen_partial_piv_lu,multiple_rhs,random_dense,32,12,after_multiple_rhs_problem_setup,2261824,2.15704
eigen_partial_piv_lu,multiple_rhs,random_dense,32,12,before_eigen_multiple_rhs_benchmark,2261824,2.15704
eigen_partial_piv_lu,multiple_rhs,random_dense,32,12,after_eigen_multiple_rhs_benchmark,2261824,2.15704
eigen_partial_piv_lu,multiple_rhs,random_dense,32,12,before_eigen_multiple_rhs_benchmark,2261824,2.15704
eigen_partial_piv_lu,multiple_rhs,random_dense,32,12,after_eigen_multiple_rhs_benchmark,2261824,2.15704
eigen_partial_piv_lu,multiple_rhs,random_dense,32,12,before_eigen_multiple_rhs_benchmark,2261824,2.15704
eigen_partial_piv_lu,multiple_rhs,random_dense,32,12,after_eigen_multiple_rhs_benchmark,2261824,2.15704
eigen_partial_piv_lu,multiple_rhs,random_dense,32,12,before_eigen_multiple_rhs_benchmark,2261824,2.15704
eigen_partial_piv_lu,multiple_rhs,random_dense,32,12,after_eigen_multiple_rhs_benchmark,2261824,2.15704
eigen_partial_piv_lu,multiple_rhs,random_dense,32,12,before_eigen_multiple_rhs_benchmark,2261824,2.15704
eigen_partial_piv_lu,multiple_rhs,random_dense,32,12,after_eigen_multiple_rhs_benchmark,2261824,2.15704
eigen_partial_piv_lu,multiple_rhs,random_dense,32,13,before_multiple_rhs_problem_setup,2261824,2.15704
eigen_partial_piv_lu,multiple_rhs,random_dense,32,13,after_multiple_rhs_problem_setup,2261824,2.15704
eigen_partial_piv_lu,multiple_rhs,random_dense,32,13,before_eigen_multiple_rhs_benchmark,2261824,2.15704
eigen_partial_piv_lu,multiple_rhs,random_dense,32,13,after_eigen_multiple_rhs_benchmark,2261824,2.15704
eigen_partial_piv_lu,multiple_rhs,random_dense,32,13,before_eigen_multiple_rhs_benchmark,2261824,2.15704
eigen_partial_piv_lu,multiple_rhs,random_dense,32,13,after_eigen_multiple_rhs_benchmark,2261824,2.15704
eigen_partial_piv_lu,multiple_rhs,random_dense,32,13,before_eigen_multiple_rhs_benchmark,2261824,2.15704
eigen_partial_piv_lu,multiple_rhs,random_dense,32,13,after_eigen_multiple_rhs_benchmark,2261824,2.15704
eigen_partial_piv_lu,multiple_rhs,random_dense,32,13,before_eigen_multiple_rhs_benchmark,2261824,2.15704
eigen_partial_piv_lu,multiple_rhs,random_dense,32,13,after_eigen_multiple_rhs_benchmark,2261824,2.15704
eigen_partial_piv_lu,multiple_rhs,random_dense,32,13,before_eigen_multiple_rhs_benchmark,2261824,2.15704
eigen_partial_piv_lu,multiple_rhs,random_dense,32,13,after_eigen_multiple_rhs_benchmark,2261824,2.15704
eigen_partial_piv_lu,multiple_rhs,random_dense,32,14,before_multiple_rhs_problem_setup,2261824,2.15704
eigen_partial_piv_lu,multiple_rhs,random_dense,32,14,after_multiple_rhs_problem_setup,2261824,2.15704
eigen_partial_piv_lu,multiple_rhs,random_dense,32,14,before_eigen_multiple_rhs_benchmark,2261824,2.15704
eigen_partial_piv_lu,multiple_rhs,random_dense,32,14,after_eigen_multiple_rhs_benchmark,2261824,2.15704
eigen_partial_piv_lu,multiple_rhs,random_dense,32,14,before_eigen_multiple_rhs_benchmark,2261824,2.15704
eigen_partial_piv_lu,multiple_rhs,random_dense,32,14,after_eigen_multiple_rhs_benchmark,2261824,2.15704
eigen_partial_piv_lu,multiple_rhs,random_dense,32,14,before_eigen_multiple_rhs_benchmark,2261824,2.15704
eigen_partial_piv_lu,multiple_rhs,random_dense,32,14,after_eigen_multiple_rhs_benchmark,2261824,2.15704
eigen_partial_piv_lu,multiple_rhs,random_dense,32,14,before_eigen_multiple_rhs_benchmark,2261824,2.15704
eigen_partial_piv_lu,multiple_rhs,random_dense,32,14,after_eigen_multiple_rhs_benchmark,2261824,2.15704
eigen_partial_piv_lu,multiple_rhs,random_dense,32,14,before_eigen_multiple_rhs_benchmark,2261824,2.15704
eigen_partial_piv_lu,multiple_rhs,random_dense,32,14,after_eigen_multiple_rhs_benchmark,2261824,2.15704
eigen_partial_piv_lu,multiple_rhs,diagonally_dominant,32,0,before_multiple_rhs_problem_setup,2261824,2.15704
eigen_partial_piv_lu,multiple_rhs,diagonally_dominant,32,0,after_multiple_rhs_problem_setup,2261824,2.15704
eigen_partial_piv_lu,multiple_rhs,diagonally_dominant,32,0,before_eigen_multiple_rhs_benchmark,2261824,2.15704
eigen_partial_piv_lu,multiple_rhs,diagonally_dominant,32,0,after_eigen_multiple_rhs_benchmark,2261824,2.15704
eigen_partial_piv_lu,multiple_rhs,diagonally_dominant,32,0,before_eigen_multiple_rhs_benchmark,2261824,2.15704
eigen_partial_piv_lu,multiple_rhs,diagonally_dominant,32,0,after_eigen_multiple_rhs_benchmark,2261824,2.15704
eigen_partial_piv_lu,multiple_rhs,diagonally_dominant,32,0,before_eigen_multiple_rhs_benchmark,2261824,2.15704
eigen_partial_piv_lu,multiple_rhs,diagonally_dominant,32,0,after_eigen_multiple_rhs_benchmark,2261824,2.15704
eigen_partial_piv_lu,multiple_rhs,diagonally_dominant,32,0,before_eigen_multiple_rhs_benchmark,2261824,2.15704
eigen_partial_piv_lu,multiple_rhs,diagonally_dominant,32,0,after_eigen_multiple_rhs_benchmark,2261824,2.15704
eigen_partial_piv_lu,multiple_rhs,diagonally_dominant,32,0,before_eigen_multiple_rhs_benchmark,2261824,2.15704
eigen_partial_piv_lu,multiple_rhs,diagonally_dominant,32,0,after_eigen_multiple_rhs_benchmark,2261824,2.15704
eigen_partial_piv_lu,multiple_rhs,diagonally_dominant,32,1,before_multiple_rhs_problem_setup,2261824,2.15704
eigen_partial_piv_lu,multiple_rhs,diagonally_dominant,32,1,after_multiple_rhs_problem_setup,2261824,2.15704
eigen_partial_piv_lu,multiple_rhs,diagonally_dominant,32,1,before_eigen_multiple_rhs_benchmark,2261824,2.15704
eigen_partial_piv_lu,multiple_rhs,diagonally_dominant,32,1,after_eigen_multiple_rhs_benchmark,2261824,2.15704
eigen_partial_piv_lu,multiple_rhs,diagonally_dominant,32,1,before_eigen_multiple_rhs_benchmark,2261824,2.15704
eigen_partial_piv_lu,multiple_rhs,diagonally_dominant,32,1,after_eigen_multiple_rhs_benchmark,2261824,2.15704
eigen_partial_piv_lu,multiple_rhs,diagonally_dominant,32,1,before_eigen_multiple_rhs_benchmark,2261824,2.15704
eigen_partial_piv_lu,multiple_rhs,diagonally_dominant,32,1,after_eigen_multiple_rhs_benchmark,2261824,2.15704
eigen_partial_piv_lu,multiple_rhs,diagonally_dominant,32,1,before_eigen_multiple_rhs_benchmark,2261824,2.15704
eigen_partial_piv_lu,multiple_rhs,diagonally_dominant,32,1,after_eigen_multiple_rhs_benchmark,2261824,2.15704
eigen_partial_piv_lu,multiple_rhs,diagonally_dominant,32,1,before_eigen_multiple_rhs_benchmark,2261824,2.15704
eigen_partial_piv_lu,multiple_rhs,diagonally_dominant,32,1,after_eigen_multiple_rhs_benchmark,2261824,2.15704
eigen_partial_piv_lu,multiple_rhs,diagonally_dominant,32,2,before_multiple_rhs_problem_setup,2261824,2.15704
eigen_partial_piv_lu,multiple_rhs,diagonally_dominant,32,2,after_multiple_rhs_problem_setup,2261824,2.15704
eigen_partial_piv_lu,multiple_rhs,diagonally_dominant,32,2,before_eigen_multiple_rhs_benchmark,2261824,2.15704
eigen_partial_piv_lu,multiple_rhs,diagonally_dominant,32,2,after_eigen_multiple_rhs_benchmark,2261824,2.15704
eigen_partial_piv_lu,multiple_rhs,diagonally_dominant,32,2,before_eigen_multiple_rhs_benchmark,2261824,2.15704
eigen_partial_piv_lu,multiple_rhs,diagonally_dominant,32,2,after_eigen_multiple_rhs_benchmark,2261824,2.15704
eigen_partial_piv_lu,multiple_rhs,diagonally_dominant,32,2,before_eigen_multiple_rhs_benchmark,2261824,2.15704
eigen_partial_piv_lu,multiple_rhs,diagonally_dominant,32,2,after_eigen_multiple_rhs_benchmark,2261824,2.15704
eigen_partial_piv_lu,multiple_rhs,diagonally_dominant,32,2,before_eigen_multiple_rhs_benchmark,2261824,2.15704
eigen_partial_piv_lu,multiple_rhs,diagonally_dominant,32,2,after_eigen_multiple_rhs_benchmark,2261824,2.15704
eigen_partial_piv_lu,multiple_rhs,diagonally_dominant,32,2,before_eigen_multiple_rhs_benchmark,2261824,2.15704
eigen_partial_piv_lu,multiple_rhs,diagonally_dominant,32,2,after_eigen_multiple_rhs_benchmark,2261824,2.15704
eigen_partial_piv_lu,multiple_rhs,diagonally_dominant,32,3,before_multiple_rhs_problem_setup,2261824,2.15704
eigen_partial_piv_lu,multiple_rhs,diagonally_dominant,32,3,after_multiple_rhs_problem_setup,2261824,2.15704
eigen_partial_piv_lu,multiple_rhs,diagonally_dominant,32,3,before_eigen_multiple_rhs_benchmark,2261824,2.15704
eigen_partial_piv_lu,multiple_rhs,diagonally_dominant,32,3,after_eigen_multiple_rhs_benchmark,2261824,2.15704
eigen_partial_piv_lu,multiple_rhs,diagonally_dominant,32,3,before_eigen_multiple_rhs_benchmark,2261824,2.15704
eigen_partial_piv_lu,multiple_rhs,diagonally_dominant,32,3,after_eigen_multiple_rhs_benchmark,2261824,2.15704
eigen_partial_piv_lu,multiple_rhs,diagonally_dominant,32,3,before_eigen_multiple_rhs_benchmark,2261824,2.15704
eigen_partial_piv_lu,multiple_rhs,diagonally_dominant,32,3,after_eigen_multiple_rhs_benchmark,2261824,2.15704
eigen_partial_piv_lu,multiple_rhs,diagonally_dominant,32,3,before_eigen_multiple_rhs_benchmark,2261824,2.15704
eigen_partial_piv_lu,multiple_rhs,diagonally_dominant,32,3,after_eigen_multiple_rhs_benchmark,2261824,2.15704
eigen_partial_piv_lu,multiple_rhs,diagonally_dominant,32,3,before_eigen_multiple_rhs_benchmark,2261824,2.15704
eigen_partial_piv_lu,multiple_rhs,diagonally_dominant,32,3,after_eigen_multiple_rhs_benchmark,2261824,2.15704
eigen_partial_piv_lu,multiple_rhs,diagonally_dominant,32,4,before_multiple_rhs_problem_setup,2261824,2.15704
eigen_partial_piv_lu,multiple_rhs,diagonally_dominant,32,4,after_multiple_rhs_problem_setup,2261824,2.15704
eigen_partial_piv_lu,multiple_rhs,diagonally_dominant,32,4,before_eigen_multiple_rhs_benchmark,2261824,2.15704
eigen_partial_piv_lu,multiple_rhs,diagonally_dominant,32,4,after_eigen_multiple_rhs_benchmark,2261824,2.15704
eigen_partial_piv_lu,multiple_rhs,diagonally_dominant,32,4,before_eigen_multiple_rhs_benchmark,2261824,2.15704
eigen_partial_piv_lu,multiple_rhs,diagonally_dominant,32,4,after_eigen_multiple_rhs_benchmark,2261824,2.15704
eigen_partial_piv_lu,multiple_rhs,diagonally_dominant,32,4,before_eigen_multiple_rhs_benchmark,2261824,2.15704
eigen_partial_piv_lu,multiple_rhs,diagonally_dominant,32,4,after_eigen_multiple_rhs_benchmark,2261824,2.15704
eigen_partial_piv_lu,multiple_rhs,diagonally_dominant,32,4,before_eigen_multiple_rhs_benchmark,2261824,2.15704
eigen_partial_piv_lu,multiple_rhs,diagonally_dominant,32,4,after_eigen_multiple_rhs_benchmark,2261824,2.15704
eigen_partial_piv_lu,multiple_rhs,diagonally_dominant,32,4,before_eigen_multiple_rhs_benchmark,2261824,2.15704
eigen_partial_piv_lu,multiple_rhs,diagonally_dominant,32,4,after_eigen_multiple_rhs_benchmark,2261824,2.15704
eigen_partial_piv_lu,multiple_rhs,diagonally_dominant,32,5,before_multiple_rhs_problem_setup,2261824,2.15704
eigen_partial_piv_lu,multiple_rhs,diagonally_dominant,32,5,after_multiple_rhs_problem_setup,2261824,2.15704
eigen_partial_piv_lu,multiple_rhs,diagonally_dominant,32,5,before_eigen_multiple_rhs_benchmark,2261824,2.15704
eigen_partial_piv_lu,multiple_rhs,diagonally_dominant,32,5,after_eigen_multiple_rhs_benchmark,2261824,2.15704
eigen_partial_piv_lu,multiple_rhs,diagonally_dominant,32,5,before_eigen_multiple_rhs_benchmark,2261824,2.15704
eigen_partial_piv_lu,multiple_rhs,diagonally_dominant,32,5,after_eigen_multiple_rhs_benchmark,2261824,2.15704
eigen_partial_piv_lu,multiple_rhs,diagonally_dominant,32,5,before_eigen_multiple_rhs_benchmark,2261824,2.15704
eigen_partial_piv_lu,multiple_rhs,diagonally_dominant,32,5,after_eigen_multiple_rhs_benchmark,2261824,2.15704
eigen_partial_piv_lu,multiple_rhs,diagonally_dominant,32,5,before_eigen_multiple_rhs_benchmark,2261824,2.15704
eigen_partial_piv_lu,multiple_rhs,diagonally_dominant,32,5,after_eigen_multiple_rhs_benchmark,2261824,2.15704
eigen_partial_piv_lu,multiple_rhs,diagonally_dominant,32,5,before_eigen_multiple_rhs_benchmark,2261824,2.15704
eigen_partial_piv_lu,multiple_rhs,diagonally_dominant,32,5,after_eigen_multiple_rhs_benchmark,2261824,2.15704
eigen_partial_piv_lu,multiple_rhs,diagonally_dominant,32,6,before_multiple_rhs_problem_setup,2261824,2.15704
eigen_partial_piv_lu,multiple_rhs,diagonally_dominant,32,6,after_multiple_rhs_problem_setup,2261824,2.15704
eigen_partial_piv_lu,multiple_rhs,diagonally_dominant,32,6,before_eigen_multiple_rhs_benchmark,2261824,2.15704
eigen_partial_piv_lu,multiple_rhs,diagonally_dominant,32,6,after_eigen_multiple_rhs_benchmark,2261824,2.15704
eigen_partial_piv_lu,multiple_rhs,diagonally_dominant,32,6,before_eigen_multiple_rhs_benchmark,2261824,2.15704
eigen_partial_piv_lu,multiple_rhs,diagonally_dominant,32,6,after_eigen_multiple_rhs_benchmark,2261824,2.15704
eigen_partial_piv_lu,multiple_rhs,diagonally_dominant,32,6,before_eigen_multiple_rhs_benchmark,2261824,2.15704
eigen_partial_piv_lu,multiple_rhs,diagonally_dominant,32,6,after_eigen_multiple_rhs_benchmark,2261824,2.15704
eigen_partial_piv_lu,multiple_rhs,diagonally_dominant,32,6,before_eigen_multiple_rhs_benchmark,2261824,2.15704
eigen_partial_piv_lu,multiple_rhs,diagonally_dominant,32,6,after_eigen_multiple_rhs_benchmark,2261824,2.15704
eigen_partial_piv_lu,multiple_rhs,diagonally_dominant,32,6,before_eigen_multiple_rhs_benchmark,2261824,2.15704
eigen_partial_piv_lu,multiple_rhs,diagonally_dominant,32,6,after_eigen_multiple_rhs_benchmark,2261824,2.15704
eigen_partial_piv_lu,multiple_rhs,diagonally_dominant,32,7,before_multiple_rhs_problem_setup,2261824,2.15704
eigen_partial_piv_lu,multiple_rhs,diagonally_dominant,32,7,after_multiple_rhs_problem_setup,2261824,2.15704
eigen_partial_piv_lu,multiple_rhs,diagonally_dominant,32,7,before_eigen_multiple_rhs_benchmark,2261824,2.15704
eigen_partial_piv_lu,multiple_rhs,diagonally_dominant,32,7,after_eigen_multiple_rhs_benchmark,2261824,2.15704
eigen_partial_piv_lu,multiple_rhs,diagonally_dominant,32,7,before_eigen_multiple_rhs_benchmark,2261824,2.15704
eigen_partial_piv_lu,multiple_rhs,diagonally_dominant,32,7,after_eigen_multiple_rhs_benchmark,2261824,2.15704
eigen_partial_piv_lu,multiple_rhs,diagonally_dominant,32,7,before_eigen_multiple_rhs_benchmark,2261824,2.15704
eigen_partial_piv_lu,multiple_rhs,diagonally_dominant,32,7,after_eigen_multiple_rhs_benchmark,2261824,2.15704
eigen_partial_piv_lu,multiple_rhs,diagonally_dominant,32,7,before_eigen_multiple_rhs_benchmark,2261824,2.15704
eigen_partial_piv_lu,multiple_rhs,diagonally_dominant,32,7,after_eigen_multiple_rhs_benchmark,2261824,2.15704
eigen_partial_piv_lu,multiple_rhs,diagonally_dominant,32,7,before_eigen_multiple_rhs_benchmark,2261824,2.15704
eigen_partial_piv_lu,multiple_rhs,diagonally_dominant,32,7,after_eigen_multiple_rhs_benchmark,2261824,2.15704
eigen_partial_piv_lu,multiple_rhs,diagonally_dominant,32,8,before_multiple_rhs_problem_setup,2261824,2.15704
eigen_partial_piv_lu,multiple_rhs,diagonally_dominant,32,8,after_multiple_rhs_problem_setup,2261824,2.15704
eigen_partial_piv_lu,multiple_rhs,diagonally_dominant,32,8,before_eigen_multiple_rhs_benchmark,2261824,2.15704
eigen_partial_piv_lu,multiple_rhs,diagonally_dominant,32,8,after_eigen_multiple_rhs_benchmark,2261824,2.15704
eigen_partial_piv_lu,multiple_rhs,diagonally_dominant,32,8,before_eigen_multiple_rhs_benchmark,2261824,2.15704
eigen_partial_piv_lu,multiple_rhs,diagonally_dominant,32,8,after_eigen_multiple_rhs_benchmark,2261824,2.15704
eigen_partial_piv_lu,multiple_rhs,diagonally_dominant,32,8,before_eigen_multiple_rhs_benchmark,2261824,2.15704
eigen_partial_piv_lu,multiple_rhs,diagonally_dominant,32,8,after_eigen_multiple_rhs_benchmark,2261824,2.15704
eigen_partial_piv_lu,multiple_rhs,diagonally_dominant,32,8,before_eigen_multiple_rhs_benchmark,2261824,2.15704
eigen_partial_piv_lu,multiple_rhs,diagonally_dominant,32,8,after_eigen_multiple_rhs_benchmark,2261824,2.15704
eigen_partial_piv_lu,multiple_rhs,diagonally_dominant,32,8,before_eigen_multiple_rhs_benchmark,2261824,2.15704
eigen_partial_piv_lu,multiple_rhs,diagonally_dominant,32,8,after_eigen_multiple_rhs_benchmark,2261824,2.15704
eigen_partial_piv_lu,multiple_rhs,diagonally_dominant,32,9,before_multiple_rhs_problem_setup,2261824,2.15704
eigen_partial_piv_lu,multiple_rhs,diagonally_dominant,32,9,after_multiple_rhs_problem_setup,2261824,2.15704
eigen_partial_piv_lu,multiple_rhs,diagonally_dominant,32,9,before_eigen_multiple_rhs_benchmark,2261824,2.15704
eigen_partial_piv_lu,multiple_rhs,diagonally_dominant,32,9,after_eigen_multiple_rhs_benchmark,2261824,2.15704
eigen_partial_piv_lu,multiple_rhs,diagonally_dominant,32,9,before_eigen_multiple_rhs_benchmark,2261824,2.15704
eigen_partial_piv_lu,multiple_rhs,diagonally_dominant,32,9,after_eigen_multiple_rhs_benchmark,2261824,2.15704
eigen_partial_piv_lu,multiple_rhs,diagonally_dominant,32,9,before_eigen_multiple_rhs_benchmark,2261824,2.15704
eigen_partial_piv_lu,multiple_rhs,diagonally_dominant,32,9,after_eigen_multiple_rhs_benchmark,2261824,2.15704
eigen_partial_piv_lu,multiple_rhs,diagonally_dominant,32,9,before_eigen_multiple_rhs_benchmark,2261824,2.15704
eigen_partial_piv_lu,multiple_rhs,diagonally_dominant,32,9,after_eigen_multiple_rhs_benchmark,2261824,2.15704
eigen_partial_piv_lu,multiple_rhs,diagonally_dominant,32,9,before_eigen_multiple_rhs_benchmark,2261824,2.15704
eigen_partial_piv_lu,multiple_rhs,diagonally_dominant,32,9,after_eigen_multiple_rhs_benchmark,2261824,2.15704
eigen_partial_piv_lu,multiple_rhs,diagonally_dominant,32,10,before_multiple_rhs_problem_setup,2261824,2.15704
eigen_partial_piv_lu,multiple_rhs,diagonally_dominant,32,10,after_multiple_rhs_problem_setup,2261824,2.15704
eigen_partial_piv_lu,multiple_rhs,diagonally_dominant,32,10,before_eigen_multiple_rhs_benchmark,2261824,2.15704
eigen_partial_piv_lu,multiple_rhs,diagonally_dominant,32,10,after_eigen_multiple_rhs_benchmark,2261824,2.15704
eigen_partial_piv_lu,multiple_rhs,diagonally_dominant,32,10,before_eigen_multiple_rhs_benchmark,2261824,2.15704
eigen_partial_piv_lu,multiple_rhs,diagonally_dominant,32,10,after_eigen_multiple_rhs_benchmark,2261824,2.15704
eigen_partial_piv_lu,multiple_rhs,diagonally_dominant,32,10,before_eigen_multiple_rhs_benchmark,2261824,2.15704
eigen_partial_piv_lu,multiple_rhs,diagonally_dominant,32,10,after_eigen_multiple_rhs_benchmark,2261824,2.15704
eigen_partial_piv_lu,multiple_rhs,diagonally_dominant,32,10,before_eigen_multiple_rhs_benchmark,2261824,2.15704
eigen_partial_piv_lu,multiple_rhs,diagonally_dominant,32,10,after_eigen_multiple_rhs_benchmark,2261824,2.15704
eigen_partial_piv_lu,multiple_rhs,diagonally_dominant,32,10,before_eigen_multiple_rhs_benchmark,2261824,2.15704
eigen_partial_piv_lu,multiple_rhs,diagonally_dominant,32,10,after_eigen_multiple_rhs_benchmark,2261824,2.15704
eigen_partial_piv_lu,multiple_rhs,diagonally_dominant,32,11,before_multiple_rhs_problem_setup,2261824,2.15704
eigen_partial_piv_lu,multiple_rhs,diagonally_dominant,32,11,after_multiple_rhs_problem_setup,2261824,2.15704
eigen_partial_piv_lu,multiple_rhs,diagonally_dominant,32,11,before_eigen_multiple_rhs_benchmark,2261824,2.15704
eigen_partial_piv_lu,multiple_rhs,diagonally_dominant,32,11,after_eigen_multiple_rhs_benchmark,2261824,2.15704
eigen_partial_piv_lu,multiple_rhs,diagonally_dominant,32,11,before_eigen_multiple_rhs_benchmark,2261824,2.15704
eigen_partial_piv_lu,multiple_rhs,diagonally_dominant,32,11,after_eigen_multiple_rhs_benchmark,2261824,2.15704
eigen_partial_piv_lu,multiple_rhs,diagonally_dominant,32,11,before_eigen_multiple_rhs_benchmark,2261824,2.15704
eigen_partial_piv_lu,multiple_rhs,diagonally_dominant,32,11,after_eigen_multiple_rhs_benchmark,2261824,2.15704
eigen_partial_piv_lu,multiple_rhs,diagonally_dominant,32,11,before_eigen_multiple_rhs_benchmark,2261824,2.15704
eigen_partial_piv_lu,multiple_rhs,diagonally_dominant,32,11,after_eigen_multiple_rhs_benchmark,2261824,2.15704
eigen_partial_piv_lu,multiple_rhs,diagonally_dominant,32,11,before_eigen_multiple_rhs_benchmark,2261824,2.15704
eigen_partial_piv_lu,multiple_rhs,diagonally_dominant,32,11,after_eigen_multiple_rhs_benchmark,2261824,2.15704
eigen_partial_piv_lu,multiple_rhs,diagonally_dominant,32,12,before_multiple_rhs_problem_setup,2261824,2.15704
eigen_partial_piv_lu,multiple_rhs,diagonally_dominant,32,12,after_multiple_rhs_problem_setup,2261824,2.15704
eigen_partial_piv_lu,multiple_rhs,diagonally_dominant,32,12,before_eigen_multiple_rhs_benchmark,2261824,2.15704
eigen_partial_piv_lu,multiple_rhs,diagonally_dominant,32,12,after_eigen_multiple_rhs_benchmark,2261824,2.15704
eigen_partial_piv_lu,multiple_rhs,diagonally_dominant,32,12,before_eigen_multiple_rhs_benchmark,2261824,2.15704
eigen_partial_piv_lu,multiple_rhs,diagonally_dominant,32,12,after_eigen_multiple_rhs_benchmark,2261824,2.15704
eigen_partial_piv_lu,multiple_rhs,diagonally_dominant,32,12,before_eigen_multiple_rhs_benchmark,2261824,2.15704
eigen_partial_piv_lu,multiple_rhs,diagonally_dominant,32,12,after_eigen_multiple_rhs_benchmark,2261824,2.15704
eigen_partial_piv_lu,multiple_rhs,diagonally_dominant,32,12,before_eigen_multiple_rhs_benchmark,2261824,2.15704
eigen_partial_piv_lu,multiple_rhs,diagonally_dominant,32,12,after_eigen_multiple_rhs_benchmark,2261824,2.15704
eigen_partial_piv_lu,multiple_rhs,diagonally_dominant,32,12,before_eigen_multiple_rhs_benchmark,2261824,2.15704
eigen_partial_piv_lu,multiple_rhs,diagonally_dominant,32,12,after_eigen_multiple_rhs_benchmark,2261824,2.15704
eigen_partial_piv_lu,multiple_rhs,diagonally_dominant,32,13,before_multiple_rhs_problem_setup,2261824,2.15704
eigen_partial_piv_lu,multiple_rhs,diagonally_dominant,32,13,after_multiple_rhs_problem_setup,2261824,2.15704
eigen_partial_piv_lu,multiple_rhs,diagonally_dominant,32,13,before_eigen_multiple_rhs_benchmark,2261824,2.15704
eigen_partial_piv_lu,multiple_rhs,diagonally_dominant,32,13,after_eigen_multiple_rhs_benchmark,2261824,2.15704
eigen_partial_piv_lu,multiple_rhs,diagonally_dominant,32,13,before_eigen_multiple_rhs_benchmark,2261824,2.15704
eigen_partial_piv_lu,multiple_rhs,diagonally_dominant,32,13,after_eigen_multiple_rhs_benchmark,2261824,2.15704
eigen_partial_piv_lu,multiple_rhs,diagonally_dominant,32,13,before_eigen_multiple_rhs_benchmark,2261824,2.15704
eigen_partial_piv_lu,multiple_rhs,diagonally_dominant,32,13,after_eigen_multiple_rhs_benchmark,2261824,2.15704
eigen_partial_piv_lu,multiple_rhs,diagonally_dominant,32,13,before_eigen_multiple_rhs_benchmark,2261824,2.15704
eigen_partial_piv_lu,multiple_rhs,diagonally_dominant,32,13,after_eigen_multiple_rhs_benchmark,2261824,2.15704
eigen_partial_piv_lu,multiple_rhs,diagonally_dominant,32,13,before_eigen_multiple_rhs_benchmark,2261824,2.15704
eigen_partial_piv_lu,multiple_rhs,diagonally_dominant,32,13,after_eigen_multiple_rhs_benchmark,2261824,2.15704
eigen_partial_piv_lu,multiple_rhs,diagonally_dominant,32,14,before_multiple_rhs_problem_setup,2261824,2.15704
eigen_partial_piv_lu,multiple_rhs,diagonally_dominant,32,14,after_multiple_rhs_problem_setup,2261824,2.15704
eigen_partial_piv_lu,multiple_rhs,diagonally_dominant,32,14,before_eigen_multiple_rhs_benchmark,2261824,2.15704
eigen_partial_piv_lu,multiple_rhs,diagonally_dominant,32,14,after_eigen_multiple_rhs_benchmark,2261824,2.15704
eigen_partial_piv_lu,multiple_rhs,diagonally_dominant,32,14,before_eigen_multiple_rhs_benchmark,2261824,2.15704
eigen_partial_piv_lu,multiple_rhs,diagonally_dominant,32,14,after_eigen_multiple_rhs_benchmark,2261824,2.15704
eigen_partial_piv_lu,multiple_rhs,diagonally_dominant,32,14,before_eigen_multiple_rhs_benchmark,2261824,2.15704
eigen_partial_piv_lu,multiple_rhs,diagonally_dominant,32,14,after_eigen_multiple_rhs_benchmark,2261824,2.15704
eigen_partial_piv_lu,multiple_rhs,diagonally_dominant,32,14,before_eigen_multiple_rhs_benchmark,2261824,2.15704
eigen_partial_piv_lu,multiple_rhs,diagonally_dominant,32,14,after_eigen_multiple_rhs_benchmark,2261824,2.15704
eigen_partial_piv_lu,multiple_rhs,diagonally_dominant,32,14,before_eigen_multiple_rhs_benchmark,2261824,2.15704
eigen_partial_piv_lu,multiple_rhs,diagonally_dominant,32,14,after_eigen_multiple_rhs_benchmark,2261824,2.15704
eigen_partial_piv_lu,multiple_rhs,random_dense,64,0,before_multiple_rhs_problem_setup,2261824,2.15704
eigen_partial_piv_lu,multiple_rhs,random_dense,64,0,after_multiple_rhs_problem_setup,2261824,2.15704
eigen_partial_piv_lu,multiple_rhs,random_dense,64,0,before_eigen_multiple_rhs_benchmark,2261824,2.15704
eigen_partial_piv_lu,multiple_rhs,random_dense,64,0,after_eigen_multiple_rhs_benchmark,2278208,2.17267
eigen_partial_piv_lu,multiple_rhs,random_dense,64,0,before_eigen_multiple_rhs_benchmark,2278208,2.17267
eigen_partial_piv_lu,multiple_rhs,random_dense,64,0,after_eigen_multiple_rhs_benchmark,2278208,2.17267
eigen_partial_piv_lu,multiple_rhs,random_dense,64,0,before_eigen_multiple_rhs_benchmark,2278208,2.17267
eigen_partial_piv_lu,multiple_rhs,random_dense,64,0,after_eigen_multiple_rhs_benchmark,2278208,2.17267
eigen_partial_piv_lu,multiple_rhs,random_dense,64,0,before_eigen_multiple_rhs_benchmark,2278208,2.17267
eigen_partial_piv_lu,multiple_rhs,random_dense,64,0,after_eigen_multiple_rhs_benchmark,2278208,2.17267
eigen_partial_piv_lu,multiple_rhs,random_dense,64,0,before_eigen_multiple_rhs_benchmark,2278208,2.17267
eigen_partial_piv_lu,multiple_rhs,random_dense,64,0,after_eigen_multiple_rhs_benchmark,2278208,2.17267
eigen_partial_piv_lu,multiple_rhs,random_dense,64,1,before_multiple_rhs_problem_setup,2278208,2.17267
eigen_partial_piv_lu,multiple_rhs,random_dense,64,1,after_multiple_rhs_problem_setup,2278208,2.17267
eigen_partial_piv_lu,multiple_rhs,random_dense,64,1,before_eigen_multiple_rhs_benchmark,2278208,2.17267
eigen_partial_piv_lu,multiple_rhs,random_dense,64,1,after_eigen_multiple_rhs_benchmark,2278208,2.17267
eigen_partial_piv_lu,multiple_rhs,random_dense,64,1,before_eigen_multiple_rhs_benchmark,2278208,2.17267
eigen_partial_piv_lu,multiple_rhs,random_dense,64,1,after_eigen_multiple_rhs_benchmark,2278208,2.17267
eigen_partial_piv_lu,multiple_rhs,random_dense,64,1,before_eigen_multiple_rhs_benchmark,2278208,2.17267
eigen_partial_piv_lu,multiple_rhs,random_dense,64,1,after_eigen_multiple_rhs_benchmark,2278208,2.17267
eigen_partial_piv_lu,multiple_rhs,random_dense,64,1,before_eigen_multiple_rhs_benchmark,2278208,2.17267
eigen_partial_piv_lu,multiple_rhs,random_dense,64,1,after_eigen_multiple_rhs_benchmark,2278208,2.17267
eigen_partial_piv_lu,multiple_rhs,random_dense,64,1,before_eigen_multiple_rhs_benchmark,2278208,2.17267
eigen_partial_piv_lu,multiple_rhs,random_dense,64,1,after_eigen_multiple_rhs_benchmark,2278208,2.17267
eigen_partial_piv_lu,multiple_rhs,random_dense,64,2,before_multiple_rhs_problem_setup,2278208,2.17267
eigen_partial_piv_lu,multiple_rhs,random_dense,64,2,after_multiple_rhs_problem_setup,2278208,2.17267
eigen_partial_piv_lu,multiple_rhs,random_dense,64,2,before_eigen_multiple_rhs_benchmark,2278208,2.17267
eigen_partial_piv_lu,multiple_rhs,random_dense,64,2,after_eigen_multiple_rhs_benchmark,2278208,2.17267
eigen_partial_piv_lu,multiple_rhs,random_dense,64,2,before_eigen_multiple_rhs_benchmark,2278208,2.17267
eigen_partial_piv_lu,multiple_rhs,random_dense,64,2,after_eigen_multiple_rhs_benchmark,2278208,2.17267
eigen_partial_piv_lu,multiple_rhs,random_dense,64,2,before_eigen_multiple_rhs_benchmark,2278208,2.17267
eigen_partial_piv_lu,multiple_rhs,random_dense,64,2,after_eigen_multiple_rhs_benchmark,2278208,2.17267
eigen_partial_piv_lu,multiple_rhs,random_dense,64,2,before_eigen_multiple_rhs_benchmark,2278208,2.17267
eigen_partial_piv_lu,multiple_rhs,random_dense,64,2,after_eigen_multiple_rhs_benchmark,2278208,2.17267
eigen_partial_piv_lu,multiple_rhs,random_dense,64,2,before_eigen_multiple_rhs_benchmark,2278208,2.17267
eigen_partial_piv_lu,multiple_rhs,random_dense,64,2,after_eigen_multiple_rhs_benchmark,2278208,2.17267
eigen_partial_piv_lu,multiple_rhs,random_dense,64,3,before_multiple_rhs_problem_setup,2278208,2.17267
eigen_partial_piv_lu,multiple_rhs,random_dense,64,3,after_multiple_rhs_problem_setup,2278208,2.17267
eigen_partial_piv_lu,multiple_rhs,random_dense,64,3,before_eigen_multiple_rhs_benchmark,2278208,2.17267
eigen_partial_piv_lu,multiple_rhs,random_dense,64,3,after_eigen_multiple_rhs_benchmark,2278208,2.17267
eigen_partial_piv_lu,multiple_rhs,random_dense,64,3,before_eigen_multiple_rhs_benchmark,2278208,2.17267
eigen_partial_piv_lu,multiple_rhs,random_dense,64,3,after_eigen_multiple_rhs_benchmark,2278208,2.17267
eigen_partial_piv_lu,multiple_rhs,random_dense,64,3,before_eigen_multiple_rhs_benchmark,2278208,2.17267
eigen_partial_piv_lu,multiple_rhs,random_dense,64,3,after_eigen_multiple_rhs_benchmark,2278208,2.17267
eigen_partial_piv_lu,multiple_rhs,random_dense,64,3,before_eigen_multiple_rhs_benchmark,2278208,2.17267
eigen_partial_piv_lu,multiple_rhs,random_dense,64,3,after_eigen_multiple_rhs_benchmark,2278208,2.17267
eigen_partial_piv_lu,multiple_rhs,random_dense,64,3,before_eigen_multiple_rhs_benchmark,2278208,2.17267
eigen_partial_piv_lu,multiple_rhs,random_dense,64,3,after_eigen_multiple_rhs_benchmark,2278208,2.17267
eigen_partial_piv_lu,multiple_rhs,random_dense,64,4,before_multiple_rhs_problem_setup,2278208,2.17267
eigen_partial_piv_lu,multiple_rhs,random_dense,64,4,after_multiple_rhs_problem_setup,2278208,2.17267
eigen_partial_piv_lu,multiple_rhs,random_dense,64,4,before_eigen_multiple_rhs_benchmark,2278208,2.17267
eigen_partial_piv_lu,multiple_rhs,random_dense,64,4,after_eigen_multiple_rhs_benchmark,2278208,2.17267
eigen_partial_piv_lu,multiple_rhs,random_dense,64,4,before_eigen_multiple_rhs_benchmark,2278208,2.17267
eigen_partial_piv_lu,multiple_rhs,random_dense,64,4,after_eigen_multiple_rhs_benchmark,2278208,2.17267
eigen_partial_piv_lu,multiple_rhs,random_dense,64,4,before_eigen_multiple_rhs_benchmark,2278208,2.17267
eigen_partial_piv_lu,multiple_rhs,random_dense,64,4,after_eigen_multiple_rhs_benchmark,2278208,2.17267
eigen_partial_piv_lu,multiple_rhs,random_dense,64,4,before_eigen_multiple_rhs_benchmark,2278208,2.17267
eigen_partial_piv_lu,multiple_rhs,random_dense,64,4,after_eigen_multiple_rhs_benchmark,2278208,2.17267
eigen_partial_piv_lu,multiple_rhs,random_dense,64,4,before_eigen_multiple_rhs_benchmark,2278208,2.17267
eigen_partial_piv_lu,multiple_rhs,random_dense,64,4,after_eigen_multiple_rhs_benchmark,2278208,2.17267
eigen_partial_piv_lu,multiple_rhs,random_dense,64,5,before_multiple_rhs_problem_setup,2278208,2.17267
eigen_partial_piv_lu,multiple_rhs,random_dense,64,5,after_multiple_rhs_problem_setup,2278208,2.17267
eigen_partial_piv_lu,multiple_rhs,random_dense,64,5,before_eigen_multiple_rhs_benchmark,2278208,2.17267
eigen_partial_piv_lu,multiple_rhs,random_dense,64,5,after_eigen_multiple_rhs_benchmark,2278208,2.17267
eigen_partial_piv_lu,multiple_rhs,random_dense,64,5,before_eigen_multiple_rhs_benchmark,2278208,2.17267
eigen_partial_piv_lu,multiple_rhs,random_dense,64,5,after_eigen_multiple_rhs_benchmark,2278208,2.17267
eigen_partial_piv_lu,multiple_rhs,random_dense,64,5,before_eigen_multiple_rhs_benchmark,2278208,2.17267
eigen_partial_piv_lu,multiple_rhs,random_dense,64,5,after_eigen_multiple_rhs_benchmark,2278208,2.17267
eigen_partial_piv_lu,multiple_rhs,random_dense,64,5,before_eigen_multiple_rhs_benchmark,2278208,2.17267
eigen_partial_piv_lu,multiple_rhs,random_dense,64,5,after_eigen_multiple_rhs_benchmark,2278208,2.17267
eigen_partial_piv_lu,multiple_rhs,random_dense,64,5,before_eigen_multiple_rhs_benchmark,2278208,2.17267
eigen_partial_piv_lu,multiple_rhs,random_dense,64,5,after_eigen_multiple_rhs_benchmark,2278208,2.17267
eigen_partial_piv_lu,multiple_rhs,random_dense,64,6,before_multiple_rhs_problem_setup,2278208,2.17267
eigen_partial_piv_lu,multiple_rhs,random_dense,64,6,after_multiple_rhs_problem_setup,2278208,2.17267
eigen_partial_piv_lu,multiple_rhs,random_dense,64,6,before_eigen_multiple_rhs_benchmark,2278208,2.17267
eigen_partial_piv_lu,multiple_rhs,random_dense,64,6,after_eigen_multiple_rhs_benchmark,2278208,2.17267
eigen_partial_piv_lu,multiple_rhs,random_dense,64,6,before_eigen_multiple_rhs_benchmark,2278208,2.17267
eigen_partial_piv_lu,multiple_rhs,random_dense,64,6,after_eigen_multiple_rhs_benchmark,2278208,2.17267
eigen_partial_piv_lu,multiple_rhs,random_dense,64,6,before_eigen_multiple_rhs_benchmark,2278208,2.17267
eigen_partial_piv_lu,multiple_rhs,random_dense,64,6,after_eigen_multiple_rhs_benchmark,2278208,2.17267
eigen_partial_piv_lu,multiple_rhs,random_dense,64,6,before_eigen_multiple_rhs_benchmark,2278208,2.17267
eigen_partial_piv_lu,multiple_rhs,random_dense,64,6,after_eigen_multiple_rhs_benchmark,2278208,2.17267
eigen_partial_piv_lu,multiple_rhs,random_dense,64,6,before_eigen_multiple_rhs_benchmark,2278208,2.17267
eigen_partial_piv_lu,multiple_rhs,random_dense,64,6,after_eigen_multiple_rhs_benchmark,2278208,2.17267
eigen_partial_piv_lu,multiple_rhs,random_dense,64,7,before_multiple_rhs_problem_setup,2278208,2.17267
eigen_partial_piv_lu,multiple_rhs,random_dense,64,7,after_multiple_rhs_problem_setup,2278208,2.17267
eigen_partial_piv_lu,multiple_rhs,random_dense,64,7,before_eigen_multiple_rhs_benchmark,2278208,2.17267
eigen_partial_piv_lu,multiple_rhs,random_dense,64,7,after_eigen_multiple_rhs_benchmark,2278208,2.17267
eigen_partial_piv_lu,multiple_rhs,random_dense,64,7,before_eigen_multiple_rhs_benchmark,2278208,2.17267
eigen_partial_piv_lu,multiple_rhs,random_dense,64,7,after_eigen_multiple_rhs_benchmark,2278208,2.17267
eigen_partial_piv_lu,multiple_rhs,random_dense,64,7,before_eigen_multiple_rhs_benchmark,2278208,2.17267
eigen_partial_piv_lu,multiple_rhs,random_dense,64,7,after_eigen_multiple_rhs_benchmark,2278208,2.17267
eigen_partial_piv_lu,multiple_rhs,random_dense,64,7,before_eigen_multiple_rhs_benchmark,2278208,2.17267
eigen_partial_piv_lu,multiple_rhs,random_dense,64,7,after_eigen_multiple_rhs_benchmark,2278208,2.17267
eigen_partial_piv_lu,multiple_rhs,random_dense,64,7,before_eigen_multiple_rhs_benchmark,2278208,2.17267
eigen_partial_piv_lu,multiple_rhs,random_dense,64,7,after_eigen_multiple_rhs_benchmark,2278208,2.17267
eigen_partial_piv_lu,multiple_rhs,random_dense,64,8,before_multiple_rhs_problem_setup,2278208,2.17267
eigen_partial_piv_lu,multiple_rhs,random_dense,64,8,after_multiple_rhs_problem_setup,2278208,2.17267
eigen_partial_piv_lu,multiple_rhs,random_dense,64,8,before_eigen_multiple_rhs_benchmark,2278208,2.17267
eigen_partial_piv_lu,multiple_rhs,random_dense,64,8,after_eigen_multiple_rhs_benchmark,2278208,2.17267
eigen_partial_piv_lu,multiple_rhs,random_dense,64,8,before_eigen_multiple_rhs_benchmark,2278208,2.17267
eigen_partial_piv_lu,multiple_rhs,random_dense,64,8,after_eigen_multiple_rhs_benchmark,2278208,2.17267
eigen_partial_piv_lu,multiple_rhs,random_dense,64,8,before_eigen_multiple_rhs_benchmark,2278208,2.17267
eigen_partial_piv_lu,multiple_rhs,random_dense,64,8,after_eigen_multiple_rhs_benchmark,2278208,2.17267
eigen_partial_piv_lu,multiple_rhs,random_dense,64,8,before_eigen_multiple_rhs_benchmark,2278208,2.17267
eigen_partial_piv_lu,multiple_rhs,random_dense,64,8,after_eigen_multiple_rhs_benchmark,2278208,2.17267
eigen_partial_piv_lu,multiple_rhs,random_dense,64,8,before_eigen_multiple_rhs_benchmark,2278208,2.17267
eigen_partial_piv_lu,multiple_rhs,random_dense,64,8,after_eigen_multiple_rhs_benchmark,2278208,2.17267
eigen_partial_piv_lu,multiple_rhs,random_dense,64,9,before_multiple_rhs_problem_setup,2278208,2.17267
eigen_partial_piv_lu,multiple_rhs,random_dense,64,9,after_multiple_rhs_problem_setup,2278208,2.17267
eigen_partial_piv_lu,multiple_rhs,random_dense,64,9,before_eigen_multiple_rhs_benchmark,2278208,2.17267
eigen_partial_piv_lu,multiple_rhs,random_dense,64,9,after_eigen_multiple_rhs_benchmark,2278208,2.17267
eigen_partial_piv_lu,multiple_rhs,random_dense,64,9,before_eigen_multiple_rhs_benchmark,2278208,2.17267
eigen_partial_piv_lu,multiple_rhs,random_dense,64,9,after_eigen_multiple_rhs_benchmark,2278208,2.17267
eigen_partial_piv_lu,multiple_rhs,random_dense,64,9,before_eigen_multiple_rhs_benchmark,2278208,2.17267
eigen_partial_piv_lu,multiple_rhs,random_dense,64,9,after_eigen_multiple_rhs_benchmark,2278208,2.17267
eigen_partial_piv_lu,multiple_rhs,random_dense,64,9,before_eigen_multiple_rhs_benchmark,2278208,2.17267
eigen_partial_piv_lu,multiple_rhs,random_dense,64,9,after_eigen_multiple_rhs_benchmark,2278208,2.17267
eigen_partial_piv_lu,multiple_rhs,random_dense,64,9,before_eigen_multiple_rhs_benchmark,2278208,2.17267
eigen_partial_piv_lu,multiple_rhs,random_dense,64,9,after_eigen_multiple_rhs_benchmark,2278208,2.17267
eigen_partial_piv_lu,multiple_rhs,random_dense,64,10,before_multiple_rhs_problem_setup,2278208,2.17267
eigen_partial_piv_lu,multiple_rhs,random_dense,64,10,after_multiple_rhs_problem_setup,2278208,2.17267
eigen_partial_piv_lu,multiple_rhs,random_dense,64,10,before_eigen_multiple_rhs_benchmark,2278208,2.17267
eigen_partial_piv_lu,multiple_rhs,random_dense,64,10,after_eigen_multiple_rhs_benchmark,2278208,2.17267
eigen_partial_piv_lu,multiple_rhs,random_dense,64,10,before_eigen_multiple_rhs_benchmark,2278208,2.17267
eigen_partial_piv_lu,multiple_rhs,random_dense,64,10,after_eigen_multiple_rhs_benchmark,2278208,2.17267
eigen_partial_piv_lu,multiple_rhs,random_dense,64,10,before_eigen_multiple_rhs_benchmark,2278208,2.17267
eigen_partial_piv_lu,multiple_rhs,random_dense,64,10,after_eigen_multiple_rhs_benchmark,2278208,2.17267
eigen_partial_piv_lu,multiple_rhs,random_dense,64,10,before_eigen_multiple_rhs_benchmark,2278208,2.17267
eigen_partial_piv_lu,multiple_rhs,random_dense,64,10,after_eigen_multiple_rhs_benchmark,2278208,2.17267
eigen_partial_piv_lu,multiple_rhs,random_dense,64,10,before_eigen_multiple_rhs_benchmark,2278208,2.17267
eigen_partial_piv_lu,multiple_rhs,random_dense,64,10,after_eigen_multiple_rhs_benchmark,2278208,2.17267
eigen_partial_piv_lu,multiple_rhs,random_dense,64,11,before_multiple_rhs_problem_setup,2278208,2.17267
eigen_partial_piv_lu,multiple_rhs,random_dense,64,11,after_multiple_rhs_problem_setup,2278208,2.17267
eigen_partial_piv_lu,multiple_rhs,random_dense,64,11,before_eigen_multiple_rhs_benchmark,2278208,2.17267
eigen_partial_piv_lu,multiple_rhs,random_dense,64,11,after_eigen_multiple_rhs_benchmark,2278208,2.17267
eigen_partial_piv_lu,multiple_rhs,random_dense,64,11,before_eigen_multiple_rhs_benchmark,2278208,2.17267
eigen_partial_piv_lu,multiple_rhs,random_dense,64,11,after_eigen_multiple_rhs_benchmark,2278208,2.17267
eigen_partial_piv_lu,multiple_rhs,random_dense,64,11,before_eigen_multiple_rhs_benchmark,2278208,2.17267
eigen_partial_piv_lu,multiple_rhs,random_dense,64,11,after_eigen_multiple_rhs_benchmark,2278208,2.17267
eigen_partial_piv_lu,multiple_rhs,random_dense,64,11,before_eigen_multiple_rhs_benchmark,2278208,2.17267
eigen_partial_piv_lu,multiple_rhs,random_dense,64,11,after_eigen_multiple_rhs_benchmark,2278208,2.17267
eigen_partial_piv_lu,multiple_rhs,random_dense,64,11,before_eigen_multiple_rhs_benchmark,2278208,2.17267
eigen_partial_piv_lu,multiple_rhs,random_dense,64,11,after_eigen_multiple_rhs_benchmark,2278208,2.17267
eigen_partial_piv_lu,multiple_rhs,random_dense,64,12,before_multiple_rhs_problem_setup,2278208,2.17267
eigen_partial_piv_lu,multiple_rhs,random_dense,64,12,after_multiple_rhs_problem_setup,2278208,2.17267
eigen_partial_piv_lu,multiple_rhs,random_dense,64,12,before_eigen_multiple_rhs_benchmark,2278208,2.17267
eigen_partial_piv_lu,multiple_rhs,random_dense,64,12,after_eigen_multiple_rhs_benchmark,2294592,2.18829
eigen_partial_piv_lu,multiple_rhs,random_dense,64,12,before_eigen_multiple_rhs_benchmark,2294592,2.18829
eigen_partial_piv_lu,multiple_rhs,random_dense,64,12,after_eigen_multiple_rhs_benchmark,2294592,2.18829
eigen_partial_piv_lu,multiple_rhs,random_dense,64,12,before_eigen_multiple_rhs_benchmark,2294592,2.18829
eigen_partial_piv_lu,multiple_rhs,random_dense,64,12,after_eigen_multiple_rhs_benchmark,2294592,2.18829
eigen_partial_piv_lu,multiple_rhs,random_dense,64,12,before_eigen_multiple_rhs_benchmark,2294592,2.18829
eigen_partial_piv_lu,multiple_rhs,random_dense,64,12,after_eigen_multiple_rhs_benchmark,2294592,2.18829
eigen_partial_piv_lu,multiple_rhs,random_dense,64,12,before_eigen_multiple_rhs_benchmark,2294592,2.18829
eigen_partial_piv_lu,multiple_rhs,random_dense,64,12,after_eigen_multiple_rhs_benchmark,2294592,2.18829
eigen_partial_piv_lu,multiple_rhs,random_dense,64,13,before_multiple_rhs_problem_setup,2294592,2.18829
eigen_partial_piv_lu,multiple_rhs,random_dense,64,13,after_multiple_rhs_problem_setup,2294592,2.18829
eigen_partial_piv_lu,multiple_rhs,random_dense,64,13,before_eigen_multiple_rhs_benchmark,2294592,2.18829
eigen_partial_piv_lu,multiple_rhs,random_dense,64,13,after_eigen_multiple_rhs_benchmark,2294592,2.18829
eigen_partial_piv_lu,multiple_rhs,random_dense,64,13,before_eigen_multiple_rhs_benchmark,2294592,2.18829
eigen_partial_piv_lu,multiple_rhs,random_dense,64,13,after_eigen_multiple_rhs_benchmark,2294592,2.18829
eigen_partial_piv_lu,multiple_rhs,random_dense,64,13,before_eigen_multiple_rhs_benchmark,2294592,2.18829
eigen_partial_piv_lu,multiple_rhs,random_dense,64,13,after_eigen_multiple_rhs_benchmark,2294592,2.18829
eigen_partial_piv_lu,multiple_rhs,random_dense,64,13,before_eigen_multiple_rhs_benchmark,2294592,2.18829
eigen_partial_piv_lu,multiple_rhs,random_dense,64,13,after_eigen_multiple_rhs_benchmark,2294592,2.18829
eigen_partial_piv_lu,multiple_rhs,random_dense,64,13,before_eigen_multiple_rhs_benchmark,2294592,2.18829
eigen_partial_piv_lu,multiple_rhs,random_dense,64,13,after_eigen_multiple_rhs_benchmark,2294592,2.18829
eigen_partial_piv_lu,multiple_rhs,random_dense,64,14,before_multiple_rhs_problem_setup,2294592,2.18829
eigen_partial_piv_lu,multiple_rhs,random_dense,64,14,after_multiple_rhs_problem_setup,2294592,2.18829
eigen_partial_piv_lu,multiple_rhs,random_dense,64,14,before_eigen_multiple_rhs_benchmark,2294592,2.18829
eigen_partial_piv_lu,multiple_rhs,random_dense,64,14,after_eigen_multiple_rhs_benchmark,2294592,2.18829
eigen_partial_piv_lu,multiple_rhs,random_dense,64,14,before_eigen_multiple_rhs_benchmark,2294592,2.18829
eigen_partial_piv_lu,multiple_rhs,random_dense,64,14,after_eigen_multiple_rhs_benchmark,2294592,2.18829
eigen_partial_piv_lu,multiple_rhs,random_dense,64,14,before_eigen_multiple_rhs_benchmark,2294592,2.18829
eigen_partial_piv_lu,multiple_rhs,random_dense,64,14,after_eigen_multiple_rhs_benchmark,2294592,2.18829
eigen_partial_piv_lu,multiple_rhs,random_dense,64,14,before_eigen_multiple_rhs_benchmark,2294592,2.18829
eigen_partial_piv_lu,multiple_rhs,random_dense,64,14,after_eigen_multiple_rhs_benchmark,2294592,2.18829
eigen_partial_piv_lu,multiple_rhs,random_dense,64,14,before_eigen_multiple_rhs_benchmark,2294592,2.18829
eigen_partial_piv_lu,multiple_rhs,random_dense,64,14,after_eigen_multiple_rhs_benchmark,2294592,2.18829
eigen_partial_piv_lu,multiple_rhs,diagonally_dominant,64,0,before_multiple_rhs_problem_setup,2294592,2.18829
eigen_partial_piv_lu,multiple_rhs,diagonally_dominant,64,0,after_multiple_rhs_problem_setup,2294592,2.18829
eigen_partial_piv_lu,multiple_rhs,diagonally_dominant,64,0,before_eigen_multiple_rhs_benchmark,2294592,2.18829
eigen_partial_piv_lu,multiple_rhs,diagonally_dominant,64,0,after_eigen_multiple_rhs_benchmark,2294592,2.18829
eigen_partial_piv_lu,multiple_rhs,diagonally_dominant,64,0,before_eigen_multiple_rhs_benchmark,2294592,2.18829
eigen_partial_piv_lu,multiple_rhs,diagonally_dominant,64,0,after_eigen_multiple_rhs_benchmark,2294592,2.18829
eigen_partial_piv_lu,multiple_rhs,diagonally_dominant,64,0,before_eigen_multiple_rhs_benchmark,2294592,2.18829
eigen_partial_piv_lu,multiple_rhs,diagonally_dominant,64,0,after_eigen_multiple_rhs_benchmark,2294592,2.18829
eigen_partial_piv_lu,multiple_rhs,diagonally_dominant,64,0,before_eigen_multiple_rhs_benchmark,2294592,2.18829
eigen_partial_piv_lu,multiple_rhs,diagonally_dominant,64,0,after_eigen_multiple_rhs_benchmark,2294592,2.18829
eigen_partial_piv_lu,multiple_rhs,diagonally_dominant,64,0,before_eigen_multiple_rhs_benchmark,2294592,2.18829
eigen_partial_piv_lu,multiple_rhs,diagonally_dominant,64,0,after_eigen_multiple_rhs_benchmark,2294592,2.18829
eigen_partial_piv_lu,multiple_rhs,diagonally_dominant,64,1,before_multiple_rhs_problem_setup,2294592,2.18829
eigen_partial_piv_lu,multiple_rhs,diagonally_dominant,64,1,after_multiple_rhs_problem_setup,2294592,2.18829
eigen_partial_piv_lu,multiple_rhs,diagonally_dominant,64,1,before_eigen_multiple_rhs_benchmark,2294592,2.18829
eigen_partial_piv_lu,multiple_rhs,diagonally_dominant,64,1,after_eigen_multiple_rhs_benchmark,2294592,2.18829
eigen_partial_piv_lu,multiple_rhs,diagonally_dominant,64,1,before_eigen_multiple_rhs_benchmark,2294592,2.18829
eigen_partial_piv_lu,multiple_rhs,diagonally_dominant,64,1,after_eigen_multiple_rhs_benchmark,2294592,2.18829
eigen_partial_piv_lu,multiple_rhs,diagonally_dominant,64,1,before_eigen_multiple_rhs_benchmark,2294592,2.18829
eigen_partial_piv_lu,multiple_rhs,diagonally_dominant,64,1,after_eigen_multiple_rhs_benchmark,2294592,2.18829
eigen_partial_piv_lu,multiple_rhs,diagonally_dominant,64,1,before_eigen_multiple_rhs_benchmark,2294592,2.18829
eigen_partial_piv_lu,multiple_rhs,diagonally_dominant,64,1,after_eigen_multiple_rhs_benchmark,2294592,2.18829
eigen_partial_piv_lu,multiple_rhs,diagonally_dominant,64,1,before_eigen_multiple_rhs_benchmark,2294592,2.18829
eigen_partial_piv_lu,multiple_rhs,diagonally_dominant,64,1,after_eigen_multiple_rhs_benchmark,2294592,2.18829
eigen_partial_piv_lu,multiple_rhs,diagonally_dominant,64,2,before_multiple_rhs_problem_setup,2294592,2.18829
eigen_partial_piv_lu,multiple_rhs,diagonally_dominant,64,2,after_multiple_rhs_problem_setup,2294592,2.18829
eigen_partial_piv_lu,multiple_rhs,diagonally_dominant,64,2,before_eigen_multiple_rhs_benchmark,2294592,2.18829
eigen_partial_piv_lu,multiple_rhs,diagonally_dominant,64,2,after_eigen_multiple_rhs_benchmark,2294592,2.18829
eigen_partial_piv_lu,multiple_rhs,diagonally_dominant,64,2,before_eigen_multiple_rhs_benchmark,2294592,2.18829
eigen_partial_piv_lu,multiple_rhs,diagonally_dominant,64,2,after_eigen_multiple_rhs_benchmark,2294592,2.18829
eigen_partial_piv_lu,multiple_rhs,diagonally_dominant,64,2,before_eigen_multiple_rhs_benchmark,2294592,2.18829
eigen_partial_piv_lu,multiple_rhs,diagonally_dominant,64,2,after_eigen_multiple_rhs_benchmark,2294592,2.18829
eigen_partial_piv_lu,multiple_rhs,diagonally_dominant,64,2,before_eigen_multiple_rhs_benchmark,2294592,2.18829
eigen_partial_piv_lu,multiple_rhs,diagonally_dominant,64,2,after_eigen_multiple_rhs_benchmark,2294592,2.18829
eigen_partial_piv_lu,multiple_rhs,diagonally_dominant,64,2,before_eigen_multiple_rhs_benchmark,2294592,2.18829
eigen_partial_piv_lu,multiple_rhs,diagonally_dominant,64,2,after_eigen_multiple_rhs_benchmark,2294592,2.18829
eigen_partial_piv_lu,multiple_rhs,diagonally_dominant,64,3,before_multiple_rhs_problem_setup,2294592,2.18829
eigen_partial_piv_lu,multiple_rhs,diagonally_dominant,64,3,after_multiple_rhs_problem_setup,2294592,2.18829
eigen_partial_piv_lu,multiple_rhs,diagonally_dominant,64,3,before_eigen_multiple_rhs_benchmark,2294592,2.18829
eigen_partial_piv_lu,multiple_rhs,diagonally_dominant,64,3,after_eigen_multiple_rhs_benchmark,2294592,2.18829
eigen_partial_piv_lu,multiple_rhs,diagonally_dominant,64,3,before_eigen_multiple_rhs_benchmark,2294592,2.18829
eigen_partial_piv_lu,multiple_rhs,diagonally_dominant,64,3,after_eigen_multiple_rhs_benchmark,2294592,2.18829
eigen_partial_piv_lu,multiple_rhs,diagonally_dominant,64,3,before_eigen_multiple_rhs_benchmark,2294592,2.18829
eigen_partial_piv_lu,multiple_rhs,diagonally_dominant,64,3,after_eigen_multiple_rhs_benchmark,2327360,2.21954
eigen_partial_piv_lu,multiple_rhs,diagonally_dominant,64,3,before_eigen_multiple_rhs_benchmark,2327360,2.21954
eigen_partial_piv_lu,multiple_rhs,diagonally_dominant,64,3,after_eigen_multiple_rhs_benchmark,2327360,2.21954
eigen_partial_piv_lu,multiple_rhs,diagonally_dominant,64,3,before_eigen_multiple_rhs_benchmark,2327360,2.21954
eigen_partial_piv_lu,multiple_rhs,diagonally_dominant,64,3,after_eigen_multiple_rhs_benchmark,2327360,2.21954
eigen_partial_piv_lu,multiple_rhs,diagonally_dominant,64,4,before_multiple_rhs_problem_setup,2327360,2.21954
eigen_partial_piv_lu,multiple_rhs,diagonally_dominant,64,4,after_multiple_rhs_problem_setup,2327360,2.21954
eigen_partial_piv_lu,multiple_rhs,diagonally_dominant,64,4,before_eigen_multiple_rhs_benchmark,2327360,2.21954
eigen_partial_piv_lu,multiple_rhs,diagonally_dominant,64,4,after_eigen_multiple_rhs_benchmark,2327360,2.21954
eigen_partial_piv_lu,multiple_rhs,diagonally_dominant,64,4,before_eigen_multiple_rhs_benchmark,2327360,2.21954
eigen_partial_piv_lu,multiple_rhs,diagonally_dominant,64,4,after_eigen_multiple_rhs_benchmark,2327360,2.21954
eigen_partial_piv_lu,multiple_rhs,diagonally_dominant,64,4,before_eigen_multiple_rhs_benchmark,2327360,2.21954
eigen_partial_piv_lu,multiple_rhs,diagonally_dominant,64,4,after_eigen_multiple_rhs_benchmark,2327360,2.21954
eigen_partial_piv_lu,multiple_rhs,diagonally_dominant,64,4,before_eigen_multiple_rhs_benchmark,2327360,2.21954
eigen_partial_piv_lu,multiple_rhs,diagonally_dominant,64,4,after_eigen_multiple_rhs_benchmark,2327360,2.21954
eigen_partial_piv_lu,multiple_rhs,diagonally_dominant,64,4,before_eigen_multiple_rhs_benchmark,2327360,2.21954
eigen_partial_piv_lu,multiple_rhs,diagonally_dominant,64,4,after_eigen_multiple_rhs_benchmark,2327360,2.21954
eigen_partial_piv_lu,multiple_rhs,diagonally_dominant,64,5,before_multiple_rhs_problem_setup,2327360,2.21954
eigen_partial_piv_lu,multiple_rhs,diagonally_dominant,64,5,after_multiple_rhs_problem_setup,2327360,2.21954
eigen_partial_piv_lu,multiple_rhs,diagonally_dominant,64,5,before_eigen_multiple_rhs_benchmark,2327360,2.21954
eigen_partial_piv_lu,multiple_rhs,diagonally_dominant,64,5,after_eigen_multiple_rhs_benchmark,2327360,2.21954
eigen_partial_piv_lu,multiple_rhs,diagonally_dominant,64,5,before_eigen_multiple_rhs_benchmark,2327360,2.21954
eigen_partial_piv_lu,multiple_rhs,diagonally_dominant,64,5,after_eigen_multiple_rhs_benchmark,2327360,2.21954
eigen_partial_piv_lu,multiple_rhs,diagonally_dominant,64,5,before_eigen_multiple_rhs_benchmark,2327360,2.21954
eigen_partial_piv_lu,multiple_rhs,diagonally_dominant,64,5,after_eigen_multiple_rhs_benchmark,2327360,2.21954
eigen_partial_piv_lu,multiple_rhs,diagonally_dominant,64,5,before_eigen_multiple_rhs_benchmark,2327360,2.21954
eigen_partial_piv_lu,multiple_rhs,diagonally_dominant,64,5,after_eigen_multiple_rhs_benchmark,2327360,2.21954
eigen_partial_piv_lu,multiple_rhs,diagonally_dominant,64,5,before_eigen_multiple_rhs_benchmark,2327360,2.21954
eigen_partial_piv_lu,multiple_rhs,diagonally_dominant,64,5,after_eigen_multiple_rhs_benchmark,2327360,2.21954
eigen_partial_piv_lu,multiple_rhs,diagonally_dominant,64,6,before_multiple_rhs_problem_setup,2327360,2.21954
eigen_partial_piv_lu,multiple_rhs,diagonally_dominant,64,6,after_multiple_rhs_problem_setup,2327360,2.21954
eigen_partial_piv_lu,multiple_rhs,diagonally_dominant,64,6,before_eigen_multiple_rhs_benchmark,2327360,2.21954
eigen_partial_piv_lu,multiple_rhs,diagonally_dominant,64,6,after_eigen_multiple_rhs_benchmark,2327360,2.21954
eigen_partial_piv_lu,multiple_rhs,diagonally_dominant,64,6,before_eigen_multiple_rhs_benchmark,2327360,2.21954
eigen_partial_piv_lu,multiple_rhs,diagonally_dominant,64,6,after_eigen_multiple_rhs_benchmark,2327360,2.21954
eigen_partial_piv_lu,multiple_rhs,diagonally_dominant,64,6,before_eigen_multiple_rhs_benchmark,2327360,2.21954
eigen_partial_piv_lu,multiple_rhs,diagonally_dominant,64,6,after_eigen_multiple_rhs_benchmark,2327360,2.21954
eigen_partial_piv_lu,multiple_rhs,diagonally_dominant,64,6,before_eigen_multiple_rhs_benchmark,2327360,2.21954
eigen_partial_piv_lu,multiple_rhs,diagonally_dominant,64,6,after_eigen_multiple_rhs_benchmark,2327360,2.21954
eigen_partial_piv_lu,multiple_rhs,diagonally_dominant,64,6,before_eigen_multiple_rhs_benchmark,2327360,2.21954
eigen_partial_piv_lu,multiple_rhs,diagonally_dominant,64,6,after_eigen_multiple_rhs_benchmark,2327360,2.21954
eigen_partial_piv_lu,multiple_rhs,diagonally_dominant,64,7,before_multiple_rhs_problem_setup,2327360,2.21954
eigen_partial_piv_lu,multiple_rhs,diagonally_dominant,64,7,after_multiple_rhs_problem_setup,2327360,2.21954
eigen_partial_piv_lu,multiple_rhs,diagonally_dominant,64,7,before_eigen_multiple_rhs_benchmark,2327360,2.21954
eigen_partial_piv_lu,multiple_rhs,diagonally_dominant,64,7,after_eigen_multiple_rhs_benchmark,2327360,2.21954
eigen_partial_piv_lu,multiple_rhs,diagonally_dominant,64,7,before_eigen_multiple_rhs_benchmark,2327360,2.21954
eigen_partial_piv_lu,multiple_rhs,diagonally_dominant,64,7,after_eigen_multiple_rhs_benchmark,2327360,2.21954
eigen_partial_piv_lu,multiple_rhs,diagonally_dominant,64,7,before_eigen_multiple_rhs_benchmark,2327360,2.21954
eigen_partial_piv_lu,multiple_rhs,diagonally_dominant,64,7,after_eigen_multiple_rhs_benchmark,2327360,2.21954
eigen_partial_piv_lu,multiple_rhs,diagonally_dominant,64,7,before_eigen_multiple_rhs_benchmark,2327360,2.21954
eigen_partial_piv_lu,multiple_rhs,diagonally_dominant,64,7,after_eigen_multiple_rhs_benchmark,2327360,2.21954
eigen_partial_piv_lu,multiple_rhs,diagonally_dominant,64,7,before_eigen_multiple_rhs_benchmark,2327360,2.21954
eigen_partial_piv_lu,multiple_rhs,diagonally_dominant,64,7,after_eigen_multiple_rhs_benchmark,2327360,2.21954
eigen_partial_piv_lu,multiple_rhs,diagonally_dominant,64,8,before_multiple_rhs_problem_setup,2327360,2.21954
eigen_partial_piv_lu,multiple_rhs,diagonally_dominant,64,8,after_multiple_rhs_problem_setup,2327360,2.21954
eigen_partial_piv_lu,multiple_rhs,diagonally_dominant,64,8,before_eigen_multiple_rhs_benchmark,2327360,2.21954
eigen_partial_piv_lu,multiple_rhs,diagonally_dominant,64,8,after_eigen_multiple_rhs_benchmark,2343744,2.23517
eigen_partial_piv_lu,multiple_rhs,diagonally_dominant,64,8,before_eigen_multiple_rhs_benchmark,2343744,2.23517
eigen_partial_piv_lu,multiple_rhs,diagonally_dominant,64,8,after_eigen_multiple_rhs_benchmark,2343744,2.23517
eigen_partial_piv_lu,multiple_rhs,diagonally_dominant,64,8,before_eigen_multiple_rhs_benchmark,2343744,2.23517
eigen_partial_piv_lu,multiple_rhs,diagonally_dominant,64,8,after_eigen_multiple_rhs_benchmark,2343744,2.23517
eigen_partial_piv_lu,multiple_rhs,diagonally_dominant,64,8,before_eigen_multiple_rhs_benchmark,2343744,2.23517
eigen_partial_piv_lu,multiple_rhs,diagonally_dominant,64,8,after_eigen_multiple_rhs_benchmark,2343744,2.23517
eigen_partial_piv_lu,multiple_rhs,diagonally_dominant,64,8,before_eigen_multiple_rhs_benchmark,2343744,2.23517
eigen_partial_piv_lu,multiple_rhs,diagonally_dominant,64,8,after_eigen_multiple_rhs_benchmark,2343744,2.23517
eigen_partial_piv_lu,multiple_rhs,diagonally_dominant,64,9,before_multiple_rhs_problem_setup,2343744,2.23517
eigen_partial_piv_lu,multiple_rhs,diagonally_dominant,64,9,after_multiple_rhs_problem_setup,2343744,2.23517
eigen_partial_piv_lu,multiple_rhs,diagonally_dominant,64,9,before_eigen_multiple_rhs_benchmark,2343744,2.23517
eigen_partial_piv_lu,multiple_rhs,diagonally_dominant,64,9,after_eigen_multiple_rhs_benchmark,2343744,2.23517
eigen_partial_piv_lu,multiple_rhs,diagonally_dominant,64,9,before_eigen_multiple_rhs_benchmark,2343744,2.23517
eigen_partial_piv_lu,multiple_rhs,diagonally_dominant,64,9,after_eigen_multiple_rhs_benchmark,2343744,2.23517
eigen_partial_piv_lu,multiple_rhs,diagonally_dominant,64,9,before_eigen_multiple_rhs_benchmark,2343744,2.23517
eigen_partial_piv_lu,multiple_rhs,diagonally_dominant,64,9,after_eigen_multiple_rhs_benchmark,2343744,2.23517
eigen_partial_piv_lu,multiple_rhs,diagonally_dominant,64,9,before_eigen_multiple_rhs_benchmark,2343744,2.23517
eigen_partial_piv_lu,multiple_rhs,diagonally_dominant,64,9,after_eigen_multiple_rhs_benchmark,2343744,2.23517
eigen_partial_piv_lu,multiple_rhs,diagonally_dominant,64,9,before_eigen_multiple_rhs_benchmark,2343744,2.23517
eigen_partial_piv_lu,multiple_rhs,diagonally_dominant,64,9,after_eigen_multiple_rhs_benchmark,2343744,2.23517
eigen_partial_piv_lu,multiple_rhs,diagonally_dominant,64,10,before_multiple_rhs_problem_setup,2343744,2.23517
eigen_partial_piv_lu,multiple_rhs,diagonally_dominant,64,10,after_multiple_rhs_problem_setup,2343744,2.23517
eigen_partial_piv_lu,multiple_rhs,diagonally_dominant,64,10,before_eigen_multiple_rhs_benchmark,2343744,2.23517
eigen_partial_piv_lu,multiple_rhs,diagonally_dominant,64,10,after_eigen_multiple_rhs_benchmark,2343744,2.23517
eigen_partial_piv_lu,multiple_rhs,diagonally_dominant,64,10,before_eigen_multiple_rhs_benchmark,2343744,2.23517
eigen_partial_piv_lu,multiple_rhs,diagonally_dominant,64,10,after_eigen_multiple_rhs_benchmark,2343744,2.23517
eigen_partial_piv_lu,multiple_rhs,diagonally_dominant,64,10,before_eigen_multiple_rhs_benchmark,2343744,2.23517
eigen_partial_piv_lu,multiple_rhs,diagonally_dominant,64,10,after_eigen_multiple_rhs_benchmark,2343744,2.23517
eigen_partial_piv_lu,multiple_rhs,diagonally_dominant,64,10,before_eigen_multiple_rhs_benchmark,2343744,2.23517
eigen_partial_piv_lu,multiple_rhs,diagonally_dominant,64,10,after_eigen_multiple_rhs_benchmark,2343744,2.23517
eigen_partial_piv_lu,multiple_rhs,diagonally_dominant,64,10,before_eigen_multiple_rhs_benchmark,2343744,2.23517
eigen_partial_piv_lu,multiple_rhs,diagonally_dominant,64,10,after_eigen_multiple_rhs_benchmark,2343744,2.23517
eigen_partial_piv_lu,multiple_rhs,diagonally_dominant,64,11,before_multiple_rhs_problem_setup,2343744,2.23517
eigen_partial_piv_lu,multiple_rhs,diagonally_dominant,64,11,after_multiple_rhs_problem_setup,2343744,2.23517
eigen_partial_piv_lu,multiple_rhs,diagonally_dominant,64,11,before_eigen_multiple_rhs_benchmark,2343744,2.23517
eigen_partial_piv_lu,multiple_rhs,diagonally_dominant,64,11,after_eigen_multiple_rhs_benchmark,2343744,2.23517
eigen_partial_piv_lu,multiple_rhs,diagonally_dominant,64,11,before_eigen_multiple_rhs_benchmark,2343744,2.23517
eigen_partial_piv_lu,multiple_rhs,diagonally_dominant,64,11,after_eigen_multiple_rhs_benchmark,2343744,2.23517
eigen_partial_piv_lu,multiple_rhs,diagonally_dominant,64,11,before_eigen_multiple_rhs_benchmark,2343744,2.23517
eigen_partial_piv_lu,multiple_rhs,diagonally_dominant,64,11,after_eigen_multiple_rhs_benchmark,2343744,2.23517
eigen_partial_piv_lu,multiple_rhs,diagonally_dominant,64,11,before_eigen_multiple_rhs_benchmark,2343744,2.23517
eigen_partial_piv_lu,multiple_rhs,diagonally_dominant,64,11,after_eigen_multiple_rhs_benchmark,2343744,2.23517
eigen_partial_piv_lu,multiple_rhs,diagonally_dominant,64,11,before_eigen_multiple_rhs_benchmark,2343744,2.23517
eigen_partial_piv_lu,multiple_rhs,diagonally_dominant,64,11,after_eigen_multiple_rhs_benchmark,2343744,2.23517
eigen_partial_piv_lu,multiple_rhs,diagonally_dominant,64,12,before_multiple_rhs_problem_setup,2343744,2.23517
eigen_partial_piv_lu,multiple_rhs,diagonally_dominant,64,12,after_multiple_rhs_problem_setup,2343744,2.23517
eigen_partial_piv_lu,multiple_rhs,diagonally_dominant,64,12,before_eigen_multiple_rhs_benchmark,2343744,2.23517
eigen_partial_piv_lu,multiple_rhs,diagonally_dominant,64,12,after_eigen_multiple_rhs_benchmark,2343744,2.23517
eigen_partial_piv_lu,multiple_rhs,diagonally_dominant,64,12,before_eigen_multiple_rhs_benchmark,2343744,2.23517
eigen_partial_piv_lu,multiple_rhs,diagonally_dominant,64,12,after_eigen_multiple_rhs_benchmark,2343744,2.23517
eigen_partial_piv_lu,multiple_rhs,diagonally_dominant,64,12,before_eigen_multiple_rhs_benchmark,2343744,2.23517
eigen_partial_piv_lu,multiple_rhs,diagonally_dominant,64,12,after_eigen_multiple_rhs_benchmark,2343744,2.23517
eigen_partial_piv_lu,multiple_rhs,diagonally_dominant,64,12,before_eigen_multiple_rhs_benchmark,2343744,2.23517
eigen_partial_piv_lu,multiple_rhs,diagonally_dominant,64,12,after_eigen_multiple_rhs_benchmark,2343744,2.23517
eigen_partial_piv_lu,multiple_rhs,diagonally_dominant,64,12,before_eigen_multiple_rhs_benchmark,2343744,2.23517
eigen_partial_piv_lu,multiple_rhs,diagonally_dominant,64,12,after_eigen_multiple_rhs_benchmark,2343744,2.23517
eigen_partial_piv_lu,multiple_rhs,diagonally_dominant,64,13,before_multiple_rhs_problem_setup,2343744,2.23517
eigen_partial_piv_lu,multiple_rhs,diagonally_dominant,64,13,after_multiple_rhs_problem_setup,2343744,2.23517
eigen_partial_piv_lu,multiple_rhs,diagonally_dominant,64,13,before_eigen_multiple_rhs_benchmark,2343744,2.23517
eigen_partial_piv_lu,multiple_rhs,diagonally_dominant,64,13,after_eigen_multiple_rhs_benchmark,2343744,2.23517
eigen_partial_piv_lu,multiple_rhs,diagonally_dominant,64,13,before_eigen_multiple_rhs_benchmark,2343744,2.23517
eigen_partial_piv_lu,multiple_rhs,diagonally_dominant,64,13,after_eigen_multiple_rhs_benchmark,2343744,2.23517
eigen_partial_piv_lu,multiple_rhs,diagonally_dominant,64,13,before_eigen_multiple_rhs_benchmark,2343744,2.23517
eigen_partial_piv_lu,multiple_rhs,diagonally_dominant,64,13,after_eigen_multiple_rhs_benchmark,2343744,2.23517
eigen_partial_piv_lu,multiple_rhs,diagonally_dominant,64,13,before_eigen_multiple_rhs_benchmark,2343744,2.23517
eigen_partial_piv_lu,multiple_rhs,diagonally_dominant,64,13,after_eigen_multiple_rhs_benchmark,2343744,2.23517
eigen_partial_piv_lu,multiple_rhs,diagonally_dominant,64,13,before_eigen_multiple_rhs_benchmark,2343744,2.23517
eigen_partial_piv_lu,multiple_rhs,diagonally_dominant,64,13,after_eigen_multiple_rhs_benchmark,2343744,2.23517
eigen_partial_piv_lu,multiple_rhs,diagonally_dominant,64,14,before_multiple_rhs_problem_setup,2343744,2.23517
eigen_partial_piv_lu,multiple_rhs,diagonally_dominant,64,14,after_multiple_rhs_problem_setup,2343744,2.23517
eigen_partial_piv_lu,multiple_rhs,diagonally_dominant,64,14,before_eigen_multiple_rhs_benchmark,2343744,2.23517
eigen_partial_piv_lu,multiple_rhs,diagonally_dominant,64,14,after_eigen_multiple_rhs_benchmark,2343744,2.23517
eigen_partial_piv_lu,multiple_rhs,diagonally_dominant,64,14,before_eigen_multiple_rhs_benchmark,2343744,2.23517
eigen_partial_piv_lu,multiple_rhs,diagonally_dominant,64,14,after_eigen_multiple_rhs_benchmark,2343744,2.23517
eigen_partial_piv_lu,multiple_rhs,diagonally_dominant,64,14,before_eigen_multiple_rhs_benchmark,2343744,2.23517
eigen_partial_piv_lu,multiple_rhs,diagonally_dominant,64,14,after_eigen_multiple_rhs_benchmark,2343744,2.23517
eigen_partial_piv_lu,multiple_rhs,diagonally_dominant,64,14,before_eigen_multiple_rhs_benchmark,2343744,2.23517
eigen_partial_piv_lu,multiple_rhs,diagonally_dominant,64,14,after_eigen_multiple_rhs_benchmark,2343744,2.23517
eigen_partial_piv_lu,multiple_rhs,diagonally_dominant,64,14,before_eigen_multiple_rhs_benchmark,2343744,2.23517
eigen_partial_piv_lu,multiple_rhs,diagonally_dominant,64,14,after_eigen_multiple_rhs_benchmark,2343744,2.23517
eigen_partial_piv_lu,multiple_rhs,random_dense,128,0,before_multiple_rhs_problem_setup,2343744,2.23517
eigen_partial_piv_lu,multiple_rhs,random_dense,128,0,after_multiple_rhs_problem_setup,2343744,2.23517
eigen_partial_piv_lu,multiple_rhs,random_dense,128,0,before_eigen_multiple_rhs_benchmark,2343744,2.23517
eigen_partial_piv_lu,multiple_rhs,random_dense,128,0,after_eigen_multiple_rhs_benchmark,2343744,2.23517
eigen_partial_piv_lu,multiple_rhs,random_dense,128,0,before_eigen_multiple_rhs_benchmark,2343744,2.23517
eigen_partial_piv_lu,multiple_rhs,random_dense,128,0,after_eigen_multiple_rhs_benchmark,2343744,2.23517
eigen_partial_piv_lu,multiple_rhs,random_dense,128,0,before_eigen_multiple_rhs_benchmark,2343744,2.23517
eigen_partial_piv_lu,multiple_rhs,random_dense,128,0,after_eigen_multiple_rhs_benchmark,2343744,2.23517
eigen_partial_piv_lu,multiple_rhs,random_dense,128,0,before_eigen_multiple_rhs_benchmark,2343744,2.23517
eigen_partial_piv_lu,multiple_rhs,random_dense,128,0,after_eigen_multiple_rhs_benchmark,2343744,2.23517
eigen_partial_piv_lu,multiple_rhs,random_dense,128,0,before_eigen_multiple_rhs_benchmark,2343744,2.23517
eigen_partial_piv_lu,multiple_rhs,random_dense,128,0,after_eigen_multiple_rhs_benchmark,2343744,2.23517
eigen_partial_piv_lu,multiple_rhs,random_dense,128,1,before_multiple_rhs_problem_setup,2343744,2.23517
eigen_partial_piv_lu,multiple_rhs,random_dense,128,1,after_multiple_rhs_problem_setup,2343744,2.23517
eigen_partial_piv_lu,multiple_rhs,random_dense,128,1,before_eigen_multiple_rhs_benchmark,2343744,2.23517
eigen_partial_piv_lu,multiple_rhs,random_dense,128,1,after_eigen_multiple_rhs_benchmark,2343744,2.23517
eigen_partial_piv_lu,multiple_rhs,random_dense,128,1,before_eigen_multiple_rhs_benchmark,2343744,2.23517
eigen_partial_piv_lu,multiple_rhs,random_dense,128,1,after_eigen_multiple_rhs_benchmark,2343744,2.23517
eigen_partial_piv_lu,multiple_rhs,random_dense,128,1,before_eigen_multiple_rhs_benchmark,2343744,2.23517
eigen_partial_piv_lu,multiple_rhs,random_dense,128,1,after_eigen_multiple_rhs_benchmark,2343744,2.23517
eigen_partial_piv_lu,multiple_rhs,random_dense,128,1,before_eigen_multiple_rhs_benchmark,2343744,2.23517
eigen_partial_piv_lu,multiple_rhs,random_dense,128,1,after_eigen_multiple_rhs_benchmark,2343744,2.23517
eigen_partial_piv_lu,multiple_rhs,random_dense,128,1,before_eigen_multiple_rhs_benchmark,2343744,2.23517
eigen_partial_piv_lu,multiple_rhs,random_dense,128,1,after_eigen_multiple_rhs_benchmark,2343744,2.23517
eigen_partial_piv_lu,multiple_rhs,random_dense,128,2,before_multiple_rhs_problem_setup,2343744,2.23517
eigen_partial_piv_lu,multiple_rhs,random_dense,128,2,after_multiple_rhs_problem_setup,2343744,2.23517
eigen_partial_piv_lu,multiple_rhs,random_dense,128,2,before_eigen_multiple_rhs_benchmark,2343744,2.23517
eigen_partial_piv_lu,multiple_rhs,random_dense,128,2,after_eigen_multiple_rhs_benchmark,2343744,2.23517
eigen_partial_piv_lu,multiple_rhs,random_dense,128,2,before_eigen_multiple_rhs_benchmark,2343744,2.23517
eigen_partial_piv_lu,multiple_rhs,random_dense,128,2,after_eigen_multiple_rhs_benchmark,2343744,2.23517
eigen_partial_piv_lu,multiple_rhs,random_dense,128,2,before_eigen_multiple_rhs_benchmark,2343744,2.23517
eigen_partial_piv_lu,multiple_rhs,random_dense,128,2,after_eigen_multiple_rhs_benchmark,2343744,2.23517
eigen_partial_piv_lu,multiple_rhs,random_dense,128,2,before_eigen_multiple_rhs_benchmark,2343744,2.23517
eigen_partial_piv_lu,multiple_rhs,random_dense,128,2,after_eigen_multiple_rhs_benchmark,2343744,2.23517
eigen_partial_piv_lu,multiple_rhs,random_dense,128,2,before_eigen_multiple_rhs_benchmark,2343744,2.23517
eigen_partial_piv_lu,multiple_rhs,random_dense,128,2,after_eigen_multiple_rhs_benchmark,2343744,2.23517
eigen_partial_piv_lu,multiple_rhs,random_dense,128,3,before_multiple_rhs_problem_setup,2343744,2.23517
eigen_partial_piv_lu,multiple_rhs,random_dense,128,3,after_multiple_rhs_problem_setup,2343744,2.23517
eigen_partial_piv_lu,multiple_rhs,random_dense,128,3,before_eigen_multiple_rhs_benchmark,2343744,2.23517
eigen_partial_piv_lu,multiple_rhs,random_dense,128,3,after_eigen_multiple_rhs_benchmark,2343744,2.23517
eigen_partial_piv_lu,multiple_rhs,random_dense,128,3,before_eigen_multiple_rhs_benchmark,2343744,2.23517
eigen_partial_piv_lu,multiple_rhs,random_dense,128,3,after_eigen_multiple_rhs_benchmark,2343744,2.23517
eigen_partial_piv_lu,multiple_rhs,random_dense,128,3,before_eigen_multiple_rhs_benchmark,2343744,2.23517
eigen_partial_piv_lu,multiple_rhs,random_dense,128,3,after_eigen_multiple_rhs_benchmark,2343744,2.23517
eigen_partial_piv_lu,multiple_rhs,random_dense,128,3,before_eigen_multiple_rhs_benchmark,2343744,2.23517
eigen_partial_piv_lu,multiple_rhs,random_dense,128,3,after_eigen_multiple_rhs_benchmark,2343744,2.23517
eigen_partial_piv_lu,multiple_rhs,random_dense,128,3,before_eigen_multiple_rhs_benchmark,2343744,2.23517
eigen_partial_piv_lu,multiple_rhs,random_dense,128,3,after_eigen_multiple_rhs_benchmark,2343744,2.23517
eigen_partial_piv_lu,multiple_rhs,random_dense,128,4,before_multiple_rhs_problem_setup,2343744,2.23517
eigen_partial_piv_lu,multiple_rhs,random_dense,128,4,after_multiple_rhs_problem_setup,2343744,2.23517
eigen_partial_piv_lu,multiple_rhs,random_dense,128,4,before_eigen_multiple_rhs_benchmark,2343744,2.23517
eigen_partial_piv_lu,multiple_rhs,random_dense,128,4,after_eigen_multiple_rhs_benchmark,2343744,2.23517
eigen_partial_piv_lu,multiple_rhs,random_dense,128,4,before_eigen_multiple_rhs_benchmark,2343744,2.23517
eigen_partial_piv_lu,multiple_rhs,random_dense,128,4,after_eigen_multiple_rhs_benchmark,2343744,2.23517
eigen_partial_piv_lu,multiple_rhs,random_dense,128,4,before_eigen_multiple_rhs_benchmark,2343744,2.23517
eigen_partial_piv_lu,multiple_rhs,random_dense,128,4,after_eigen_multiple_rhs_benchmark,2343744,2.23517
eigen_partial_piv_lu,multiple_rhs,random_dense,128,4,before_eigen_multiple_rhs_benchmark,2343744,2.23517
eigen_partial_piv_lu,multiple_rhs,random_dense,128,4,after_eigen_multiple_rhs_benchmark,2343744,2.23517
eigen_partial_piv_lu,multiple_rhs,random_dense,128,4,before_eigen_multiple_rhs_benchmark,2343744,2.23517
eigen_partial_piv_lu,multiple_rhs,random_dense,128,4,after_eigen_multiple_rhs_benchmark,2343744,2.23517
eigen_partial_piv_lu,multiple_rhs,random_dense,128,5,before_multiple_rhs_problem_setup,2343744,2.23517
eigen_partial_piv_lu,multiple_rhs,random_dense,128,5,after_multiple_rhs_problem_setup,2343744,2.23517
eigen_partial_piv_lu,multiple_rhs,random_dense,128,5,before_eigen_multiple_rhs_benchmark,2343744,2.23517
eigen_partial_piv_lu,multiple_rhs,random_dense,128,5,after_eigen_multiple_rhs_benchmark,2343744,2.23517
eigen_partial_piv_lu,multiple_rhs,random_dense,128,5,before_eigen_multiple_rhs_benchmark,2343744,2.23517
eigen_partial_piv_lu,multiple_rhs,random_dense,128,5,after_eigen_multiple_rhs_benchmark,2343744,2.23517
eigen_partial_piv_lu,multiple_rhs,random_dense,128,5,before_eigen_multiple_rhs_benchmark,2343744,2.23517
eigen_partial_piv_lu,multiple_rhs,random_dense,128,5,after_eigen_multiple_rhs_benchmark,2343744,2.23517
eigen_partial_piv_lu,multiple_rhs,random_dense,128,5,before_eigen_multiple_rhs_benchmark,2343744,2.23517
eigen_partial_piv_lu,multiple_rhs,random_dense,128,5,after_eigen_multiple_rhs_benchmark,2343744,2.23517
eigen_partial_piv_lu,multiple_rhs,random_dense,128,5,before_eigen_multiple_rhs_benchmark,2343744,2.23517
eigen_partial_piv_lu,multiple_rhs,random_dense,128,5,after_eigen_multiple_rhs_benchmark,2343744,2.23517
eigen_partial_piv_lu,multiple_rhs,random_dense,128,6,before_multiple_rhs_problem_setup,2343744,2.23517
eigen_partial_piv_lu,multiple_rhs,random_dense,128,6,after_multiple_rhs_problem_setup,2343744,2.23517
eigen_partial_piv_lu,multiple_rhs,random_dense,128,6,before_eigen_multiple_rhs_benchmark,2343744,2.23517
eigen_partial_piv_lu,multiple_rhs,random_dense,128,6,after_eigen_multiple_rhs_benchmark,2343744,2.23517
eigen_partial_piv_lu,multiple_rhs,random_dense,128,6,before_eigen_multiple_rhs_benchmark,2343744,2.23517
eigen_partial_piv_lu,multiple_rhs,random_dense,128,6,after_eigen_multiple_rhs_benchmark,2343744,2.23517
eigen_partial_piv_lu,multiple_rhs,random_dense,128,6,before_eigen_multiple_rhs_benchmark,2343744,2.23517
eigen_partial_piv_lu,multiple_rhs,random_dense,128,6,after_eigen_multiple_rhs_benchmark,2343744,2.23517
eigen_partial_piv_lu,multiple_rhs,random_dense,128,6,before_eigen_multiple_rhs_benchmark,2343744,2.23517
eigen_partial_piv_lu,multiple_rhs,random_dense,128,6,after_eigen_multiple_rhs_benchmark,2343744,2.23517
eigen_partial_piv_lu,multiple_rhs,random_dense,128,6,before_eigen_multiple_rhs_benchmark,2343744,2.23517
eigen_partial_piv_lu,multiple_rhs,random_dense,128,6,after_eigen_multiple_rhs_benchmark,2343744,2.23517
eigen_partial_piv_lu,multiple_rhs,random_dense,128,7,before_multiple_rhs_problem_setup,2343744,2.23517
eigen_partial_piv_lu,multiple_rhs,random_dense,128,7,after_multiple_rhs_problem_setup,2343744,2.23517
eigen_partial_piv_lu,multiple_rhs,random_dense,128,7,before_eigen_multiple_rhs_benchmark,2343744,2.23517
eigen_partial_piv_lu,multiple_rhs,random_dense,128,7,after_eigen_multiple_rhs_benchmark,2343744,2.23517
eigen_partial_piv_lu,multiple_rhs,random_dense,128,7,before_eigen_multiple_rhs_benchmark,2343744,2.23517
eigen_partial_piv_lu,multiple_rhs,random_dense,128,7,after_eigen_multiple_rhs_benchmark,2343744,2.23517
eigen_partial_piv_lu,multiple_rhs,random_dense,128,7,before_eigen_multiple_rhs_benchmark,2343744,2.23517
eigen_partial_piv_lu,multiple_rhs,random_dense,128,7,after_eigen_multiple_rhs_benchmark,2343744,2.23517
eigen_partial_piv_lu,multiple_rhs,random_dense,128,7,before_eigen_multiple_rhs_benchmark,2343744,2.23517
eigen_partial_piv_lu,multiple_rhs,random_dense,128,7,after_eigen_multiple_rhs_benchmark,2343744,2.23517
eigen_partial_piv_lu,multiple_rhs,random_dense,128,7,before_eigen_multiple_rhs_benchmark,2343744,2.23517
eigen_partial_piv_lu,multiple_rhs,random_dense,128,7,after_eigen_multiple_rhs_benchmark,2343744,2.23517
eigen_partial_piv_lu,multiple_rhs,random_dense,128,8,before_multiple_rhs_problem_setup,2343744,2.23517
eigen_partial_piv_lu,multiple_rhs,random_dense,128,8,after_multiple_rhs_problem_setup,2343744,2.23517
eigen_partial_piv_lu,multiple_rhs,random_dense,128,8,before_eigen_multiple_rhs_benchmark,2343744,2.23517
eigen_partial_piv_lu,multiple_rhs,random_dense,128,8,after_eigen_multiple_rhs_benchmark,2343744,2.23517
eigen_partial_piv_lu,multiple_rhs,random_dense,128,8,before_eigen_multiple_rhs_benchmark,2343744,2.23517
eigen_partial_piv_lu,multiple_rhs,random_dense,128,8,after_eigen_multiple_rhs_benchmark,2343744,2.23517
eigen_partial_piv_lu,multiple_rhs,random_dense,128,8,before_eigen_multiple_rhs_benchmark,2343744,2.23517
eigen_partial_piv_lu,multiple_rhs,random_dense,128,8,after_eigen_multiple_rhs_benchmark,2343744,2.23517
eigen_partial_piv_lu,multiple_rhs,random_dense,128,8,before_eigen_multiple_rhs_benchmark,2343744,2.23517
eigen_partial_piv_lu,multiple_rhs,random_dense,128,8,after_eigen_multiple_rhs_benchmark,2343744,2.23517
eigen_partial_piv_lu,multiple_rhs,random_dense,128,8,before_eigen_multiple_rhs_benchmark,2343744,2.23517
eigen_partial_piv_lu,multiple_rhs,random_dense,128,8,after_eigen_multiple_rhs_benchmark,2343744,2.23517
eigen_partial_piv_lu,multiple_rhs,random_dense,128,9,before_multiple_rhs_problem_setup,2343744,2.23517
eigen_partial_piv_lu,multiple_rhs,random_dense,128,9,after_multiple_rhs_problem_setup,2343744,2.23517
eigen_partial_piv_lu,multiple_rhs,random_dense,128,9,before_eigen_multiple_rhs_benchmark,2343744,2.23517
eigen_partial_piv_lu,multiple_rhs,random_dense,128,9,after_eigen_multiple_rhs_benchmark,2343744,2.23517
eigen_partial_piv_lu,multiple_rhs,random_dense,128,9,before_eigen_multiple_rhs_benchmark,2343744,2.23517
eigen_partial_piv_lu,multiple_rhs,random_dense,128,9,after_eigen_multiple_rhs_benchmark,2343744,2.23517
eigen_partial_piv_lu,multiple_rhs,random_dense,128,9,before_eigen_multiple_rhs_benchmark,2343744,2.23517
eigen_partial_piv_lu,multiple_rhs,random_dense,128,9,after_eigen_multiple_rhs_benchmark,2343744,2.23517
eigen_partial_piv_lu,multiple_rhs,random_dense,128,9,before_eigen_multiple_rhs_benchmark,2343744,2.23517
eigen_partial_piv_lu,multiple_rhs,random_dense,128,9,after_eigen_multiple_rhs_benchmark,2343744,2.23517
eigen_partial_piv_lu,multiple_rhs,random_dense,128,9,before_eigen_multiple_rhs_benchmark,2343744,2.23517
eigen_partial_piv_lu,multiple_rhs,random_dense,128,9,after_eigen_multiple_rhs_benchmark,2343744,2.23517
eigen_partial_piv_lu,multiple_rhs,random_dense,128,10,before_multiple_rhs_problem_setup,2343744,2.23517
eigen_partial_piv_lu,multiple_rhs,random_dense,128,10,after_multiple_rhs_problem_setup,2343744,2.23517
eigen_partial_piv_lu,multiple_rhs,random_dense,128,10,before_eigen_multiple_rhs_benchmark,2343744,2.23517
eigen_partial_piv_lu,multiple_rhs,random_dense,128,10,after_eigen_multiple_rhs_benchmark,2343744,2.23517
eigen_partial_piv_lu,multiple_rhs,random_dense,128,10,before_eigen_multiple_rhs_benchmark,2343744,2.23517
eigen_partial_piv_lu,multiple_rhs,random_dense,128,10,after_eigen_multiple_rhs_benchmark,2343744,2.23517
eigen_partial_piv_lu,multiple_rhs,random_dense,128,10,before_eigen_multiple_rhs_benchmark,2343744,2.23517
eigen_partial_piv_lu,multiple_rhs,random_dense,128,10,after_eigen_multiple_rhs_benchmark,2343744,2.23517
eigen_partial_piv_lu,multiple_rhs,random_dense,128,10,before_eigen_multiple_rhs_benchmark,2343744,2.23517
eigen_partial_piv_lu,multiple_rhs,random_dense,128,10,after_eigen_multiple_rhs_benchmark,2343744,2.23517
eigen_partial_piv_lu,multiple_rhs,random_dense,128,10,before_eigen_multiple_rhs_benchmark,2343744,2.23517
eigen_partial_piv_lu,multiple_rhs,random_dense,128,10,after_eigen_multiple_rhs_benchmark,2343744,2.23517
eigen_partial_piv_lu,multiple_rhs,random_dense,128,11,before_multiple_rhs_problem_setup,2343744,2.23517
eigen_partial_piv_lu,multiple_rhs,random_dense,128,11,after_multiple_rhs_problem_setup,2343744,2.23517
eigen_partial_piv_lu,multiple_rhs,random_dense,128,11,before_eigen_multiple_rhs_benchmark,2343744,2.23517
eigen_partial_piv_lu,multiple_rhs,random_dense,128,11,after_eigen_multiple_rhs_benchmark,2343744,2.23517
eigen_partial_piv_lu,multiple_rhs,random_dense,128,11,before_eigen_multiple_rhs_benchmark,2343744,2.23517
eigen_partial_piv_lu,multiple_rhs,random_dense,128,11,after_eigen_multiple_rhs_benchmark,2343744,2.23517
eigen_partial_piv_lu,multiple_rhs,random_dense,128,11,before_eigen_multiple_rhs_benchmark,2343744,2.23517
eigen_partial_piv_lu,multiple_rhs,random_dense,128,11,after_eigen_multiple_rhs_benchmark,2343744,2.23517
eigen_partial_piv_lu,multiple_rhs,random_dense,128,11,before_eigen_multiple_rhs_benchmark,2343744,2.23517
eigen_partial_piv_lu,multiple_rhs,random_dense,128,11,after_eigen_multiple_rhs_benchmark,2343744,2.23517
eigen_partial_piv_lu,multiple_rhs,random_dense,128,11,before_eigen_multiple_rhs_benchmark,2343744,2.23517
eigen_partial_piv_lu,multiple_rhs,random_dense,128,11,after_eigen_multiple_rhs_benchmark,2343744,2.23517
eigen_partial_piv_lu,multiple_rhs,random_dense,128,12,before_multiple_rhs_problem_setup,2343744,2.23517
eigen_partial_piv_lu,multiple_rhs,random_dense,128,12,after_multiple_rhs_problem_setup,2343744,2.23517
eigen_partial_piv_lu,multiple_rhs,random_dense,128,12,before_eigen_multiple_rhs_benchmark,2343744,2.23517
eigen_partial_piv_lu,multiple_rhs,random_dense,128,12,after_eigen_multiple_rhs_benchmark,2343744,2.23517
eigen_partial_piv_lu,multiple_rhs,random_dense,128,12,before_eigen_multiple_rhs_benchmark,2343744,2.23517
eigen_partial_piv_lu,multiple_rhs,random_dense,128,12,after_eigen_multiple_rhs_benchmark,2343744,2.23517
eigen_partial_piv_lu,multiple_rhs,random_dense,128,12,before_eigen_multiple_rhs_benchmark,2343744,2.23517
eigen_partial_piv_lu,multiple_rhs,random_dense,128,12,after_eigen_multiple_rhs_benchmark,2343744,2.23517
eigen_partial_piv_lu,multiple_rhs,random_dense,128,12,before_eigen_multiple_rhs_benchmark,2343744,2.23517
eigen_partial_piv_lu,multiple_rhs,random_dense,128,12,after_eigen_multiple_rhs_benchmark,2343744,2.23517
eigen_partial_piv_lu,multiple_rhs,random_dense,128,12,before_eigen_multiple_rhs_benchmark,2343744,2.23517
eigen_partial_piv_lu,multiple_rhs,random_dense,128,12,after_eigen_multiple_rhs_benchmark,2343744,2.23517
eigen_partial_piv_lu,multiple_rhs,random_dense,128,13,before_multiple_rhs_problem_setup,2343744,2.23517
eigen_partial_piv_lu,multiple_rhs,random_dense,128,13,after_multiple_rhs_problem_setup,2343744,2.23517
eigen_partial_piv_lu,multiple_rhs,random_dense,128,13,before_eigen_multiple_rhs_benchmark,2343744,2.23517
eigen_partial_piv_lu,multiple_rhs,random_dense,128,13,after_eigen_multiple_rhs_benchmark,2343744,2.23517
eigen_partial_piv_lu,multiple_rhs,random_dense,128,13,before_eigen_multiple_rhs_benchmark,2343744,2.23517
eigen_partial_piv_lu,multiple_rhs,random_dense,128,13,after_eigen_multiple_rhs_benchmark,2343744,2.23517
eigen_partial_piv_lu,multiple_rhs,random_dense,128,13,before_eigen_multiple_rhs_benchmark,2343744,2.23517
eigen_partial_piv_lu,multiple_rhs,random_dense,128,13,after_eigen_multiple_rhs_benchmark,2343744,2.23517
eigen_partial_piv_lu,multiple_rhs,random_dense,128,13,before_eigen_multiple_rhs_benchmark,2343744,2.23517
eigen_partial_piv_lu,multiple_rhs,random_dense,128,13,after_eigen_multiple_rhs_benchmark,2343744,2.23517
eigen_partial_piv_lu,multiple_rhs,random_dense,128,13,before_eigen_multiple_rhs_benchmark,2343744,2.23517
eigen_partial_piv_lu,multiple_rhs,random_dense,128,13,after_eigen_multiple_rhs_benchmark,2343744,2.23517
eigen_partial_piv_lu,multiple_rhs,random_dense,128,14,before_multiple_rhs_problem_setup,2343744,2.23517
eigen_partial_piv_lu,multiple_rhs,random_dense,128,14,after_multiple_rhs_problem_setup,2343744,2.23517
eigen_partial_piv_lu,multiple_rhs,random_dense,128,14,before_eigen_multiple_rhs_benchmark,2343744,2.23517
eigen_partial_piv_lu,multiple_rhs,random_dense,128,14,after_eigen_multiple_rhs_benchmark,2343744,2.23517
eigen_partial_piv_lu,multiple_rhs,random_dense,128,14,before_eigen_multiple_rhs_benchmark,2343744,2.23517
eigen_partial_piv_lu,multiple_rhs,random_dense,128,14,after_eigen_multiple_rhs_benchmark,2343744,2.23517
eigen_partial_piv_lu,multiple_rhs,random_dense,128,14,before_eigen_multiple_rhs_benchmark,2343744,2.23517
eigen_partial_piv_lu,multiple_rhs,random_dense,128,14,after_eigen_multiple_rhs_benchmark,2343744,2.23517
eigen_partial_piv_lu,multiple_rhs,random_dense,128,14,before_eigen_multiple_rhs_benchmark,2343744,2.23517
eigen_partial_piv_lu,multiple_rhs,random_dense,128,14,after_eigen_multiple_rhs_benchmark,2343744,2.23517
eigen_partial_piv_lu,multiple_rhs,random_dense,128,14,before_eigen_multiple_rhs_benchmark,2343744,2.23517
eigen_partial_piv_lu,multiple_rhs,random_dense,128,14,after_eigen_multiple_rhs_benchmark,2343744,2.23517
eigen_partial_piv_lu,multiple_rhs,diagonally_dominant,128,0,before_multiple_rhs_problem_setup,2343744,2.23517
eigen_partial_piv_lu,multiple_rhs,diagonally_dominant,128,0,after_multiple_rhs_problem_setup,2343744,2.23517
eigen_partial_piv_lu,multiple_rhs,diagonally_dominant,128,0,before_eigen_multiple_rhs_benchmark,2343744,2.23517
eigen_partial_piv_lu,multiple_rhs,diagonally_dominant,128,0,after_eigen_multiple_rhs_benchmark,2343744,2.23517
eigen_partial_piv_lu,multiple_rhs,diagonally_dominant,128,0,before_eigen_multiple_rhs_benchmark,2343744,2.23517
eigen_partial_piv_lu,multiple_rhs,diagonally_dominant,128,0,after_eigen_multiple_rhs_benchmark,2343744,2.23517
eigen_partial_piv_lu,multiple_rhs,diagonally_dominant,128,0,before_eigen_multiple_rhs_benchmark,2343744,2.23517
eigen_partial_piv_lu,multiple_rhs,diagonally_dominant,128,0,after_eigen_multiple_rhs_benchmark,2343744,2.23517
eigen_partial_piv_lu,multiple_rhs,diagonally_dominant,128,0,before_eigen_multiple_rhs_benchmark,2343744,2.23517
eigen_partial_piv_lu,multiple_rhs,diagonally_dominant,128,0,after_eigen_multiple_rhs_benchmark,2343744,2.23517
eigen_partial_piv_lu,multiple_rhs,diagonally_dominant,128,0,before_eigen_multiple_rhs_benchmark,2343744,2.23517
eigen_partial_piv_lu,multiple_rhs,diagonally_dominant,128,0,after_eigen_multiple_rhs_benchmark,2343744,2.23517
eigen_partial_piv_lu,multiple_rhs,diagonally_dominant,128,1,before_multiple_rhs_problem_setup,2343744,2.23517
eigen_partial_piv_lu,multiple_rhs,diagonally_dominant,128,1,after_multiple_rhs_problem_setup,2343744,2.23517
eigen_partial_piv_lu,multiple_rhs,diagonally_dominant,128,1,before_eigen_multiple_rhs_benchmark,2343744,2.23517
eigen_partial_piv_lu,multiple_rhs,diagonally_dominant,128,1,after_eigen_multiple_rhs_benchmark,2343744,2.23517
eigen_partial_piv_lu,multiple_rhs,diagonally_dominant,128,1,before_eigen_multiple_rhs_benchmark,2343744,2.23517
eigen_partial_piv_lu,multiple_rhs,diagonally_dominant,128,1,after_eigen_multiple_rhs_benchmark,2343744,2.23517
eigen_partial_piv_lu,multiple_rhs,diagonally_dominant,128,1,before_eigen_multiple_rhs_benchmark,2343744,2.23517
eigen_partial_piv_lu,multiple_rhs,diagonally_dominant,128,1,after_eigen_multiple_rhs_benchmark,2343744,2.23517
eigen_partial_piv_lu,multiple_rhs,diagonally_dominant,128,1,before_eigen_multiple_rhs_benchmark,2343744,2.23517
eigen_partial_piv_lu,multiple_rhs,diagonally_dominant,128,1,after_eigen_multiple_rhs_benchmark,2343744,2.23517
eigen_partial_piv_lu,multiple_rhs,diagonally_dominant,128,1,before_eigen_multiple_rhs_benchmark,2343744,2.23517
eigen_partial_piv_lu,multiple_rhs,diagonally_dominant,128,1,after_eigen_multiple_rhs_benchmark,2343744,2.23517
eigen_partial_piv_lu,multiple_rhs,diagonally_dominant,128,2,before_multiple_rhs_problem_setup,2343744,2.23517
eigen_partial_piv_lu,multiple_rhs,diagonally_dominant,128,2,after_multiple_rhs_problem_setup,2343744,2.23517
eigen_partial_piv_lu,multiple_rhs,diagonally_dominant,128,2,before_eigen_multiple_rhs_benchmark,2343744,2.23517
eigen_partial_piv_lu,multiple_rhs,diagonally_dominant,128,2,after_eigen_multiple_rhs_benchmark,2343744,2.23517
eigen_partial_piv_lu,multiple_rhs,diagonally_dominant,128,2,before_eigen_multiple_rhs_benchmark,2343744,2.23517
eigen_partial_piv_lu,multiple_rhs,diagonally_dominant,128,2,after_eigen_multiple_rhs_benchmark,2343744,2.23517
eigen_partial_piv_lu,multiple_rhs,diagonally_dominant,128,2,before_eigen_multiple_rhs_benchmark,2343744,2.23517
eigen_partial_piv_lu,multiple_rhs,diagonally_dominant,128,2,after_eigen_multiple_rhs_benchmark,2343744,2.23517
eigen_partial_piv_lu,multiple_rhs,diagonally_dominant,128,2,before_eigen_multiple_rhs_benchmark,2343744,2.23517
eigen_partial_piv_lu,multiple_rhs,diagonally_dominant,128,2,after_eigen_multiple_rhs_benchmark,2343744,2.23517
eigen_partial_piv_lu,multiple_rhs,diagonally_dominant,128,2,before_eigen_multiple_rhs_benchmark,2343744,2.23517
eigen_partial_piv_lu,multiple_rhs,diagonally_dominant,128,2,after_eigen_multiple_rhs_benchmark,2343744,2.23517
eigen_partial_piv_lu,multiple_rhs,diagonally_dominant,128,3,before_multiple_rhs_problem_setup,2343744,2.23517
eigen_partial_piv_lu,multiple_rhs,diagonally_dominant,128,3,after_multiple_rhs_problem_setup,2343744,2.23517
eigen_partial_piv_lu,multiple_rhs,diagonally_dominant,128,3,before_eigen_multiple_rhs_benchmark,2343744,2.23517
eigen_partial_piv_lu,multiple_rhs,diagonally_dominant,128,3,after_eigen_multiple_rhs_benchmark,2343744,2.23517
eigen_partial_piv_lu,multiple_rhs,diagonally_dominant,128,3,before_eigen_multiple_rhs_benchmark,2343744,2.23517
eigen_partial_piv_lu,multiple_rhs,diagonally_dominant,128,3,after_eigen_multiple_rhs_benchmark,2343744,2.23517
eigen_partial_piv_lu,multiple_rhs,diagonally_dominant,128,3,before_eigen_multiple_rhs_benchmark,2343744,2.23517
eigen_partial_piv_lu,multiple_rhs,diagonally_dominant,128,3,after_eigen_multiple_rhs_benchmark,2343744,2.23517
eigen_partial_piv_lu,multiple_rhs,diagonally_dominant,128,3,before_eigen_multiple_rhs_benchmark,2343744,2.23517
eigen_partial_piv_lu,multiple_rhs,diagonally_dominant,128,3,after_eigen_multiple_rhs_benchmark,2343744,2.23517
eigen_partial_piv_lu,multiple_rhs,diagonally_dominant,128,3,before_eigen_multiple_rhs_benchmark,2343744,2.23517
eigen_partial_piv_lu,multiple_rhs,diagonally_dominant,128,3,after_eigen_multiple_rhs_benchmark,2343744,2.23517
eigen_partial_piv_lu,multiple_rhs,diagonally_dominant,128,4,before_multiple_rhs_problem_setup,2343744,2.23517
eigen_partial_piv_lu,multiple_rhs,diagonally_dominant,128,4,after_multiple_rhs_problem_setup,2343744,2.23517
eigen_partial_piv_lu,multiple_rhs,diagonally_dominant,128,4,before_eigen_multiple_rhs_benchmark,2343744,2.23517
eigen_partial_piv_lu,multiple_rhs,diagonally_dominant,128,4,after_eigen_multiple_rhs_benchmark,2343744,2.23517
eigen_partial_piv_lu,multiple_rhs,diagonally_dominant,128,4,before_eigen_multiple_rhs_benchmark,2343744,2.23517
eigen_partial_piv_lu,multiple_rhs,diagonally_dominant,128,4,after_eigen_multiple_rhs_benchmark,2343744,2.23517
eigen_partial_piv_lu,multiple_rhs,diagonally_dominant,128,4,before_eigen_multiple_rhs_benchmark,2343744,2.23517
eigen_partial_piv_lu,multiple_rhs,diagonally_dominant,128,4,after_eigen_multiple_rhs_benchmark,2343744,2.23517
eigen_partial_piv_lu,multiple_rhs,diagonally_dominant,128,4,before_eigen_multiple_rhs_benchmark,2343744,2.23517
eigen_partial_piv_lu,multiple_rhs,diagonally_dominant,128,4,after_eigen_multiple_rhs_benchmark,2343744,2.23517
eigen_partial_piv_lu,multiple_rhs,diagonally_dominant,128,4,before_eigen_multiple_rhs_benchmark,2343744,2.23517
eigen_partial_piv_lu,multiple_rhs,diagonally_dominant,128,4,after_eigen_multiple_rhs_benchmark,2343744,2.23517
eigen_partial_piv_lu,multiple_rhs,diagonally_dominant,128,5,before_multiple_rhs_problem_setup,2343744,2.23517
eigen_partial_piv_lu,multiple_rhs,diagonally_dominant,128,5,after_multiple_rhs_problem_setup,2343744,2.23517
eigen_partial_piv_lu,multiple_rhs,diagonally_dominant,128,5,before_eigen_multiple_rhs_benchmark,2343744,2.23517
eigen_partial_piv_lu,multiple_rhs,diagonally_dominant,128,5,after_eigen_multiple_rhs_benchmark,2343744,2.23517
eigen_partial_piv_lu,multiple_rhs,diagonally_dominant,128,5,before_eigen_multiple_rhs_benchmark,2343744,2.23517
eigen_partial_piv_lu,multiple_rhs,diagonally_dominant,128,5,after_eigen_multiple_rhs_benchmark,2343744,2.23517
eigen_partial_piv_lu,multiple_rhs,diagonally_dominant,128,5,before_eigen_multiple_rhs_benchmark,2343744,2.23517
eigen_partial_piv_lu,multiple_rhs,diagonally_dominant,128,5,after_eigen_multiple_rhs_benchmark,2343744,2.23517
eigen_partial_piv_lu,multiple_rhs,diagonally_dominant,128,5,before_eigen_multiple_rhs_benchmark,2343744,2.23517
eigen_partial_piv_lu,multiple_rhs,diagonally_dominant,128,5,after_eigen_multiple_rhs_benchmark,2343744,2.23517
eigen_partial_piv_lu,multiple_rhs,diagonally_dominant,128,5,before_eigen_multiple_rhs_benchmark,2343744,2.23517
eigen_partial_piv_lu,multiple_rhs,diagonally_dominant,128,5,after_eigen_multiple_rhs_benchmark,2343744,2.23517
eigen_partial_piv_lu,multiple_rhs,diagonally_dominant,128,6,before_multiple_rhs_problem_setup,2343744,2.23517
eigen_partial_piv_lu,multiple_rhs,diagonally_dominant,128,6,after_multiple_rhs_problem_setup,2343744,2.23517
eigen_partial_piv_lu,multiple_rhs,diagonally_dominant,128,6,before_eigen_multiple_rhs_benchmark,2343744,2.23517
eigen_partial_piv_lu,multiple_rhs,diagonally_dominant,128,6,after_eigen_multiple_rhs_benchmark,2343744,2.23517
eigen_partial_piv_lu,multiple_rhs,diagonally_dominant,128,6,before_eigen_multiple_rhs_benchmark,2343744,2.23517
eigen_partial_piv_lu,multiple_rhs,diagonally_dominant,128,6,after_eigen_multiple_rhs_benchmark,2343744,2.23517
eigen_partial_piv_lu,multiple_rhs,diagonally_dominant,128,6,before_eigen_multiple_rhs_benchmark,2343744,2.23517
eigen_partial_piv_lu,multiple_rhs,diagonally_dominant,128,6,after_eigen_multiple_rhs_benchmark,2343744,2.23517
eigen_partial_piv_lu,multiple_rhs,diagonally_dominant,128,6,before_eigen_multiple_rhs_benchmark,2343744,2.23517
eigen_partial_piv_lu,multiple_rhs,diagonally_dominant,128,6,after_eigen_multiple_rhs_benchmark,2343744,2.23517
eigen_partial_piv_lu,multiple_rhs,diagonally_dominant,128,6,before_eigen_multiple_rhs_benchmark,2343744,2.23517
eigen_partial_piv_lu,multiple_rhs,diagonally_dominant,128,6,after_eigen_multiple_rhs_benchmark,2343744,2.23517
eigen_partial_piv_lu,multiple_rhs,diagonally_dominant,128,7,before_multiple_rhs_problem_setup,2343744,2.23517
eigen_partial_piv_lu,multiple_rhs,diagonally_dominant,128,7,after_multiple_rhs_problem_setup,2343744,2.23517
eigen_partial_piv_lu,multiple_rhs,diagonally_dominant,128,7,before_eigen_multiple_rhs_benchmark,2343744,2.23517
eigen_partial_piv_lu,multiple_rhs,diagonally_dominant,128,7,after_eigen_multiple_rhs_benchmark,2343744,2.23517
eigen_partial_piv_lu,multiple_rhs,diagonally_dominant,128,7,before_eigen_multiple_rhs_benchmark,2343744,2.23517
eigen_partial_piv_lu,multiple_rhs,diagonally_dominant,128,7,after_eigen_multiple_rhs_benchmark,2343744,2.23517
eigen_partial_piv_lu,multiple_rhs,diagonally_dominant,128,7,before_eigen_multiple_rhs_benchmark,2343744,2.23517
eigen_partial_piv_lu,multiple_rhs,diagonally_dominant,128,7,after_eigen_multiple_rhs_benchmark,2343744,2.23517
eigen_partial_piv_lu,multiple_rhs,diagonally_dominant,128,7,before_eigen_multiple_rhs_benchmark,2343744,2.23517
eigen_partial_piv_lu,multiple_rhs,diagonally_dominant,128,7,after_eigen_multiple_rhs_benchmark,2343744,2.23517
eigen_partial_piv_lu,multiple_rhs,diagonally_dominant,128,7,before_eigen_multiple_rhs_benchmark,2343744,2.23517
eigen_partial_piv_lu,multiple_rhs,diagonally_dominant,128,7,after_eigen_multiple_rhs_benchmark,2343744,2.23517
eigen_partial_piv_lu,multiple_rhs,diagonally_dominant,128,8,before_multiple_rhs_problem_setup,2343744,2.23517
eigen_partial_piv_lu,multiple_rhs,diagonally_dominant,128,8,after_multiple_rhs_problem_setup,2343744,2.23517
eigen_partial_piv_lu,multiple_rhs,diagonally_dominant,128,8,before_eigen_multiple_rhs_benchmark,2343744,2.23517
eigen_partial_piv_lu,multiple_rhs,diagonally_dominant,128,8,after_eigen_multiple_rhs_benchmark,2343744,2.23517
eigen_partial_piv_lu,multiple_rhs,diagonally_dominant,128,8,before_eigen_multiple_rhs_benchmark,2343744,2.23517
eigen_partial_piv_lu,multiple_rhs,diagonally_dominant,128,8,after_eigen_multiple_rhs_benchmark,2343744,2.23517
eigen_partial_piv_lu,multiple_rhs,diagonally_dominant,128,8,before_eigen_multiple_rhs_benchmark,2343744,2.23517
eigen_partial_piv_lu,multiple_rhs,diagonally_dominant,128,8,after_eigen_multiple_rhs_benchmark,2343744,2.23517
eigen_partial_piv_lu,multiple_rhs,diagonally_dominant,128,8,before_eigen_multiple_rhs_benchmark,2343744,2.23517
eigen_partial_piv_lu,multiple_rhs,diagonally_dominant,128,8,after_eigen_multiple_rhs_benchmark,2343744,2.23517
eigen_partial_piv_lu,multiple_rhs,diagonally_dominant,128,8,before_eigen_multiple_rhs_benchmark,2343744,2.23517
eigen_partial_piv_lu,multiple_rhs,diagonally_dominant,128,8,after_eigen_multiple_rhs_benchmark,2343744,2.23517
eigen_partial_piv_lu,multiple_rhs,diagonally_dominant,128,9,before_multiple_rhs_problem_setup,2343744,2.23517
eigen_partial_piv_lu,multiple_rhs,diagonally_dominant,128,9,after_multiple_rhs_problem_setup,2343744,2.23517
eigen_partial_piv_lu,multiple_rhs,diagonally_dominant,128,9,before_eigen_multiple_rhs_benchmark,2343744,2.23517
eigen_partial_piv_lu,multiple_rhs,diagonally_dominant,128,9,after_eigen_multiple_rhs_benchmark,2343744,2.23517
eigen_partial_piv_lu,multiple_rhs,diagonally_dominant,128,9,before_eigen_multiple_rhs_benchmark,2343744,2.23517
eigen_partial_piv_lu,multiple_rhs,diagonally_dominant,128,9,after_eigen_multiple_rhs_benchmark,2343744,2.23517
eigen_partial_piv_lu,multiple_rhs,diagonally_dominant,128,9,before_eigen_multiple_rhs_benchmark,2343744,2.23517
eigen_partial_piv_lu,multiple_rhs,diagonally_dominant,128,9,after_eigen_multiple_rhs_benchmark,2343744,2.23517
eigen_partial_piv_lu,multiple_rhs,diagonally_dominant,128,9,before_eigen_multiple_rhs_benchmark,2343744,2.23517
eigen_partial_piv_lu,multiple_rhs,diagonally_dominant,128,9,after_eigen_multiple_rhs_benchmark,2343744,2.23517
eigen_partial_piv_lu,multiple_rhs,diagonally_dominant,128,9,before_eigen_multiple_rhs_benchmark,2343744,2.23517
eigen_partial_piv_lu,multiple_rhs,diagonally_dominant,128,9,after_eigen_multiple_rhs_benchmark,2343744,2.23517
eigen_partial_piv_lu,multiple_rhs,diagonally_dominant,128,10,before_multiple_rhs_problem_setup,2343744,2.23517
eigen_partial_piv_lu,multiple_rhs,diagonally_dominant,128,10,after_multiple_rhs_problem_setup,2343744,2.23517
eigen_partial_piv_lu,multiple_rhs,diagonally_dominant,128,10,before_eigen_multiple_rhs_benchmark,2343744,2.23517
eigen_partial_piv_lu,multiple_rhs,diagonally_dominant,128,10,after_eigen_multiple_rhs_benchmark,2343744,2.23517
eigen_partial_piv_lu,multiple_rhs,diagonally_dominant,128,10,before_eigen_multiple_rhs_benchmark,2343744,2.23517
eigen_partial_piv_lu,multiple_rhs,diagonally_dominant,128,10,after_eigen_multiple_rhs_benchmark,2343744,2.23517
eigen_partial_piv_lu,multiple_rhs,diagonally_dominant,128,10,before_eigen_multiple_rhs_benchmark,2343744,2.23517
eigen_partial_piv_lu,multiple_rhs,diagonally_dominant,128,10,after_eigen_multiple_rhs_benchmark,2343744,2.23517
eigen_partial_piv_lu,multiple_rhs,diagonally_dominant,128,10,before_eigen_multiple_rhs_benchmark,2343744,2.23517
eigen_partial_piv_lu,multiple_rhs,diagonally_dominant,128,10,after_eigen_multiple_rhs_benchmark,2343744,2.23517
eigen_partial_piv_lu,multiple_rhs,diagonally_dominant,128,10,before_eigen_multiple_rhs_benchmark,2343744,2.23517
eigen_partial_piv_lu,multiple_rhs,diagonally_dominant,128,10,after_eigen_multiple_rhs_benchmark,2343744,2.23517
eigen_partial_piv_lu,multiple_rhs,diagonally_dominant,128,11,before_multiple_rhs_problem_setup,2343744,2.23517
eigen_partial_piv_lu,multiple_rhs,diagonally_dominant,128,11,after_multiple_rhs_problem_setup,2343744,2.23517
eigen_partial_piv_lu,multiple_rhs,diagonally_dominant,128,11,before_eigen_multiple_rhs_benchmark,2343744,2.23517
eigen_partial_piv_lu,multiple_rhs,diagonally_dominant,128,11,after_eigen_multiple_rhs_benchmark,2343744,2.23517
eigen_partial_piv_lu,multiple_rhs,diagonally_dominant,128,11,before_eigen_multiple_rhs_benchmark,2343744,2.23517
eigen_partial_piv_lu,multiple_rhs,diagonally_dominant,128,11,after_eigen_multiple_rhs_benchmark,2343744,2.23517
eigen_partial_piv_lu,multiple_rhs,diagonally_dominant,128,11,before_eigen_multiple_rhs_benchmark,2343744,2.23517
eigen_partial_piv_lu,multiple_rhs,diagonally_dominant,128,11,after_eigen_multiple_rhs_benchmark,2343744,2.23517
eigen_partial_piv_lu,multiple_rhs,diagonally_dominant,128,11,before_eigen_multiple_rhs_benchmark,2343744,2.23517
eigen_partial_piv_lu,multiple_rhs,diagonally_dominant,128,11,after_eigen_multiple_rhs_benchmark,2343744,2.23517
eigen_partial_piv_lu,multiple_rhs,diagonally_dominant,128,11,before_eigen_multiple_rhs_benchmark,2343744,2.23517
eigen_partial_piv_lu,multiple_rhs,diagonally_dominant,128,11,after_eigen_multiple_rhs_benchmark,2343744,2.23517
eigen_partial_piv_lu,multiple_rhs,diagonally_dominant,128,12,before_multiple_rhs_problem_setup,2343744,2.23517
eigen_partial_piv_lu,multiple_rhs,diagonally_dominant,128,12,after_multiple_rhs_problem_setup,2343744,2.23517
eigen_partial_piv_lu,multiple_rhs,diagonally_dominant,128,12,before_eigen_multiple_rhs_benchmark,2343744,2.23517
eigen_partial_piv_lu,multiple_rhs,diagonally_dominant,128,12,after_eigen_multiple_rhs_benchmark,2343744,2.23517
eigen_partial_piv_lu,multiple_rhs,diagonally_dominant,128,12,before_eigen_multiple_rhs_benchmark,2343744,2.23517
eigen_partial_piv_lu,multiple_rhs,diagonally_dominant,128,12,after_eigen_multiple_rhs_benchmark,2343744,2.23517
eigen_partial_piv_lu,multiple_rhs,diagonally_dominant,128,12,before_eigen_multiple_rhs_benchmark,2343744,2.23517
eigen_partial_piv_lu,multiple_rhs,diagonally_dominant,128,12,after_eigen_multiple_rhs_benchmark,2343744,2.23517
eigen_partial_piv_lu,multiple_rhs,diagonally_dominant,128,12,before_eigen_multiple_rhs_benchmark,2343744,2.23517
eigen_partial_piv_lu,multiple_rhs,diagonally_dominant,128,12,after_eigen_multiple_rhs_benchmark,2343744,2.23517
eigen_partial_piv_lu,multiple_rhs,diagonally_dominant,128,12,before_eigen_multiple_rhs_benchmark,2343744,2.23517
eigen_partial_piv_lu,multiple_rhs,diagonally_dominant,128,12,after_eigen_multiple_rhs_benchmark,2343744,2.23517
eigen_partial_piv_lu,multiple_rhs,diagonally_dominant,128,13,before_multiple_rhs_problem_setup,2343744,2.23517
eigen_partial_piv_lu,multiple_rhs,diagonally_dominant,128,13,after_multiple_rhs_problem_setup,2343744,2.23517
eigen_partial_piv_lu,multiple_rhs,diagonally_dominant,128,13,before_eigen_multiple_rhs_benchmark,2343744,2.23517
eigen_partial_piv_lu,multiple_rhs,diagonally_dominant,128,13,after_eigen_multiple_rhs_benchmark,2343744,2.23517
eigen_partial_piv_lu,multiple_rhs,diagonally_dominant,128,13,before_eigen_multiple_rhs_benchmark,2343744,2.23517
eigen_partial_piv_lu,multiple_rhs,diagonally_dominant,128,13,after_eigen_multiple_rhs_benchmark,2343744,2.23517
eigen_partial_piv_lu,multiple_rhs,diagonally_dominant,128,13,before_eigen_multiple_rhs_benchmark,2343744,2.23517
eigen_partial_piv_lu,multiple_rhs,diagonally_dominant,128,13,after_eigen_multiple_rhs_benchmark,2343744,2.23517
eigen_partial_piv_lu,multiple_rhs,diagonally_dominant,128,13,before_eigen_multiple_rhs_benchmark,2343744,2.23517
eigen_partial_piv_lu,multiple_rhs,diagonally_dominant,128,13,after_eigen_multiple_rhs_benchmark,2343744,2.23517
eigen_partial_piv_lu,multiple_rhs,diagonally_dominant,128,13,before_eigen_multiple_rhs_benchmark,2343744,2.23517
eigen_partial_piv_lu,multiple_rhs,diagonally_dominant,128,13,after_eigen_multiple_rhs_benchmark,2343744,2.23517
eigen_partial_piv_lu,multiple_rhs,diagonally_dominant,128,14,before_multiple_rhs_problem_setup,2343744,2.23517
eigen_partial_piv_lu,multiple_rhs,diagonally_dominant,128,14,after_multiple_rhs_problem_setup,2343744,2.23517
eigen_partial_piv_lu,multiple_rhs,diagonally_dominant,128,14,before_eigen_multiple_rhs_benchmark,2343744,2.23517
eigen_partial_piv_lu,multiple_rhs,diagonally_dominant,128,14,after_eigen_multiple_rhs_benchmark,2343744,2.23517
eigen_partial_piv_lu,multiple_rhs,diagonally_dominant,128,14,before_eigen_multiple_rhs_benchmark,2343744,2.23517
eigen_partial_piv_lu,multiple_rhs,diagonally_dominant,128,14,after_eigen_multiple_rhs_benchmark,2343744,2.23517
eigen_partial_piv_lu,multiple_rhs,diagonally_dominant,128,14,before_eigen_multiple_rhs_benchmark,2343744,2.23517
eigen_partial_piv_lu,multiple_rhs,diagonally_dominant,128,14,after_eigen_multiple_rhs_benchmark,2343744,2.23517
eigen_partial_piv_lu,multiple_rhs,diagonally_dominant,128,14,before_eigen_multiple_rhs_benchmark,2343744,2.23517
eigen_partial_piv_lu,multiple_rhs,diagonally_dominant,128,14,after_eigen_multiple_rhs_benchmark,2343744,2.23517
eigen_partial_piv_lu,multiple_rhs,diagonally_dominant,128,14,before_eigen_multiple_rhs_benchmark,2343744,2.23517
eigen_partial_piv_lu,multiple_rhs,diagonally_dominant,128,14,after_eigen_multiple_rhs_benchmark,2343744,2.23517
eigen_partial_piv_lu,multiple_rhs,random_dense,256,0,before_multiple_rhs_problem_setup,2343744,2.23517
eigen_partial_piv_lu,multiple_rhs,random_dense,256,0,after_multiple_rhs_problem_setup,2343744,2.23517
eigen_partial_piv_lu,multiple_rhs,random_dense,256,0,before_eigen_multiple_rhs_benchmark,2343744,2.23517
eigen_partial_piv_lu,multiple_rhs,random_dense,256,0,after_eigen_multiple_rhs_benchmark,2343744,2.23517
eigen_partial_piv_lu,multiple_rhs,random_dense,256,0,before_eigen_multiple_rhs_benchmark,2343744,2.23517
eigen_partial_piv_lu,multiple_rhs,random_dense,256,0,after_eigen_multiple_rhs_benchmark,2343744,2.23517
eigen_partial_piv_lu,multiple_rhs,random_dense,256,0,before_eigen_multiple_rhs_benchmark,2343744,2.23517
eigen_partial_piv_lu,multiple_rhs,random_dense,256,0,after_eigen_multiple_rhs_benchmark,2343744,2.23517
eigen_partial_piv_lu,multiple_rhs,random_dense,256,0,before_eigen_multiple_rhs_benchmark,2343744,2.23517
eigen_partial_piv_lu,multiple_rhs,random_dense,256,0,after_eigen_multiple_rhs_benchmark,2343744,2.23517
eigen_partial_piv_lu,multiple_rhs,random_dense,256,0,before_eigen_multiple_rhs_benchmark,2343744,2.23517
eigen_partial_piv_lu,multiple_rhs,random_dense,256,0,after_eigen_multiple_rhs_benchmark,2343744,2.23517
eigen_partial_piv_lu,multiple_rhs,random_dense,256,1,before_multiple_rhs_problem_setup,2343744,2.23517
eigen_partial_piv_lu,multiple_rhs,random_dense,256,1,after_multiple_rhs_problem_setup,2343744,2.23517
eigen_partial_piv_lu,multiple_rhs,random_dense,256,1,before_eigen_multiple_rhs_benchmark,2343744,2.23517
eigen_partial_piv_lu,multiple_rhs,random_dense,256,1,after_eigen_multiple_rhs_benchmark,2343744,2.23517
eigen_partial_piv_lu,multiple_rhs,random_dense,256,1,before_eigen_multiple_rhs_benchmark,2343744,2.23517
eigen_partial_piv_lu,multiple_rhs,random_dense,256,1,after_eigen_multiple_rhs_benchmark,2343744,2.23517
eigen_partial_piv_lu,multiple_rhs,random_dense,256,1,before_eigen_multiple_rhs_benchmark,2343744,2.23517
eigen_partial_piv_lu,multiple_rhs,random_dense,256,1,after_eigen_multiple_rhs_benchmark,2343744,2.23517
eigen_partial_piv_lu,multiple_rhs,random_dense,256,1,before_eigen_multiple_rhs_benchmark,2343744,2.23517
eigen_partial_piv_lu,multiple_rhs,random_dense,256,1,after_eigen_multiple_rhs_benchmark,2343744,2.23517
eigen_partial_piv_lu,multiple_rhs,random_dense,256,1,before_eigen_multiple_rhs_benchmark,2343744,2.23517
eigen_partial_piv_lu,multiple_rhs,random_dense,256,1,after_eigen_multiple_rhs_benchmark,2343744,2.23517
eigen_partial_piv_lu,multiple_rhs,random_dense,256,2,before_multiple_rhs_problem_setup,2343744,2.23517
eigen_partial_piv_lu,multiple_rhs,random_dense,256,2,after_multiple_rhs_problem_setup,2343744,2.23517
eigen_partial_piv_lu,multiple_rhs,random_dense,256,2,before_eigen_multiple_rhs_benchmark,2343744,2.23517
eigen_partial_piv_lu,multiple_rhs,random_dense,256,2,after_eigen_multiple_rhs_benchmark,2343744,2.23517
eigen_partial_piv_lu,multiple_rhs,random_dense,256,2,before_eigen_multiple_rhs_benchmark,2343744,2.23517
eigen_partial_piv_lu,multiple_rhs,random_dense,256,2,after_eigen_multiple_rhs_benchmark,2343744,2.23517
eigen_partial_piv_lu,multiple_rhs,random_dense,256,2,before_eigen_multiple_rhs_benchmark,2343744,2.23517
eigen_partial_piv_lu,multiple_rhs,random_dense,256,2,after_eigen_multiple_rhs_benchmark,2343744,2.23517
eigen_partial_piv_lu,multiple_rhs,random_dense,256,2,before_eigen_multiple_rhs_benchmark,2343744,2.23517
eigen_partial_piv_lu,multiple_rhs,random_dense,256,2,after_eigen_multiple_rhs_benchmark,2343744,2.23517
eigen_partial_piv_lu,multiple_rhs,random_dense,256,2,before_eigen_multiple_rhs_benchmark,2343744,2.23517
eigen_partial_piv_lu,multiple_rhs,random_dense,256,2,after_eigen_multiple_rhs_benchmark,2343744,2.23517
eigen_partial_piv_lu,multiple_rhs,random_dense,256,3,before_multiple_rhs_problem_setup,2343744,2.23517
eigen_partial_piv_lu,multiple_rhs,random_dense,256,3,after_multiple_rhs_problem_setup,2343744,2.23517
eigen_partial_piv_lu,multiple_rhs,random_dense,256,3,before_eigen_multiple_rhs_benchmark,2343744,2.23517
eigen_partial_piv_lu,multiple_rhs,random_dense,256,3,after_eigen_multiple_rhs_benchmark,2343744,2.23517
eigen_partial_piv_lu,multiple_rhs,random_dense,256,3,before_eigen_multiple_rhs_benchmark,2343744,2.23517
eigen_partial_piv_lu,multiple_rhs,random_dense,256,3,after_eigen_multiple_rhs_benchmark,2343744,2.23517
eigen_partial_piv_lu,multiple_rhs,random_dense,256,3,before_eigen_multiple_rhs_benchmark,2343744,2.23517
eigen_partial_piv_lu,multiple_rhs,random_dense,256,3,after_eigen_multiple_rhs_benchmark,2343744,2.23517
eigen_partial_piv_lu,multiple_rhs,random_dense,256,3,before_eigen_multiple_rhs_benchmark,2343744,2.23517
eigen_partial_piv_lu,multiple_rhs,random_dense,256,3,after_eigen_multiple_rhs_benchmark,2343744,2.23517
eigen_partial_piv_lu,multiple_rhs,random_dense,256,3,before_eigen_multiple_rhs_benchmark,2343744,2.23517
eigen_partial_piv_lu,multiple_rhs,random_dense,256,3,after_eigen_multiple_rhs_benchmark,2376512,2.26642
eigen_partial_piv_lu,multiple_rhs,random_dense,256,4,before_multiple_rhs_problem_setup,2376512,2.26642
eigen_partial_piv_lu,multiple_rhs,random_dense,256,4,after_multiple_rhs_problem_setup,2376512,2.26642
eigen_partial_piv_lu,multiple_rhs,random_dense,256,4,before_eigen_multiple_rhs_benchmark,2376512,2.26642
eigen_partial_piv_lu,multiple_rhs,random_dense,256,4,after_eigen_multiple_rhs_benchmark,2376512,2.26642
eigen_partial_piv_lu,multiple_rhs,random_dense,256,4,before_eigen_multiple_rhs_benchmark,2376512,2.26642
eigen_partial_piv_lu,multiple_rhs,random_dense,256,4,after_eigen_multiple_rhs_benchmark,2376512,2.26642
eigen_partial_piv_lu,multiple_rhs,random_dense,256,4,before_eigen_multiple_rhs_benchmark,2376512,2.26642
eigen_partial_piv_lu,multiple_rhs,random_dense,256,4,after_eigen_multiple_rhs_benchmark,2376512,2.26642
eigen_partial_piv_lu,multiple_rhs,random_dense,256,4,before_eigen_multiple_rhs_benchmark,2376512,2.26642
eigen_partial_piv_lu,multiple_rhs,random_dense,256,4,after_eigen_multiple_rhs_benchmark,2376512,2.26642
eigen_partial_piv_lu,multiple_rhs,random_dense,256,4,before_eigen_multiple_rhs_benchmark,2376512,2.26642
eigen_partial_piv_lu,multiple_rhs,random_dense,256,4,after_eigen_multiple_rhs_benchmark,2376512,2.26642
eigen_partial_piv_lu,multiple_rhs,random_dense,256,5,before_multiple_rhs_problem_setup,2376512,2.26642
eigen_partial_piv_lu,multiple_rhs,random_dense,256,5,after_multiple_rhs_problem_setup,2376512,2.26642
eigen_partial_piv_lu,multiple_rhs,random_dense,256,5,before_eigen_multiple_rhs_benchmark,2376512,2.26642
eigen_partial_piv_lu,multiple_rhs,random_dense,256,5,after_eigen_multiple_rhs_benchmark,2376512,2.26642
eigen_partial_piv_lu,multiple_rhs,random_dense,256,5,before_eigen_multiple_rhs_benchmark,2376512,2.26642
eigen_partial_piv_lu,multiple_rhs,random_dense,256,5,after_eigen_multiple_rhs_benchmark,2376512,2.26642
eigen_partial_piv_lu,multiple_rhs,random_dense,256,5,before_eigen_multiple_rhs_benchmark,2376512,2.26642
eigen_partial_piv_lu,multiple_rhs,random_dense,256,5,after_eigen_multiple_rhs_benchmark,2376512,2.26642
eigen_partial_piv_lu,multiple_rhs,random_dense,256,5,before_eigen_multiple_rhs_benchmark,2376512,2.26642
eigen_partial_piv_lu,multiple_rhs,random_dense,256,5,after_eigen_multiple_rhs_benchmark,2376512,2.26642
eigen_partial_piv_lu,multiple_rhs,random_dense,256,5,before_eigen_multiple_rhs_benchmark,2376512,2.26642
eigen_partial_piv_lu,multiple_rhs,random_dense,256,5,after_eigen_multiple_rhs_benchmark,2376512,2.26642
eigen_partial_piv_lu,multiple_rhs,random_dense,256,6,before_multiple_rhs_problem_setup,2376512,2.26642
eigen_partial_piv_lu,multiple_rhs,random_dense,256,6,after_multiple_rhs_problem_setup,2376512,2.26642
eigen_partial_piv_lu,multiple_rhs,random_dense,256,6,before_eigen_multiple_rhs_benchmark,2376512,2.26642
eigen_partial_piv_lu,multiple_rhs,random_dense,256,6,after_eigen_multiple_rhs_benchmark,2376512,2.26642
eigen_partial_piv_lu,multiple_rhs,random_dense,256,6,before_eigen_multiple_rhs_benchmark,2376512,2.26642
eigen_partial_piv_lu,multiple_rhs,random_dense,256,6,after_eigen_multiple_rhs_benchmark,2376512,2.26642
eigen_partial_piv_lu,multiple_rhs,random_dense,256,6,before_eigen_multiple_rhs_benchmark,2376512,2.26642
eigen_partial_piv_lu,multiple_rhs,random_dense,256,6,after_eigen_multiple_rhs_benchmark,2376512,2.26642
eigen_partial_piv_lu,multiple_rhs,random_dense,256,6,before_eigen_multiple_rhs_benchmark,2376512,2.26642
eigen_partial_piv_lu,multiple_rhs,random_dense,256,6,after_eigen_multiple_rhs_benchmark,2376512,2.26642
eigen_partial_piv_lu,multiple_rhs,random_dense,256,6,before_eigen_multiple_rhs_benchmark,2376512,2.26642
eigen_partial_piv_lu,multiple_rhs,random_dense,256,6,after_eigen_multiple_rhs_benchmark,2376512,2.26642
eigen_partial_piv_lu,multiple_rhs,random_dense,256,7,before_multiple_rhs_problem_setup,2376512,2.26642
eigen_partial_piv_lu,multiple_rhs,random_dense,256,7,after_multiple_rhs_problem_setup,2376512,2.26642
eigen_partial_piv_lu,multiple_rhs,random_dense,256,7,before_eigen_multiple_rhs_benchmark,2376512,2.26642
eigen_partial_piv_lu,multiple_rhs,random_dense,256,7,after_eigen_multiple_rhs_benchmark,2376512,2.26642
eigen_partial_piv_lu,multiple_rhs,random_dense,256,7,before_eigen_multiple_rhs_benchmark,2376512,2.26642
eigen_partial_piv_lu,multiple_rhs,random_dense,256,7,after_eigen_multiple_rhs_benchmark,2376512,2.26642
eigen_partial_piv_lu,multiple_rhs,random_dense,256,7,before_eigen_multiple_rhs_benchmark,2376512,2.26642
eigen_partial_piv_lu,multiple_rhs,random_dense,256,7,after_eigen_multiple_rhs_benchmark,2376512,2.26642
eigen_partial_piv_lu,multiple_rhs,random_dense,256,7,before_eigen_multiple_rhs_benchmark,2376512,2.26642
eigen_partial_piv_lu,multiple_rhs,random_dense,256,7,after_eigen_multiple_rhs_benchmark,2376512,2.26642
eigen_partial_piv_lu,multiple_rhs,random_dense,256,7,before_eigen_multiple_rhs_benchmark,2376512,2.26642
eigen_partial_piv_lu,multiple_rhs,random_dense,256,7,after_eigen_multiple_rhs_benchmark,2376512,2.26642
eigen_partial_piv_lu,multiple_rhs,random_dense,256,8,before_multiple_rhs_problem_setup,2376512,2.26642
eigen_partial_piv_lu,multiple_rhs,random_dense,256,8,after_multiple_rhs_problem_setup,2376512,2.26642
eigen_partial_piv_lu,multiple_rhs,random_dense,256,8,before_eigen_multiple_rhs_benchmark,2376512,2.26642
eigen_partial_piv_lu,multiple_rhs,random_dense,256,8,after_eigen_multiple_rhs_benchmark,2376512,2.26642
eigen_partial_piv_lu,multiple_rhs,random_dense,256,8,before_eigen_multiple_rhs_benchmark,2376512,2.26642
eigen_partial_piv_lu,multiple_rhs,random_dense,256,8,after_eigen_multiple_rhs_benchmark,2376512,2.26642
eigen_partial_piv_lu,multiple_rhs,random_dense,256,8,before_eigen_multiple_rhs_benchmark,2376512,2.26642
eigen_partial_piv_lu,multiple_rhs,random_dense,256,8,after_eigen_multiple_rhs_benchmark,2376512,2.26642
eigen_partial_piv_lu,multiple_rhs,random_dense,256,8,before_eigen_multiple_rhs_benchmark,2376512,2.26642
eigen_partial_piv_lu,multiple_rhs,random_dense,256,8,after_eigen_multiple_rhs_benchmark,2376512,2.26642
eigen_partial_piv_lu,multiple_rhs,random_dense,256,8,before_eigen_multiple_rhs_benchmark,2376512,2.26642
eigen_partial_piv_lu,multiple_rhs,random_dense,256,8,after_eigen_multiple_rhs_benchmark,2376512,2.26642
eigen_partial_piv_lu,multiple_rhs,random_dense,256,9,before_multiple_rhs_problem_setup,2376512,2.26642
eigen_partial_piv_lu,multiple_rhs,random_dense,256,9,after_multiple_rhs_problem_setup,2376512,2.26642
eigen_partial_piv_lu,multiple_rhs,random_dense,256,9,before_eigen_multiple_rhs_benchmark,2376512,2.26642
eigen_partial_piv_lu,multiple_rhs,random_dense,256,9,after_eigen_multiple_rhs_benchmark,2376512,2.26642
eigen_partial_piv_lu,multiple_rhs,random_dense,256,9,before_eigen_multiple_rhs_benchmark,2376512,2.26642
eigen_partial_piv_lu,multiple_rhs,random_dense,256,9,after_eigen_multiple_rhs_benchmark,2376512,2.26642
eigen_partial_piv_lu,multiple_rhs,random_dense,256,9,before_eigen_multiple_rhs_benchmark,2376512,2.26642
eigen_partial_piv_lu,multiple_rhs,random_dense,256,9,after_eigen_multiple_rhs_benchmark,2376512,2.26642
eigen_partial_piv_lu,multiple_rhs,random_dense,256,9,before_eigen_multiple_rhs_benchmark,2376512,2.26642
eigen_partial_piv_lu,multiple_rhs,random_dense,256,9,after_eigen_multiple_rhs_benchmark,2376512,2.26642
eigen_partial_piv_lu,multiple_rhs,random_dense,256,9,before_eigen_multiple_rhs_benchmark,2376512,2.26642
eigen_partial_piv_lu,multiple_rhs,random_dense,256,9,after_eigen_multiple_rhs_benchmark,2376512,2.26642
eigen_partial_piv_lu,multiple_rhs,random_dense,256,10,before_multiple_rhs_problem_setup,2376512,2.26642
eigen_partial_piv_lu,multiple_rhs,random_dense,256,10,after_multiple_rhs_problem_setup,2376512,2.26642
eigen_partial_piv_lu,multiple_rhs,random_dense,256,10,before_eigen_multiple_rhs_benchmark,2376512,2.26642
eigen_partial_piv_lu,multiple_rhs,random_dense,256,10,after_eigen_multiple_rhs_benchmark,2376512,2.26642
eigen_partial_piv_lu,multiple_rhs,random_dense,256,10,before_eigen_multiple_rhs_benchmark,2376512,2.26642
eigen_partial_piv_lu,multiple_rhs,random_dense,256,10,after_eigen_multiple_rhs_benchmark,2376512,2.26642
eigen_partial_piv_lu,multiple_rhs,random_dense,256,10,before_eigen_multiple_rhs_benchmark,2376512,2.26642
eigen_partial_piv_lu,multiple_rhs,random_dense,256,10,after_eigen_multiple_rhs_benchmark,2376512,2.26642
eigen_partial_piv_lu,multiple_rhs,random_dense,256,10,before_eigen_multiple_rhs_benchmark,2376512,2.26642
eigen_partial_piv_lu,multiple_rhs,random_dense,256,10,after_eigen_multiple_rhs_benchmark,2376512,2.26642
eigen_partial_piv_lu,multiple_rhs,random_dense,256,10,before_eigen_multiple_rhs_benchmark,2376512,2.26642
eigen_partial_piv_lu,multiple_rhs,random_dense,256,10,after_eigen_multiple_rhs_benchmark,2376512,2.26642
eigen_partial_piv_lu,multiple_rhs,random_dense,256,11,before_multiple_rhs_problem_setup,2376512,2.26642
eigen_partial_piv_lu,multiple_rhs,random_dense,256,11,after_multiple_rhs_problem_setup,2376512,2.26642
eigen_partial_piv_lu,multiple_rhs,random_dense,256,11,before_eigen_multiple_rhs_benchmark,2376512,2.26642
eigen_partial_piv_lu,multiple_rhs,random_dense,256,11,after_eigen_multiple_rhs_benchmark,2376512,2.26642
eigen_partial_piv_lu,multiple_rhs,random_dense,256,11,before_eigen_multiple_rhs_benchmark,2376512,2.26642
eigen_partial_piv_lu,multiple_rhs,random_dense,256,11,after_eigen_multiple_rhs_benchmark,2376512,2.26642
eigen_partial_piv_lu,multiple_rhs,random_dense,256,11,before_eigen_multiple_rhs_benchmark,2376512,2.26642
eigen_partial_piv_lu,multiple_rhs,random_dense,256,11,after_eigen_multiple_rhs_benchmark,2376512,2.26642
eigen_partial_piv_lu,multiple_rhs,random_dense,256,11,before_eigen_multiple_rhs_benchmark,2376512,2.26642
eigen_partial_piv_lu,multiple_rhs,random_dense,256,11,after_eigen_multiple_rhs_benchmark,2376512,2.26642
eigen_partial_piv_lu,multiple_rhs,random_dense,256,11,before_eigen_multiple_rhs_benchmark,2376512,2.26642
eigen_partial_piv_lu,multiple_rhs,random_dense,256,11,after_eigen_multiple_rhs_benchmark,2376512,2.26642
eigen_partial_piv_lu,multiple_rhs,random_dense,256,12,before_multiple_rhs_problem_setup,2376512,2.26642
eigen_partial_piv_lu,multiple_rhs,random_dense,256,12,after_multiple_rhs_problem_setup,2376512,2.26642
eigen_partial_piv_lu,multiple_rhs,random_dense,256,12,before_eigen_multiple_rhs_benchmark,2376512,2.26642
eigen_partial_piv_lu,multiple_rhs,random_dense,256,12,after_eigen_multiple_rhs_benchmark,2376512,2.26642
eigen_partial_piv_lu,multiple_rhs,random_dense,256,12,before_eigen_multiple_rhs_benchmark,2376512,2.26642
eigen_partial_piv_lu,multiple_rhs,random_dense,256,12,after_eigen_multiple_rhs_benchmark,2376512,2.26642
eigen_partial_piv_lu,multiple_rhs,random_dense,256,12,before_eigen_multiple_rhs_benchmark,2376512,2.26642
eigen_partial_piv_lu,multiple_rhs,random_dense,256,12,after_eigen_multiple_rhs_benchmark,2376512,2.26642
eigen_partial_piv_lu,multiple_rhs,random_dense,256,12,before_eigen_multiple_rhs_benchmark,2376512,2.26642
eigen_partial_piv_lu,multiple_rhs,random_dense,256,12,after_eigen_multiple_rhs_benchmark,2376512,2.26642
eigen_partial_piv_lu,multiple_rhs,random_dense,256,12,before_eigen_multiple_rhs_benchmark,2376512,2.26642
eigen_partial_piv_lu,multiple_rhs,random_dense,256,12,after_eigen_multiple_rhs_benchmark,2376512,2.26642
eigen_partial_piv_lu,multiple_rhs,random_dense,256,13,before_multiple_rhs_problem_setup,2376512,2.26642
eigen_partial_piv_lu,multiple_rhs,random_dense,256,13,after_multiple_rhs_problem_setup,2376512,2.26642
eigen_partial_piv_lu,multiple_rhs,random_dense,256,13,before_eigen_multiple_rhs_benchmark,2376512,2.26642
eigen_partial_piv_lu,multiple_rhs,random_dense,256,13,after_eigen_multiple_rhs_benchmark,2376512,2.26642
eigen_partial_piv_lu,multiple_rhs,random_dense,256,13,before_eigen_multiple_rhs_benchmark,2376512,2.26642
eigen_partial_piv_lu,multiple_rhs,random_dense,256,13,after_eigen_multiple_rhs_benchmark,2376512,2.26642
eigen_partial_piv_lu,multiple_rhs,random_dense,256,13,before_eigen_multiple_rhs_benchmark,2376512,2.26642
eigen_partial_piv_lu,multiple_rhs,random_dense,256,13,after_eigen_multiple_rhs_benchmark,2376512,2.26642
eigen_partial_piv_lu,multiple_rhs,random_dense,256,13,before_eigen_multiple_rhs_benchmark,2376512,2.26642
eigen_partial_piv_lu,multiple_rhs,random_dense,256,13,after_eigen_multiple_rhs_benchmark,2376512,2.26642
eigen_partial_piv_lu,multiple_rhs,random_dense,256,13,before_eigen_multiple_rhs_benchmark,2376512,2.26642
eigen_partial_piv_lu,multiple_rhs,random_dense,256,13,after_eigen_multiple_rhs_benchmark,2376512,2.26642
eigen_partial_piv_lu,multiple_rhs,random_dense,256,14,before_multiple_rhs_problem_setup,2376512,2.26642
eigen_partial_piv_lu,multiple_rhs,random_dense,256,14,after_multiple_rhs_problem_setup,2376512,2.26642
eigen_partial_piv_lu,multiple_rhs,random_dense,256,14,before_eigen_multiple_rhs_benchmark,2376512,2.26642
eigen_partial_piv_lu,multiple_rhs,random_dense,256,14,after_eigen_multiple_rhs_benchmark,2376512,2.26642
eigen_partial_piv_lu,multiple_rhs,random_dense,256,14,before_eigen_multiple_rhs_benchmark,2376512,2.26642
eigen_partial_piv_lu,multiple_rhs,random_dense,256,14,after_eigen_multiple_rhs_benchmark,2376512,2.26642
eigen_partial_piv_lu,multiple_rhs,random_dense,256,14,before_eigen_multiple_rhs_benchmark,2376512,2.26642
eigen_partial_piv_lu,multiple_rhs,random_dense,256,14,after_eigen_multiple_rhs_benchmark,2376512,2.26642
eigen_partial_piv_lu,multiple_rhs,random_dense,256,14,before_eigen_multiple_rhs_benchmark,2376512,2.26642
eigen_partial_piv_lu,multiple_rhs,random_dense,256,14,after_eigen_multiple_rhs_benchmark,2376512,2.26642
eigen_partial_piv_lu,multiple_rhs,random_dense,256,14,before_eigen_multiple_rhs_benchmark,2376512,2.26642
eigen_partial_piv_lu,multiple_rhs,random_dense,256,14,after_eigen_multiple_rhs_benchmark,2376512,2.26642
eigen_partial_piv_lu,multiple_rhs,diagonally_dominant,256,0,before_multiple_rhs_problem_setup,2376512,2.26642
eigen_partial_piv_lu,multiple_rhs,diagonally_dominant,256,0,after_multiple_rhs_problem_setup,2376512,2.26642
eigen_partial_piv_lu,multiple_rhs,diagonally_dominant,256,0,before_eigen_multiple_rhs_benchmark,2376512,2.26642
eigen_partial_piv_lu,multiple_rhs,diagonally_dominant,256,0,after_eigen_multiple_rhs_benchmark,2376512,2.26642
eigen_partial_piv_lu,multiple_rhs,diagonally_dominant,256,0,before_eigen_multiple_rhs_benchmark,2376512,2.26642
eigen_partial_piv_lu,multiple_rhs,diagonally_dominant,256,0,after_eigen_multiple_rhs_benchmark,2376512,2.26642
eigen_partial_piv_lu,multiple_rhs,diagonally_dominant,256,0,before_eigen_multiple_rhs_benchmark,2376512,2.26642
eigen_partial_piv_lu,multiple_rhs,diagonally_dominant,256,0,after_eigen_multiple_rhs_benchmark,2376512,2.26642
eigen_partial_piv_lu,multiple_rhs,diagonally_dominant,256,0,before_eigen_multiple_rhs_benchmark,2376512,2.26642
eigen_partial_piv_lu,multiple_rhs,diagonally_dominant,256,0,after_eigen_multiple_rhs_benchmark,2376512,2.26642
eigen_partial_piv_lu,multiple_rhs,diagonally_dominant,256,0,before_eigen_multiple_rhs_benchmark,2376512,2.26642
eigen_partial_piv_lu,multiple_rhs,diagonally_dominant,256,0,after_eigen_multiple_rhs_benchmark,2376512,2.26642
eigen_partial_piv_lu,multiple_rhs,diagonally_dominant,256,1,before_multiple_rhs_problem_setup,2376512,2.26642
eigen_partial_piv_lu,multiple_rhs,diagonally_dominant,256,1,after_multiple_rhs_problem_setup,2376512,2.26642
eigen_partial_piv_lu,multiple_rhs,diagonally_dominant,256,1,before_eigen_multiple_rhs_benchmark,2376512,2.26642
eigen_partial_piv_lu,multiple_rhs,diagonally_dominant,256,1,after_eigen_multiple_rhs_benchmark,2376512,2.26642
eigen_partial_piv_lu,multiple_rhs,diagonally_dominant,256,1,before_eigen_multiple_rhs_benchmark,2376512,2.26642
eigen_partial_piv_lu,multiple_rhs,diagonally_dominant,256,1,after_eigen_multiple_rhs_benchmark,2376512,2.26642
eigen_partial_piv_lu,multiple_rhs,diagonally_dominant,256,1,before_eigen_multiple_rhs_benchmark,2376512,2.26642
eigen_partial_piv_lu,multiple_rhs,diagonally_dominant,256,1,after_eigen_multiple_rhs_benchmark,2376512,2.26642
eigen_partial_piv_lu,multiple_rhs,diagonally_dominant,256,1,before_eigen_multiple_rhs_benchmark,2376512,2.26642
eigen_partial_piv_lu,multiple_rhs,diagonally_dominant,256,1,after_eigen_multiple_rhs_benchmark,2376512,2.26642
eigen_partial_piv_lu,multiple_rhs,diagonally_dominant,256,1,before_eigen_multiple_rhs_benchmark,2376512,2.26642
eigen_partial_piv_lu,multiple_rhs,diagonally_dominant,256,1,after_eigen_multiple_rhs_benchmark,2376512,2.26642
eigen_partial_piv_lu,multiple_rhs,diagonally_dominant,256,2,before_multiple_rhs_problem_setup,2376512,2.26642
eigen_partial_piv_lu,multiple_rhs,diagonally_dominant,256,2,after_multiple_rhs_problem_setup,2376512,2.26642
eigen_partial_piv_lu,multiple_rhs,diagonally_dominant,256,2,before_eigen_multiple_rhs_benchmark,2376512,2.26642
eigen_partial_piv_lu,multiple_rhs,diagonally_dominant,256,2,after_eigen_multiple_rhs_benchmark,2376512,2.26642
eigen_partial_piv_lu,multiple_rhs,diagonally_dominant,256,2,before_eigen_multiple_rhs_benchmark,2376512,2.26642
eigen_partial_piv_lu,multiple_rhs,diagonally_dominant,256,2,after_eigen_multiple_rhs_benchmark,2376512,2.26642
eigen_partial_piv_lu,multiple_rhs,diagonally_dominant,256,2,before_eigen_multiple_rhs_benchmark,2376512,2.26642
eigen_partial_piv_lu,multiple_rhs,diagonally_dominant,256,2,after_eigen_multiple_rhs_benchmark,2376512,2.26642
eigen_partial_piv_lu,multiple_rhs,diagonally_dominant,256,2,before_eigen_multiple_rhs_benchmark,2376512,2.26642
eigen_partial_piv_lu,multiple_rhs,diagonally_dominant,256,2,after_eigen_multiple_rhs_benchmark,2376512,2.26642
eigen_partial_piv_lu,multiple_rhs,diagonally_dominant,256,2,before_eigen_multiple_rhs_benchmark,2376512,2.26642
eigen_partial_piv_lu,multiple_rhs,diagonally_dominant,256,2,after_eigen_multiple_rhs_benchmark,2376512,2.26642
eigen_partial_piv_lu,multiple_rhs,diagonally_dominant,256,3,before_multiple_rhs_problem_setup,2376512,2.26642
eigen_partial_piv_lu,multiple_rhs,diagonally_dominant,256,3,after_multiple_rhs_problem_setup,2376512,2.26642
eigen_partial_piv_lu,multiple_rhs,diagonally_dominant,256,3,before_eigen_multiple_rhs_benchmark,2376512,2.26642
eigen_partial_piv_lu,multiple_rhs,diagonally_dominant,256,3,after_eigen_multiple_rhs_benchmark,2376512,2.26642
eigen_partial_piv_lu,multiple_rhs,diagonally_dominant,256,3,before_eigen_multiple_rhs_benchmark,2376512,2.26642
eigen_partial_piv_lu,multiple_rhs,diagonally_dominant,256,3,after_eigen_multiple_rhs_benchmark,2376512,2.26642
eigen_partial_piv_lu,multiple_rhs,diagonally_dominant,256,3,before_eigen_multiple_rhs_benchmark,2376512,2.26642
eigen_partial_piv_lu,multiple_rhs,diagonally_dominant,256,3,after_eigen_multiple_rhs_benchmark,2376512,2.26642
eigen_partial_piv_lu,multiple_rhs,diagonally_dominant,256,3,before_eigen_multiple_rhs_benchmark,2376512,2.26642
eigen_partial_piv_lu,multiple_rhs,diagonally_dominant,256,3,after_eigen_multiple_rhs_benchmark,2376512,2.26642
eigen_partial_piv_lu,multiple_rhs,diagonally_dominant,256,3,before_eigen_multiple_rhs_benchmark,2376512,2.26642
eigen_partial_piv_lu,multiple_rhs,diagonally_dominant,256,3,after_eigen_multiple_rhs_benchmark,2409280,2.29767
eigen_partial_piv_lu,multiple_rhs,diagonally_dominant,256,4,before_multiple_rhs_problem_setup,2409280,2.29767
eigen_partial_piv_lu,multiple_rhs,diagonally_dominant,256,4,after_multiple_rhs_problem_setup,2409280,2.29767
eigen_partial_piv_lu,multiple_rhs,diagonally_dominant,256,4,before_eigen_multiple_rhs_benchmark,2409280,2.29767
eigen_partial_piv_lu,multiple_rhs,diagonally_dominant,256,4,after_eigen_multiple_rhs_benchmark,2409280,2.29767
eigen_partial_piv_lu,multiple_rhs,diagonally_dominant,256,4,before_eigen_multiple_rhs_benchmark,2409280,2.29767
eigen_partial_piv_lu,multiple_rhs,diagonally_dominant,256,4,after_eigen_multiple_rhs_benchmark,2409280,2.29767
eigen_partial_piv_lu,multiple_rhs,diagonally_dominant,256,4,before_eigen_multiple_rhs_benchmark,2409280,2.29767
eigen_partial_piv_lu,multiple_rhs,diagonally_dominant,256,4,after_eigen_multiple_rhs_benchmark,2409280,2.29767
eigen_partial_piv_lu,multiple_rhs,diagonally_dominant,256,4,before_eigen_multiple_rhs_benchmark,2409280,2.29767
eigen_partial_piv_lu,multiple_rhs,diagonally_dominant,256,4,after_eigen_multiple_rhs_benchmark,2409280,2.29767
eigen_partial_piv_lu,multiple_rhs,diagonally_dominant,256,4,before_eigen_multiple_rhs_benchmark,2409280,2.29767
eigen_partial_piv_lu,multiple_rhs,diagonally_dominant,256,4,after_eigen_multiple_rhs_benchmark,2425664,2.31329
eigen_partial_piv_lu,multiple_rhs,diagonally_dominant,256,5,before_multiple_rhs_problem_setup,2425664,2.31329
eigen_partial_piv_lu,multiple_rhs,diagonally_dominant,256,5,after_multiple_rhs_problem_setup,2425664,2.31329
eigen_partial_piv_lu,multiple_rhs,diagonally_dominant,256,5,before_eigen_multiple_rhs_benchmark,2425664,2.31329
eigen_partial_piv_lu,multiple_rhs,diagonally_dominant,256,5,after_eigen_multiple_rhs_benchmark,2425664,2.31329
eigen_partial_piv_lu,multiple_rhs,diagonally_dominant,256,5,before_eigen_multiple_rhs_benchmark,2425664,2.31329
eigen_partial_piv_lu,multiple_rhs,diagonally_dominant,256,5,after_eigen_multiple_rhs_benchmark,2425664,2.31329
eigen_partial_piv_lu,multiple_rhs,diagonally_dominant,256,5,before_eigen_multiple_rhs_benchmark,2425664,2.31329
eigen_partial_piv_lu,multiple_rhs,diagonally_dominant,256,5,after_eigen_multiple_rhs_benchmark,2425664,2.31329
eigen_partial_piv_lu,multiple_rhs,diagonally_dominant,256,5,before_eigen_multiple_rhs_benchmark,2425664,2.31329
eigen_partial_piv_lu,multiple_rhs,diagonally_dominant,256,5,after_eigen_multiple_rhs_benchmark,2425664,2.31329
eigen_partial_piv_lu,multiple_rhs,diagonally_dominant,256,5,before_eigen_multiple_rhs_benchmark,2425664,2.31329
eigen_partial_piv_lu,multiple_rhs,diagonally_dominant,256,5,after_eigen_multiple_rhs_benchmark,2425664,2.31329
eigen_partial_piv_lu,multiple_rhs,diagonally_dominant,256,6,before_multiple_rhs_problem_setup,2425664,2.31329
eigen_partial_piv_lu,multiple_rhs,diagonally_dominant,256,6,after_multiple_rhs_problem_setup,2425664,2.31329
eigen_partial_piv_lu,multiple_rhs,diagonally_dominant,256,6,before_eigen_multiple_rhs_benchmark,2425664,2.31329
eigen_partial_piv_lu,multiple_rhs,diagonally_dominant,256,6,after_eigen_multiple_rhs_benchmark,2425664,2.31329
eigen_partial_piv_lu,multiple_rhs,diagonally_dominant,256,6,before_eigen_multiple_rhs_benchmark,2425664,2.31329
eigen_partial_piv_lu,multiple_rhs,diagonally_dominant,256,6,after_eigen_multiple_rhs_benchmark,2425664,2.31329
eigen_partial_piv_lu,multiple_rhs,diagonally_dominant,256,6,before_eigen_multiple_rhs_benchmark,2425664,2.31329
eigen_partial_piv_lu,multiple_rhs,diagonally_dominant,256,6,after_eigen_multiple_rhs_benchmark,2425664,2.31329
eigen_partial_piv_lu,multiple_rhs,diagonally_dominant,256,6,before_eigen_multiple_rhs_benchmark,2425664,2.31329
eigen_partial_piv_lu,multiple_rhs,diagonally_dominant,256,6,after_eigen_multiple_rhs_benchmark,2425664,2.31329
eigen_partial_piv_lu,multiple_rhs,diagonally_dominant,256,6,before_eigen_multiple_rhs_benchmark,2425664,2.31329
eigen_partial_piv_lu,multiple_rhs,diagonally_dominant,256,6,after_eigen_multiple_rhs_benchmark,2425664,2.31329
eigen_partial_piv_lu,multiple_rhs,diagonally_dominant,256,7,before_multiple_rhs_problem_setup,2425664,2.31329
eigen_partial_piv_lu,multiple_rhs,diagonally_dominant,256,7,after_multiple_rhs_problem_setup,2425664,2.31329
eigen_partial_piv_lu,multiple_rhs,diagonally_dominant,256,7,before_eigen_multiple_rhs_benchmark,2425664,2.31329
eigen_partial_piv_lu,multiple_rhs,diagonally_dominant,256,7,after_eigen_multiple_rhs_benchmark,2425664,2.31329
eigen_partial_piv_lu,multiple_rhs,diagonally_dominant,256,7,before_eigen_multiple_rhs_benchmark,2425664,2.31329
eigen_partial_piv_lu,multiple_rhs,diagonally_dominant,256,7,after_eigen_multiple_rhs_benchmark,2425664,2.31329
eigen_partial_piv_lu,multiple_rhs,diagonally_dominant,256,7,before_eigen_multiple_rhs_benchmark,2425664,2.31329
eigen_partial_piv_lu,multiple_rhs,diagonally_dominant,256,7,after_eigen_multiple_rhs_benchmark,2425664,2.31329
eigen_partial_piv_lu,multiple_rhs,diagonally_dominant,256,7,before_eigen_multiple_rhs_benchmark,2425664,2.31329
eigen_partial_piv_lu,multiple_rhs,diagonally_dominant,256,7,after_eigen_multiple_rhs_benchmark,2425664,2.31329
eigen_partial_piv_lu,multiple_rhs,diagonally_dominant,256,7,before_eigen_multiple_rhs_benchmark,2425664,2.31329
eigen_partial_piv_lu,multiple_rhs,diagonally_dominant,256,7,after_eigen_multiple_rhs_benchmark,2425664,2.31329
eigen_partial_piv_lu,multiple_rhs,diagonally_dominant,256,8,before_multiple_rhs_problem_setup,2425664,2.31329
eigen_partial_piv_lu,multiple_rhs,diagonally_dominant,256,8,after_multiple_rhs_problem_setup,2425664,2.31329
eigen_partial_piv_lu,multiple_rhs,diagonally_dominant,256,8,before_eigen_multiple_rhs_benchmark,2425664,2.31329
eigen_partial_piv_lu,multiple_rhs,diagonally_dominant,256,8,after_eigen_multiple_rhs_benchmark,2425664,2.31329
eigen_partial_piv_lu,multiple_rhs,diagonally_dominant,256,8,before_eigen_multiple_rhs_benchmark,2425664,2.31329
eigen_partial_piv_lu,multiple_rhs,diagonally_dominant,256,8,after_eigen_multiple_rhs_benchmark,2425664,2.31329
eigen_partial_piv_lu,multiple_rhs,diagonally_dominant,256,8,before_eigen_multiple_rhs_benchmark,2425664,2.31329
eigen_partial_piv_lu,multiple_rhs,diagonally_dominant,256,8,after_eigen_multiple_rhs_benchmark,2425664,2.31329
eigen_partial_piv_lu,multiple_rhs,diagonally_dominant,256,8,before_eigen_multiple_rhs_benchmark,2425664,2.31329
eigen_partial_piv_lu,multiple_rhs,diagonally_dominant,256,8,after_eigen_multiple_rhs_benchmark,2425664,2.31329
eigen_partial_piv_lu,multiple_rhs,diagonally_dominant,256,8,before_eigen_multiple_rhs_benchmark,2425664,2.31329
eigen_partial_piv_lu,multiple_rhs,diagonally_dominant,256,8,after_eigen_multiple_rhs_benchmark,2425664,2.31329
eigen_partial_piv_lu,multiple_rhs,diagonally_dominant,256,9,before_multiple_rhs_problem_setup,2425664,2.31329
eigen_partial_piv_lu,multiple_rhs,diagonally_dominant,256,9,after_multiple_rhs_problem_setup,2425664,2.31329
eigen_partial_piv_lu,multiple_rhs,diagonally_dominant,256,9,before_eigen_multiple_rhs_benchmark,2425664,2.31329
eigen_partial_piv_lu,multiple_rhs,diagonally_dominant,256,9,after_eigen_multiple_rhs_benchmark,2425664,2.31329
eigen_partial_piv_lu,multiple_rhs,diagonally_dominant,256,9,before_eigen_multiple_rhs_benchmark,2425664,2.31329
eigen_partial_piv_lu,multiple_rhs,diagonally_dominant,256,9,after_eigen_multiple_rhs_benchmark,2425664,2.31329
eigen_partial_piv_lu,multiple_rhs,diagonally_dominant,256,9,before_eigen_multiple_rhs_benchmark,2425664,2.31329
eigen_partial_piv_lu,multiple_rhs,diagonally_dominant,256,9,after_eigen_multiple_rhs_benchmark,2425664,2.31329
eigen_partial_piv_lu,multiple_rhs,diagonally_dominant,256,9,before_eigen_multiple_rhs_benchmark,2425664,2.31329
eigen_partial_piv_lu,multiple_rhs,diagonally_dominant,256,9,after_eigen_multiple_rhs_benchmark,2425664,2.31329
eigen_partial_piv_lu,multiple_rhs,diagonally_dominant,256,9,before_eigen_multiple_rhs_benchmark,2425664,2.31329
eigen_partial_piv_lu,multiple_rhs,diagonally_dominant,256,9,after_eigen_multiple_rhs_benchmark,2458432,2.34454
eigen_partial_piv_lu,multiple_rhs,diagonally_dominant,256,10,before_multiple_rhs_problem_setup,2458432,2.34454
eigen_partial_piv_lu,multiple_rhs,diagonally_dominant,256,10,after_multiple_rhs_problem_setup,2458432,2.34454
eigen_partial_piv_lu,multiple_rhs,diagonally_dominant,256,10,before_eigen_multiple_rhs_benchmark,2458432,2.34454
eigen_partial_piv_lu,multiple_rhs,diagonally_dominant,256,10,after_eigen_multiple_rhs_benchmark,2458432,2.34454
eigen_partial_piv_lu,multiple_rhs,diagonally_dominant,256,10,before_eigen_multiple_rhs_benchmark,2458432,2.34454
eigen_partial_piv_lu,multiple_rhs,diagonally_dominant,256,10,after_eigen_multiple_rhs_benchmark,2458432,2.34454
eigen_partial_piv_lu,multiple_rhs,diagonally_dominant,256,10,before_eigen_multiple_rhs_benchmark,2458432,2.34454
eigen_partial_piv_lu,multiple_rhs,diagonally_dominant,256,10,after_eigen_multiple_rhs_benchmark,2458432,2.34454
eigen_partial_piv_lu,multiple_rhs,diagonally_dominant,256,10,before_eigen_multiple_rhs_benchmark,2458432,2.34454
eigen_partial_piv_lu,multiple_rhs,diagonally_dominant,256,10,after_eigen_multiple_rhs_benchmark,2458432,2.34454
eigen_partial_piv_lu,multiple_rhs,diagonally_dominant,256,10,before_eigen_multiple_rhs_benchmark,2458432,2.34454
eigen_partial_piv_lu,multiple_rhs,diagonally_dominant,256,10,after_eigen_multiple_rhs_benchmark,2458432,2.34454
eigen_partial_piv_lu,multiple_rhs,diagonally_dominant,256,11,before_multiple_rhs_problem_setup,2458432,2.34454
eigen_partial_piv_lu,multiple_rhs,diagonally_dominant,256,11,after_multiple_rhs_problem_setup,2458432,2.34454
eigen_partial_piv_lu,multiple_rhs,diagonally_dominant,256,11,before_eigen_multiple_rhs_benchmark,2458432,2.34454
eigen_partial_piv_lu,multiple_rhs,diagonally_dominant,256,11,after_eigen_multiple_rhs_benchmark,2458432,2.34454
eigen_partial_piv_lu,multiple_rhs,diagonally_dominant,256,11,before_eigen_multiple_rhs_benchmark,2458432,2.34454
eigen_partial_piv_lu,multiple_rhs,diagonally_dominant,256,11,after_eigen_multiple_rhs_benchmark,2458432,2.34454
eigen_partial_piv_lu,multiple_rhs,diagonally_dominant,256,11,before_eigen_multiple_rhs_benchmark,2458432,2.34454
eigen_partial_piv_lu,multiple_rhs,diagonally_dominant,256,11,after_eigen_multiple_rhs_benchmark,2458432,2.34454
eigen_partial_piv_lu,multiple_rhs,diagonally_dominant,256,11,before_eigen_multiple_rhs_benchmark,2458432,2.34454
eigen_partial_piv_lu,multiple_rhs,diagonally_dominant,256,11,after_eigen_multiple_rhs_benchmark,2458432,2.34454
eigen_partial_piv_lu,multiple_rhs,diagonally_dominant,256,11,before_eigen_multiple_rhs_benchmark,2458432,2.34454
eigen_partial_piv_lu,multiple_rhs,diagonally_dominant,256,11,after_eigen_multiple_rhs_benchmark,2458432,2.34454
eigen_partial_piv_lu,multiple_rhs,diagonally_dominant,256,12,before_multiple_rhs_problem_setup,2458432,2.34454
eigen_partial_piv_lu,multiple_rhs,diagonally_dominant,256,12,after_multiple_rhs_problem_setup,2458432,2.34454
eigen_partial_piv_lu,multiple_rhs,diagonally_dominant,256,12,before_eigen_multiple_rhs_benchmark,2458432,2.34454
eigen_partial_piv_lu,multiple_rhs,diagonally_dominant,256,12,after_eigen_multiple_rhs_benchmark,2458432,2.34454
eigen_partial_piv_lu,multiple_rhs,diagonally_dominant,256,12,before_eigen_multiple_rhs_benchmark,2458432,2.34454
eigen_partial_piv_lu,multiple_rhs,diagonally_dominant,256,12,after_eigen_multiple_rhs_benchmark,2458432,2.34454
eigen_partial_piv_lu,multiple_rhs,diagonally_dominant,256,12,before_eigen_multiple_rhs_benchmark,2458432,2.34454
eigen_partial_piv_lu,multiple_rhs,diagonally_dominant,256,12,after_eigen_multiple_rhs_benchmark,2458432,2.34454
eigen_partial_piv_lu,multiple_rhs,diagonally_dominant,256,12,before_eigen_multiple_rhs_benchmark,2458432,2.34454
eigen_partial_piv_lu,multiple_rhs,diagonally_dominant,256,12,after_eigen_multiple_rhs_benchmark,2458432,2.34454
eigen_partial_piv_lu,multiple_rhs,diagonally_dominant,256,12,before_eigen_multiple_rhs_benchmark,2458432,2.34454
eigen_partial_piv_lu,multiple_rhs,diagonally_dominant,256,12,after_eigen_multiple_rhs_benchmark,2458432,2.34454
eigen_partial_piv_lu,multiple_rhs,diagonally_dominant,256,13,before_multiple_rhs_problem_setup,2458432,2.34454
eigen_partial_piv_lu,multiple_rhs,diagonally_dominant,256,13,after_multiple_rhs_problem_setup,2458432,2.34454
eigen_partial_piv_lu,multiple_rhs,diagonally_dominant,256,13,before_eigen_multiple_rhs_benchmark,2458432,2.34454
eigen_partial_piv_lu,multiple_rhs,diagonally_dominant,256,13,after_eigen_multiple_rhs_benchmark,2458432,2.34454
eigen_partial_piv_lu,multiple_rhs,diagonally_dominant,256,13,before_eigen_multiple_rhs_benchmark,2458432,2.34454
eigen_partial_piv_lu,multiple_rhs,diagonally_dominant,256,13,after_eigen_multiple_rhs_benchmark,2458432,2.34454
eigen_partial_piv_lu,multiple_rhs,diagonally_dominant,256,13,before_eigen_multiple_rhs_benchmark,2458432,2.34454
eigen_partial_piv_lu,multiple_rhs,diagonally_dominant,256,13,after_eigen_multiple_rhs_benchmark,2458432,2.34454
eigen_partial_piv_lu,multiple_rhs,diagonally_dominant,256,13,before_eigen_multiple_rhs_benchmark,2458432,2.34454
eigen_partial_piv_lu,multiple_rhs,diagonally_dominant,256,13,after_eigen_multiple_rhs_benchmark,2458432,2.34454
eigen_partial_piv_lu,multiple_rhs,diagonally_dominant,256,13,before_eigen_multiple_rhs_benchmark,2458432,2.34454
eigen_partial_piv_lu,multiple_rhs,diagonally_dominant,256,13,after_eigen_multiple_rhs_benchmark,2458432,2.34454
eigen_partial_piv_lu,multiple_rhs,diagonally_dominant,256,14,before_multiple_rhs_problem_setup,2458432,2.34454
eigen_partial_piv_lu,multiple_rhs,diagonally_dominant,256,14,after_multiple_rhs_problem_setup,2458432,2.34454
eigen_partial_piv_lu,multiple_rhs,diagonally_dominant,256,14,before_eigen_multiple_rhs_benchmark,2458432,2.34454
eigen_partial_piv_lu,multiple_rhs,diagonally_dominant,256,14,after_eigen_multiple_rhs_benchmark,2458432,2.34454
eigen_partial_piv_lu,multiple_rhs,diagonally_dominant,256,14,before_eigen_multiple_rhs_benchmark,2458432,2.34454
eigen_partial_piv_lu,multiple_rhs,diagonally_dominant,256,14,after_eigen_multiple_rhs_benchmark,2458432,2.34454
eigen_partial_piv_lu,multiple_rhs,diagonally_dominant,256,14,before_eigen_multiple_rhs_benchmark,2458432,2.34454
eigen_partial_piv_lu,multiple_rhs,diagonally_dominant,256,14,after_eigen_multiple_rhs_benchmark,2458432,2.34454
eigen_partial_piv_lu,multiple_rhs,diagonally_dominant,256,14,before_eigen_multiple_rhs_benchmark,2458432,2.34454
eigen_partial_piv_lu,multiple_rhs,diagonally_dominant,256,14,after_eigen_multiple_rhs_benchmark,2458432,2.34454
eigen_partial_piv_lu,multiple_rhs,diagonally_dominant,256,14,before_eigen_multiple_rhs_benchmark,2458432,2.34454
eigen_partial_piv_lu,multiple_rhs,diagonally_dominant,256,14,after_eigen_multiple_rhs_benchmark,2458432,2.34454
custom_lu,multiple_rhs_residual,random_dense,8,0,before_problem_setup,2458432,2.34454
custom_lu,multiple_rhs_residual,random_dense,8,0,after_problem_setup,2458432,2.34454
custom_lu,multiple_rhs_residual,random_dense,8,0,before_multiples_rhs_residual_benchmarks,2458432,2.34454
custom_lu,multiple_rhs_residual,random_dense,8,0,after_multiples_rhs_residual_benchmarks,2458432,2.34454
custom_lu,multiple_rhs_residual,random_dense,8,0,before_multiples_rhs_residual_benchmarks,2458432,2.34454
custom_lu,multiple_rhs_residual,random_dense,8,0,after_multiples_rhs_residual_benchmarks,2458432,2.34454
custom_lu,multiple_rhs_residual,random_dense,8,0,before_multiples_rhs_residual_benchmarks,2458432,2.34454
custom_lu,multiple_rhs_residual,random_dense,8,0,after_multiples_rhs_residual_benchmarks,2458432,2.34454
custom_lu,multiple_rhs_residual,random_dense,8,0,before_multiples_rhs_residual_benchmarks,2458432,2.34454
custom_lu,multiple_rhs_residual,random_dense,8,0,after_multiples_rhs_residual_benchmarks,2458432,2.34454
custom_lu,multiple_rhs_residual,random_dense,8,0,before_multiples_rhs_residual_benchmarks,2458432,2.34454
custom_lu,multiple_rhs_residual,random_dense,8,0,after_multiples_rhs_residual_benchmarks,2458432,2.34454
custom_lu,multiple_rhs_residual,random_dense,8,1,before_problem_setup,2458432,2.34454
custom_lu,multiple_rhs_residual,random_dense,8,1,after_problem_setup,2458432,2.34454
custom_lu,multiple_rhs_residual,random_dense,8,1,before_multiples_rhs_residual_benchmarks,2458432,2.34454
custom_lu,multiple_rhs_residual,random_dense,8,1,after_multiples_rhs_residual_benchmarks,2458432,2.34454
custom_lu,multiple_rhs_residual,random_dense,8,1,before_multiples_rhs_residual_benchmarks,2458432,2.34454
custom_lu,multiple_rhs_residual,random_dense,8,1,after_multiples_rhs_residual_benchmarks,2458432,2.34454
custom_lu,multiple_rhs_residual,random_dense,8,1,before_multiples_rhs_residual_benchmarks,2458432,2.34454
custom_lu,multiple_rhs_residual,random_dense,8,1,after_multiples_rhs_residual_benchmarks,2458432,2.34454
custom_lu,multiple_rhs_residual,random_dense,8,1,before_multiples_rhs_residual_benchmarks,2458432,2.34454
custom_lu,multiple_rhs_residual,random_dense,8,1,after_multiples_rhs_residual_benchmarks,2458432,2.34454
custom_lu,multiple_rhs_residual,random_dense,8,1,before_multiples_rhs_residual_benchmarks,2458432,2.34454
custom_lu,multiple_rhs_residual,random_dense,8,1,after_multiples_rhs_residual_benchmarks,2458432,2.34454
custom_lu,multiple_rhs_residual,random_dense,8,2,before_problem_setup,2458432,2.34454
custom_lu,multiple_rhs_residual,random_dense,8,2,after_problem_setup,2458432,2.34454
custom_lu,multiple_rhs_residual,random_dense,8,2,before_multiples_rhs_residual_benchmarks,2458432,2.34454
custom_lu,multiple_rhs_residual,random_dense,8,2,after_multiples_rhs_residual_benchmarks,2458432,2.34454
custom_lu,multiple_rhs_residual,random_dense,8,2,before_multiples_rhs_residual_benchmarks,2458432,2.34454
custom_lu,multiple_rhs_residual,random_dense,8,2,after_multiples_rhs_residual_benchmarks,2458432,2.34454
custom_lu,multiple_rhs_residual,random_dense,8,2,before_multiples_rhs_residual_benchmarks,2458432,2.34454
custom_lu,multiple_rhs_residual,random_dense,8,2,after_multiples_rhs_residual_benchmarks,2458432,2.34454
custom_lu,multiple_rhs_residual,random_dense,8,2,before_multiples_rhs_residual_benchmarks,2458432,2.34454
custom_lu,multiple_rhs_residual,random_dense,8,2,after_multiples_rhs_residual_benchmarks,2458432,2.34454
custom_lu,multiple_rhs_residual,random_dense,8,2,before_multiples_rhs_residual_benchmarks,2458432,2.34454
custom_lu,multiple_rhs_residual,random_dense,8,2,after_multiples_rhs_residual_benchmarks,2458432,2.34454
custom_lu,multiple_rhs_residual,random_dense,8,3,before_problem_setup,2458432,2.34454
custom_lu,multiple_rhs_residual,random_dense,8,3,after_problem_setup,2458432,2.34454
custom_lu,multiple_rhs_residual,random_dense,8,3,before_multiples_rhs_residual_benchmarks,2458432,2.34454
custom_lu,multiple_rhs_residual,random_dense,8,3,after_multiples_rhs_residual_benchmarks,2458432,2.34454
custom_lu,multiple_rhs_residual,random_dense,8,3,before_multiples_rhs_residual_benchmarks,2458432,2.34454
custom_lu,multiple_rhs_residual,random_dense,8,3,after_multiples_rhs_residual_benchmarks,2458432,2.34454
custom_lu,multiple_rhs_residual,random_dense,8,3,before_multiples_rhs_residual_benchmarks,2458432,2.34454
custom_lu,multiple_rhs_residual,random_dense,8,3,after_multiples_rhs_residual_benchmarks,2458432,2.34454
custom_lu,multiple_rhs_residual,random_dense,8,3,before_multiples_rhs_residual_benchmarks,2458432,2.34454
custom_lu,multiple_rhs_residual,random_dense,8,3,after_multiples_rhs_residual_benchmarks,2458432,2.34454
custom_lu,multiple_rhs_residual,random_dense,8,3,before_multiples_rhs_residual_benchmarks,2458432,2.34454
custom_lu,multiple_rhs_residual,random_dense,8,3,after_multiples_rhs_residual_benchmarks,2458432,2.34454
custom_lu,multiple_rhs_residual,random_dense,8,4,before_problem_setup,2458432,2.34454
custom_lu,multiple_rhs_residual,random_dense,8,4,after_problem_setup,2458432,2.34454
custom_lu,multiple_rhs_residual,random_dense,8,4,before_multiples_rhs_residual_benchmarks,2458432,2.34454
custom_lu,multiple_rhs_residual,random_dense,8,4,after_multiples_rhs_residual_benchmarks,2458432,2.34454
custom_lu,multiple_rhs_residual,random_dense,8,4,before_multiples_rhs_residual_benchmarks,2458432,2.34454
custom_lu,multiple_rhs_residual,random_dense,8,4,after_multiples_rhs_residual_benchmarks,2458432,2.34454
custom_lu,multiple_rhs_residual,random_dense,8,4,before_multiples_rhs_residual_benchmarks,2458432,2.34454
custom_lu,multiple_rhs_residual,random_dense,8,4,after_multiples_rhs_residual_benchmarks,2458432,2.34454
custom_lu,multiple_rhs_residual,random_dense,8,4,before_multiples_rhs_residual_benchmarks,2458432,2.34454
custom_lu,multiple_rhs_residual,random_dense,8,4,after_multiples_rhs_residual_benchmarks,2458432,2.34454
custom_lu,multiple_rhs_residual,random_dense,8,4,before_multiples_rhs_residual_benchmarks,2458432,2.34454
custom_lu,multiple_rhs_residual,random_dense,8,4,after_multiples_rhs_residual_benchmarks,2458432,2.34454
custom_lu,multiple_rhs_residual,random_dense,8,5,before_problem_setup,2458432,2.34454
custom_lu,multiple_rhs_residual,random_dense,8,5,after_problem_setup,2458432,2.34454
custom_lu,multiple_rhs_residual,random_dense,8,5,before_multiples_rhs_residual_benchmarks,2458432,2.34454
custom_lu,multiple_rhs_residual,random_dense,8,5,after_multiples_rhs_residual_benchmarks,2458432,2.34454
custom_lu,multiple_rhs_residual,random_dense,8,5,before_multiples_rhs_residual_benchmarks,2458432,2.34454
custom_lu,multiple_rhs_residual,random_dense,8,5,after_multiples_rhs_residual_benchmarks,2458432,2.34454
custom_lu,multiple_rhs_residual,random_dense,8,5,before_multiples_rhs_residual_benchmarks,2458432,2.34454
custom_lu,multiple_rhs_residual,random_dense,8,5,after_multiples_rhs_residual_benchmarks,2458432,2.34454
custom_lu,multiple_rhs_residual,random_dense,8,5,before_multiples_rhs_residual_benchmarks,2458432,2.34454
custom_lu,multiple_rhs_residual,random_dense,8,5,after_multiples_rhs_residual_benchmarks,2458432,2.34454
custom_lu,multiple_rhs_residual,random_dense,8,5,before_multiples_rhs_residual_benchmarks,2458432,2.34454
custom_lu,multiple_rhs_residual,random_dense,8,5,after_multiples_rhs_residual_benchmarks,2458432,2.34454
custom_lu,multiple_rhs_residual,random_dense,8,6,before_problem_setup,2458432,2.34454
custom_lu,multiple_rhs_residual,random_dense,8,6,after_problem_setup,2458432,2.34454
custom_lu,multiple_rhs_residual,random_dense,8,6,before_multiples_rhs_residual_benchmarks,2458432,2.34454
custom_lu,multiple_rhs_residual,random_dense,8,6,after_multiples_rhs_residual_benchmarks,2458432,2.34454
custom_lu,multiple_rhs_residual,random_dense,8,6,before_multiples_rhs_residual_benchmarks,2458432,2.34454
custom_lu,multiple_rhs_residual,random_dense,8,6,after_multiples_rhs_residual_benchmarks,2458432,2.34454
custom_lu,multiple_rhs_residual,random_dense,8,6,before_multiples_rhs_residual_benchmarks,2458432,2.34454
custom_lu,multiple_rhs_residual,random_dense,8,6,after_multiples_rhs_residual_benchmarks,2458432,2.34454
custom_lu,multiple_rhs_residual,random_dense,8,6,before_multiples_rhs_residual_benchmarks,2458432,2.34454
custom_lu,multiple_rhs_residual,random_dense,8,6,after_multiples_rhs_residual_benchmarks,2458432,2.34454
custom_lu,multiple_rhs_residual,random_dense,8,6,before_multiples_rhs_residual_benchmarks,2458432,2.34454
custom_lu,multiple_rhs_residual,random_dense,8,6,after_multiples_rhs_residual_benchmarks,2458432,2.34454
custom_lu,multiple_rhs_residual,random_dense,8,7,before_problem_setup,2458432,2.34454
custom_lu,multiple_rhs_residual,random_dense,8,7,after_problem_setup,2458432,2.34454
custom_lu,multiple_rhs_residual,random_dense,8,7,before_multiples_rhs_residual_benchmarks,2458432,2.34454
custom_lu,multiple_rhs_residual,random_dense,8,7,after_multiples_rhs_residual_benchmarks,2458432,2.34454
custom_lu,multiple_rhs_residual,random_dense,8,7,before_multiples_rhs_residual_benchmarks,2458432,2.34454
custom_lu,multiple_rhs_residual,random_dense,8,7,after_multiples_rhs_residual_benchmarks,2458432,2.34454
custom_lu,multiple_rhs_residual,random_dense,8,7,before_multiples_rhs_residual_benchmarks,2458432,2.34454
custom_lu,multiple_rhs_residual,random_dense,8,7,after_multiples_rhs_residual_benchmarks,2458432,2.34454
custom_lu,multiple_rhs_residual,random_dense,8,7,before_multiples_rhs_residual_benchmarks,2458432,2.34454
custom_lu,multiple_rhs_residual,random_dense,8,7,after_multiples_rhs_residual_benchmarks,2458432,2.34454
custom_lu,multiple_rhs_residual,random_dense,8,7,before_multiples_rhs_residual_benchmarks,2458432,2.34454
custom_lu,multiple_rhs_residual,random_dense,8,7,after_multiples_rhs_residual_benchmarks,2458432,2.34454
custom_lu,multiple_rhs_residual,random_dense,8,8,before_problem_setup,2458432,2.34454
custom_lu,multiple_rhs_residual,random_dense,8,8,after_problem_setup,2458432,2.34454
custom_lu,multiple_rhs_residual,random_dense,8,8,before_multiples_rhs_residual_benchmarks,2458432,2.34454
custom_lu,multiple_rhs_residual,random_dense,8,8,after_multiples_rhs_residual_benchmarks,2458432,2.34454
custom_lu,multiple_rhs_residual,random_dense,8,8,before_multiples_rhs_residual_benchmarks,2458432,2.34454
custom_lu,multiple_rhs_residual,random_dense,8,8,after_multiples_rhs_residual_benchmarks,2458432,2.34454
custom_lu,multiple_rhs_residual,random_dense,8,8,before_multiples_rhs_residual_benchmarks,2458432,2.34454
custom_lu,multiple_rhs_residual,random_dense,8,8,after_multiples_rhs_residual_benchmarks,2458432,2.34454
custom_lu,multiple_rhs_residual,random_dense,8,8,before_multiples_rhs_residual_benchmarks,2458432,2.34454
custom_lu,multiple_rhs_residual,random_dense,8,8,after_multiples_rhs_residual_benchmarks,2458432,2.34454
custom_lu,multiple_rhs_residual,random_dense,8,8,before_multiples_rhs_residual_benchmarks,2458432,2.34454
custom_lu,multiple_rhs_residual,random_dense,8,8,after_multiples_rhs_residual_benchmarks,2458432,2.34454
custom_lu,multiple_rhs_residual,random_dense,8,9,before_problem_setup,2458432,2.34454
custom_lu,multiple_rhs_residual,random_dense,8,9,after_problem_setup,2458432,2.34454
custom_lu,multiple_rhs_residual,random_dense,8,9,before_multiples_rhs_residual_benchmarks,2458432,2.34454
custom_lu,multiple_rhs_residual,random_dense,8,9,after_multiples_rhs_residual_benchmarks,2458432,2.34454
custom_lu,multiple_rhs_residual,random_dense,8,9,before_multiples_rhs_residual_benchmarks,2458432,2.34454
custom_lu,multiple_rhs_residual,random_dense,8,9,after_multiples_rhs_residual_benchmarks,2458432,2.34454
custom_lu,multiple_rhs_residual,random_dense,8,9,before_multiples_rhs_residual_benchmarks,2458432,2.34454
custom_lu,multiple_rhs_residual,random_dense,8,9,after_multiples_rhs_residual_benchmarks,2458432,2.34454
custom_lu,multiple_rhs_residual,random_dense,8,9,before_multiples_rhs_residual_benchmarks,2458432,2.34454
custom_lu,multiple_rhs_residual,random_dense,8,9,after_multiples_rhs_residual_benchmarks,2458432,2.34454
custom_lu,multiple_rhs_residual,random_dense,8,9,before_multiples_rhs_residual_benchmarks,2458432,2.34454
custom_lu,multiple_rhs_residual,random_dense,8,9,after_multiples_rhs_residual_benchmarks,2458432,2.34454
custom_lu,multiple_rhs_residual,random_dense,8,10,before_problem_setup,2458432,2.34454
custom_lu,multiple_rhs_residual,random_dense,8,10,after_problem_setup,2458432,2.34454
custom_lu,multiple_rhs_residual,random_dense,8,10,before_multiples_rhs_residual_benchmarks,2458432,2.34454
custom_lu,multiple_rhs_residual,random_dense,8,10,after_multiples_rhs_residual_benchmarks,2458432,2.34454
custom_lu,multiple_rhs_residual,random_dense,8,10,before_multiples_rhs_residual_benchmarks,2458432,2.34454
custom_lu,multiple_rhs_residual,random_dense,8,10,after_multiples_rhs_residual_benchmarks,2458432,2.34454
custom_lu,multiple_rhs_residual,random_dense,8,10,before_multiples_rhs_residual_benchmarks,2458432,2.34454
custom_lu,multiple_rhs_residual,random_dense,8,10,after_multiples_rhs_residual_benchmarks,2458432,2.34454
custom_lu,multiple_rhs_residual,random_dense,8,10,before_multiples_rhs_residual_benchmarks,2458432,2.34454
custom_lu,multiple_rhs_residual,random_dense,8,10,after_multiples_rhs_residual_benchmarks,2458432,2.34454
custom_lu,multiple_rhs_residual,random_dense,8,10,before_multiples_rhs_residual_benchmarks,2458432,2.34454
custom_lu,multiple_rhs_residual,random_dense,8,10,after_multiples_rhs_residual_benchmarks,2458432,2.34454
custom_lu,multiple_rhs_residual,random_dense,8,11,before_problem_setup,2458432,2.34454
custom_lu,multiple_rhs_residual,random_dense,8,11,after_problem_setup,2458432,2.34454
custom_lu,multiple_rhs_residual,random_dense,8,11,before_multiples_rhs_residual_benchmarks,2458432,2.34454
custom_lu,multiple_rhs_residual,random_dense,8,11,after_multiples_rhs_residual_benchmarks,2458432,2.34454
custom_lu,multiple_rhs_residual,random_dense,8,11,before_multiples_rhs_residual_benchmarks,2458432,2.34454
custom_lu,multiple_rhs_residual,random_dense,8,11,after_multiples_rhs_residual_benchmarks,2458432,2.34454
custom_lu,multiple_rhs_residual,random_dense,8,11,before_multiples_rhs_residual_benchmarks,2458432,2.34454
custom_lu,multiple_rhs_residual,random_dense,8,11,after_multiples_rhs_residual_benchmarks,2458432,2.34454
custom_lu,multiple_rhs_residual,random_dense,8,11,before_multiples_rhs_residual_benchmarks,2458432,2.34454
custom_lu,multiple_rhs_residual,random_dense,8,11,after_multiples_rhs_residual_benchmarks,2458432,2.34454
custom_lu,multiple_rhs_residual,random_dense,8,11,before_multiples_rhs_residual_benchmarks,2458432,2.34454
custom_lu,multiple_rhs_residual,random_dense,8,11,after_multiples_rhs_residual_benchmarks,2458432,2.34454
custom_lu,multiple_rhs_residual,random_dense,8,12,before_problem_setup,2458432,2.34454
custom_lu,multiple_rhs_residual,random_dense,8,12,after_problem_setup,2458432,2.34454
custom_lu,multiple_rhs_residual,random_dense,8,12,before_multiples_rhs_residual_benchmarks,2458432,2.34454
custom_lu,multiple_rhs_residual,random_dense,8,12,after_multiples_rhs_residual_benchmarks,2458432,2.34454
custom_lu,multiple_rhs_residual,random_dense,8,12,before_multiples_rhs_residual_benchmarks,2458432,2.34454
custom_lu,multiple_rhs_residual,random_dense,8,12,after_multiples_rhs_residual_benchmarks,2458432,2.34454
custom_lu,multiple_rhs_residual,random_dense,8,12,before_multiples_rhs_residual_benchmarks,2458432,2.34454
custom_lu,multiple_rhs_residual,random_dense,8,12,after_multiples_rhs_residual_benchmarks,2458432,2.34454
custom_lu,multiple_rhs_residual,random_dense,8,12,before_multiples_rhs_residual_benchmarks,2458432,2.34454
custom_lu,multiple_rhs_residual,random_dense,8,12,after_multiples_rhs_residual_benchmarks,2458432,2.34454
custom_lu,multiple_rhs_residual,random_dense,8,12,before_multiples_rhs_residual_benchmarks,2458432,2.34454
custom_lu,multiple_rhs_residual,random_dense,8,12,after_multiples_rhs_residual_benchmarks,2458432,2.34454
custom_lu,multiple_rhs_residual,random_dense,8,13,before_problem_setup,2458432,2.34454
custom_lu,multiple_rhs_residual,random_dense,8,13,after_problem_setup,2458432,2.34454
custom_lu,multiple_rhs_residual,random_dense,8,13,before_multiples_rhs_residual_benchmarks,2458432,2.34454
custom_lu,multiple_rhs_residual,random_dense,8,13,after_multiples_rhs_residual_benchmarks,2458432,2.34454
custom_lu,multiple_rhs_residual,random_dense,8,13,before_multiples_rhs_residual_benchmarks,2458432,2.34454
custom_lu,multiple_rhs_residual,random_dense,8,13,after_multiples_rhs_residual_benchmarks,2458432,2.34454
custom_lu,multiple_rhs_residual,random_dense,8,13,before_multiples_rhs_residual_benchmarks,2458432,2.34454
custom_lu,multiple_rhs_residual,random_dense,8,13,after_multiples_rhs_residual_benchmarks,2458432,2.34454
custom_lu,multiple_rhs_residual,random_dense,8,13,before_multiples_rhs_residual_benchmarks,2458432,2.34454
custom_lu,multiple_rhs_residual,random_dense,8,13,after_multiples_rhs_residual_benchmarks,2458432,2.34454
custom_lu,multiple_rhs_residual,random_dense,8,13,before_multiples_rhs_residual_benchmarks,2458432,2.34454
custom_lu,multiple_rhs_residual,random_dense,8,13,after_multiples_rhs_residual_benchmarks,2458432,2.34454
custom_lu,multiple_rhs_residual,random_dense,8,14,before_problem_setup,2458432,2.34454
custom_lu,multiple_rhs_residual,random_dense,8,14,after_problem_setup,2458432,2.34454
custom_lu,multiple_rhs_residual,random_dense,8,14,before_multiples_rhs_residual_benchmarks,2458432,2.34454
custom_lu,multiple_rhs_residual,random_dense,8,14,after_multiples_rhs_residual_benchmarks,2458432,2.34454
custom_lu,multiple_rhs_residual,random_dense,8,14,before_multiples_rhs_residual_benchmarks,2458432,2.34454
custom_lu,multiple_rhs_residual,random_dense,8,14,after_multiples_rhs_residual_benchmarks,2458432,2.34454
custom_lu,multiple_rhs_residual,random_dense,8,14,before_multiples_rhs_residual_benchmarks,2458432,2.34454
custom_lu,multiple_rhs_residual,random_dense,8,14,after_multiples_rhs_residual_benchmarks,2458432,2.34454
custom_lu,multiple_rhs_residual,random_dense,8,14,before_multiples_rhs_residual_benchmarks,2458432,2.34454
custom_lu,multiple_rhs_residual,random_dense,8,14,after_multiples_rhs_residual_benchmarks,2458432,2.34454
custom_lu,multiple_rhs_residual,random_dense,8,14,before_multiples_rhs_residual_benchmarks,2458432,2.34454
custom_lu,multiple_rhs_residual,random_dense,8,14,after_multiples_rhs_residual_benchmarks,2458432,2.34454
custom_lu,multiple_rhs_residual,diagonally_dominant,8,0,before_problem_setup,2458432,2.34454
custom_lu,multiple_rhs_residual,diagonally_dominant,8,0,after_problem_setup,2458432,2.34454
custom_lu,multiple_rhs_residual,diagonally_dominant,8,0,before_multiples_rhs_residual_benchmarks,2458432,2.34454
custom_lu,multiple_rhs_residual,diagonally_dominant,8,0,after_multiples_rhs_residual_benchmarks,2458432,2.34454
custom_lu,multiple_rhs_residual,diagonally_dominant,8,0,before_multiples_rhs_residual_benchmarks,2458432,2.34454
custom_lu,multiple_rhs_residual,diagonally_dominant,8,0,after_multiples_rhs_residual_benchmarks,2458432,2.34454
custom_lu,multiple_rhs_residual,diagonally_dominant,8,0,before_multiples_rhs_residual_benchmarks,2458432,2.34454
custom_lu,multiple_rhs_residual,diagonally_dominant,8,0,after_multiples_rhs_residual_benchmarks,2458432,2.34454
custom_lu,multiple_rhs_residual,diagonally_dominant,8,0,before_multiples_rhs_residual_benchmarks,2458432,2.34454
custom_lu,multiple_rhs_residual,diagonally_dominant,8,0,after_multiples_rhs_residual_benchmarks,2458432,2.34454
custom_lu,multiple_rhs_residual,diagonally_dominant,8,0,before_multiples_rhs_residual_benchmarks,2458432,2.34454
custom_lu,multiple_rhs_residual,diagonally_dominant,8,0,after_multiples_rhs_residual_benchmarks,2458432,2.34454
custom_lu,multiple_rhs_residual,diagonally_dominant,8,1,before_problem_setup,2458432,2.34454
custom_lu,multiple_rhs_residual,diagonally_dominant,8,1,after_problem_setup,2458432,2.34454
custom_lu,multiple_rhs_residual,diagonally_dominant,8,1,before_multiples_rhs_residual_benchmarks,2458432,2.34454
custom_lu,multiple_rhs_residual,diagonally_dominant,8,1,after_multiples_rhs_residual_benchmarks,2458432,2.34454
custom_lu,multiple_rhs_residual,diagonally_dominant,8,1,before_multiples_rhs_residual_benchmarks,2458432,2.34454
custom_lu,multiple_rhs_residual,diagonally_dominant,8,1,after_multiples_rhs_residual_benchmarks,2458432,2.34454
custom_lu,multiple_rhs_residual,diagonally_dominant,8,1,before_multiples_rhs_residual_benchmarks,2458432,2.34454
custom_lu,multiple_rhs_residual,diagonally_dominant,8,1,after_multiples_rhs_residual_benchmarks,2458432,2.34454
custom_lu,multiple_rhs_residual,diagonally_dominant,8,1,before_multiples_rhs_residual_benchmarks,2458432,2.34454
custom_lu,multiple_rhs_residual,diagonally_dominant,8,1,after_multiples_rhs_residual_benchmarks,2458432,2.34454
custom_lu,multiple_rhs_residual,diagonally_dominant,8,1,before_multiples_rhs_residual_benchmarks,2458432,2.34454
custom_lu,multiple_rhs_residual,diagonally_dominant,8,1,after_multiples_rhs_residual_benchmarks,2458432,2.34454
custom_lu,multiple_rhs_residual,diagonally_dominant,8,2,before_problem_setup,2458432,2.34454
custom_lu,multiple_rhs_residual,diagonally_dominant,8,2,after_problem_setup,2458432,2.34454
custom_lu,multiple_rhs_residual,diagonally_dominant,8,2,before_multiples_rhs_residual_benchmarks,2458432,2.34454
custom_lu,multiple_rhs_residual,diagonally_dominant,8,2,after_multiples_rhs_residual_benchmarks,2458432,2.34454
custom_lu,multiple_rhs_residual,diagonally_dominant,8,2,before_multiples_rhs_residual_benchmarks,2458432,2.34454
custom_lu,multiple_rhs_residual,diagonally_dominant,8,2,after_multiples_rhs_residual_benchmarks,2458432,2.34454
custom_lu,multiple_rhs_residual,diagonally_dominant,8,2,before_multiples_rhs_residual_benchmarks,2458432,2.34454
custom_lu,multiple_rhs_residual,diagonally_dominant,8,2,after_multiples_rhs_residual_benchmarks,2458432,2.34454
custom_lu,multiple_rhs_residual,diagonally_dominant,8,2,before_multiples_rhs_residual_benchmarks,2458432,2.34454
custom_lu,multiple_rhs_residual,diagonally_dominant,8,2,after_multiples_rhs_residual_benchmarks,2458432,2.34454
custom_lu,multiple_rhs_residual,diagonally_dominant,8,2,before_multiples_rhs_residual_benchmarks,2458432,2.34454
custom_lu,multiple_rhs_residual,diagonally_dominant,8,2,after_multiples_rhs_residual_benchmarks,2458432,2.34454
custom_lu,multiple_rhs_residual,diagonally_dominant,8,3,before_problem_setup,2458432,2.34454
custom_lu,multiple_rhs_residual,diagonally_dominant,8,3,after_problem_setup,2458432,2.34454
custom_lu,multiple_rhs_residual,diagonally_dominant,8,3,before_multiples_rhs_residual_benchmarks,2458432,2.34454
custom_lu,multiple_rhs_residual,diagonally_dominant,8,3,after_multiples_rhs_residual_benchmarks,2458432,2.34454
custom_lu,multiple_rhs_residual,diagonally_dominant,8,3,before_multiples_rhs_residual_benchmarks,2458432,2.34454
custom_lu,multiple_rhs_residual,diagonally_dominant,8,3,after_multiples_rhs_residual_benchmarks,2458432,2.34454
custom_lu,multiple_rhs_residual,diagonally_dominant,8,3,before_multiples_rhs_residual_benchmarks,2458432,2.34454
custom_lu,multiple_rhs_residual,diagonally_dominant,8,3,after_multiples_rhs_residual_benchmarks,2458432,2.34454
custom_lu,multiple_rhs_residual,diagonally_dominant,8,3,before_multiples_rhs_residual_benchmarks,2458432,2.34454
custom_lu,multiple_rhs_residual,diagonally_dominant,8,3,after_multiples_rhs_residual_benchmarks,2458432,2.34454
custom_lu,multiple_rhs_residual,diagonally_dominant,8,3,before_multiples_rhs_residual_benchmarks,2458432,2.34454
custom_lu,multiple_rhs_residual,diagonally_dominant,8,3,after_multiples_rhs_residual_benchmarks,2458432,2.34454
custom_lu,multiple_rhs_residual,diagonally_dominant,8,4,before_problem_setup,2458432,2.34454
custom_lu,multiple_rhs_residual,diagonally_dominant,8,4,after_problem_setup,2458432,2.34454
custom_lu,multiple_rhs_residual,diagonally_dominant,8,4,before_multiples_rhs_residual_benchmarks,2458432,2.34454
custom_lu,multiple_rhs_residual,diagonally_dominant,8,4,after_multiples_rhs_residual_benchmarks,2458432,2.34454
custom_lu,multiple_rhs_residual,diagonally_dominant,8,4,before_multiples_rhs_residual_benchmarks,2458432,2.34454
custom_lu,multiple_rhs_residual,diagonally_dominant,8,4,after_multiples_rhs_residual_benchmarks,2458432,2.34454
custom_lu,multiple_rhs_residual,diagonally_dominant,8,4,before_multiples_rhs_residual_benchmarks,2458432,2.34454
custom_lu,multiple_rhs_residual,diagonally_dominant,8,4,after_multiples_rhs_residual_benchmarks,2458432,2.34454
custom_lu,multiple_rhs_residual,diagonally_dominant,8,4,before_multiples_rhs_residual_benchmarks,2458432,2.34454
custom_lu,multiple_rhs_residual,diagonally_dominant,8,4,after_multiples_rhs_residual_benchmarks,2474816,2.36017
custom_lu,multiple_rhs_residual,diagonally_dominant,8,4,before_multiples_rhs_residual_benchmarks,2474816,2.36017
custom_lu,multiple_rhs_residual,diagonally_dominant,8,4,after_multiples_rhs_residual_benchmarks,2474816,2.36017
custom_lu,multiple_rhs_residual,diagonally_dominant,8,5,before_problem_setup,2474816,2.36017
custom_lu,multiple_rhs_residual,diagonally_dominant,8,5,after_problem_setup,2474816,2.36017
custom_lu,multiple_rhs_residual,diagonally_dominant,8,5,before_multiples_rhs_residual_benchmarks,2474816,2.36017
custom_lu,multiple_rhs_residual,diagonally_dominant,8,5,after_multiples_rhs_residual_benchmarks,2474816,2.36017
custom_lu,multiple_rhs_residual,diagonally_dominant,8,5,before_multiples_rhs_residual_benchmarks,2474816,2.36017
custom_lu,multiple_rhs_residual,diagonally_dominant,8,5,after_multiples_rhs_residual_benchmarks,2474816,2.36017
custom_lu,multiple_rhs_residual,diagonally_dominant,8,5,before_multiples_rhs_residual_benchmarks,2474816,2.36017
custom_lu,multiple_rhs_residual,diagonally_dominant,8,5,after_multiples_rhs_residual_benchmarks,2474816,2.36017
custom_lu,multiple_rhs_residual,diagonally_dominant,8,5,before_multiples_rhs_residual_benchmarks,2474816,2.36017
custom_lu,multiple_rhs_residual,diagonally_dominant,8,5,after_multiples_rhs_residual_benchmarks,2474816,2.36017
custom_lu,multiple_rhs_residual,diagonally_dominant,8,5,before_multiples_rhs_residual_benchmarks,2474816,2.36017
custom_lu,multiple_rhs_residual,diagonally_dominant,8,5,after_multiples_rhs_residual_benchmarks,2474816,2.36017
custom_lu,multiple_rhs_residual,diagonally_dominant,8,6,before_problem_setup,2474816,2.36017
custom_lu,multiple_rhs_residual,diagonally_dominant,8,6,after_problem_setup,2474816,2.36017
custom_lu,multiple_rhs_residual,diagonally_dominant,8,6,before_multiples_rhs_residual_benchmarks,2474816,2.36017
custom_lu,multiple_rhs_residual,diagonally_dominant,8,6,after_multiples_rhs_residual_benchmarks,2474816,2.36017
custom_lu,multiple_rhs_residual,diagonally_dominant,8,6,before_multiples_rhs_residual_benchmarks,2474816,2.36017
custom_lu,multiple_rhs_residual,diagonally_dominant,8,6,after_multiples_rhs_residual_benchmarks,2474816,2.36017
custom_lu,multiple_rhs_residual,diagonally_dominant,8,6,before_multiples_rhs_residual_benchmarks,2474816,2.36017
custom_lu,multiple_rhs_residual,diagonally_dominant,8,6,after_multiples_rhs_residual_benchmarks,2474816,2.36017
custom_lu,multiple_rhs_residual,diagonally_dominant,8,6,before_multiples_rhs_residual_benchmarks,2474816,2.36017
custom_lu,multiple_rhs_residual,diagonally_dominant,8,6,after_multiples_rhs_residual_benchmarks,2474816,2.36017
custom_lu,multiple_rhs_residual,diagonally_dominant,8,6,before_multiples_rhs_residual_benchmarks,2474816,2.36017
custom_lu,multiple_rhs_residual,diagonally_dominant,8,6,after_multiples_rhs_residual_benchmarks,2474816,2.36017
custom_lu,multiple_rhs_residual,diagonally_dominant,8,7,before_problem_setup,2474816,2.36017
custom_lu,multiple_rhs_residual,diagonally_dominant,8,7,after_problem_setup,2474816,2.36017
custom_lu,multiple_rhs_residual,diagonally_dominant,8,7,before_multiples_rhs_residual_benchmarks,2474816,2.36017
custom_lu,multiple_rhs_residual,diagonally_dominant,8,7,after_multiples_rhs_residual_benchmarks,2474816,2.36017
custom_lu,multiple_rhs_residual,diagonally_dominant,8,7,before_multiples_rhs_residual_benchmarks,2474816,2.36017
custom_lu,multiple_rhs_residual,diagonally_dominant,8,7,after_multiples_rhs_residual_benchmarks,2474816,2.36017
custom_lu,multiple_rhs_residual,diagonally_dominant,8,7,before_multiples_rhs_residual_benchmarks,2474816,2.36017
custom_lu,multiple_rhs_residual,diagonally_dominant,8,7,after_multiples_rhs_residual_benchmarks,2474816,2.36017
custom_lu,multiple_rhs_residual,diagonally_dominant,8,7,before_multiples_rhs_residual_benchmarks,2474816,2.36017
custom_lu,multiple_rhs_residual,diagonally_dominant,8,7,after_multiples_rhs_residual_benchmarks,2474816,2.36017
custom_lu,multiple_rhs_residual,diagonally_dominant,8,7,before_multiples_rhs_residual_benchmarks,2474816,2.36017
custom_lu,multiple_rhs_residual,diagonally_dominant,8,7,after_multiples_rhs_residual_benchmarks,2474816,2.36017
custom_lu,multiple_rhs_residual,diagonally_dominant,8,8,before_problem_setup,2474816,2.36017
custom_lu,multiple_rhs_residual,diagonally_dominant,8,8,after_problem_setup,2474816,2.36017
custom_lu,multiple_rhs_residual,diagonally_dominant,8,8,before_multiples_rhs_residual_benchmarks,2474816,2.36017
custom_lu,multiple_rhs_residual,diagonally_dominant,8,8,after_multiples_rhs_residual_benchmarks,2474816,2.36017
custom_lu,multiple_rhs_residual,diagonally_dominant,8,8,before_multiples_rhs_residual_benchmarks,2474816,2.36017
custom_lu,multiple_rhs_residual,diagonally_dominant,8,8,after_multiples_rhs_residual_benchmarks,2474816,2.36017
custom_lu,multiple_rhs_residual,diagonally_dominant,8,8,before_multiples_rhs_residual_benchmarks,2474816,2.36017
custom_lu,multiple_rhs_residual,diagonally_dominant,8,8,after_multiples_rhs_residual_benchmarks,2474816,2.36017
custom_lu,multiple_rhs_residual,diagonally_dominant,8,8,before_multiples_rhs_residual_benchmarks,2474816,2.36017
custom_lu,multiple_rhs_residual,diagonally_dominant,8,8,after_multiples_rhs_residual_benchmarks,2474816,2.36017
custom_lu,multiple_rhs_residual,diagonally_dominant,8,8,before_multiples_rhs_residual_benchmarks,2474816,2.36017
custom_lu,multiple_rhs_residual,diagonally_dominant,8,8,after_multiples_rhs_residual_benchmarks,2474816,2.36017
custom_lu,multiple_rhs_residual,diagonally_dominant,8,9,before_problem_setup,2474816,2.36017
custom_lu,multiple_rhs_residual,diagonally_dominant,8,9,after_problem_setup,2474816,2.36017
custom_lu,multiple_rhs_residual,diagonally_dominant,8,9,before_multiples_rhs_residual_benchmarks,2474816,2.36017
custom_lu,multiple_rhs_residual,diagonally_dominant,8,9,after_multiples_rhs_residual_benchmarks,2474816,2.36017
custom_lu,multiple_rhs_residual,diagonally_dominant,8,9,before_multiples_rhs_residual_benchmarks,2474816,2.36017
custom_lu,multiple_rhs_residual,diagonally_dominant,8,9,after_multiples_rhs_residual_benchmarks,2474816,2.36017
custom_lu,multiple_rhs_residual,diagonally_dominant,8,9,before_multiples_rhs_residual_benchmarks,2474816,2.36017
custom_lu,multiple_rhs_residual,diagonally_dominant,8,9,after_multiples_rhs_residual_benchmarks,2474816,2.36017
custom_lu,multiple_rhs_residual,diagonally_dominant,8,9,before_multiples_rhs_residual_benchmarks,2474816,2.36017
custom_lu,multiple_rhs_residual,diagonally_dominant,8,9,after_multiples_rhs_residual_benchmarks,2474816,2.36017
custom_lu,multiple_rhs_residual,diagonally_dominant,8,9,before_multiples_rhs_residual_benchmarks,2474816,2.36017
custom_lu,multiple_rhs_residual,diagonally_dominant,8,9,after_multiples_rhs_residual_benchmarks,2474816,2.36017
custom_lu,multiple_rhs_residual,diagonally_dominant,8,10,before_problem_setup,2474816,2.36017
custom_lu,multiple_rhs_residual,diagonally_dominant,8,10,after_problem_setup,2474816,2.36017
custom_lu,multiple_rhs_residual,diagonally_dominant,8,10,before_multiples_rhs_residual_benchmarks,2474816,2.36017
custom_lu,multiple_rhs_residual,diagonally_dominant,8,10,after_multiples_rhs_residual_benchmarks,2474816,2.36017
custom_lu,multiple_rhs_residual,diagonally_dominant,8,10,before_multiples_rhs_residual_benchmarks,2474816,2.36017
custom_lu,multiple_rhs_residual,diagonally_dominant,8,10,after_multiples_rhs_residual_benchmarks,2474816,2.36017
custom_lu,multiple_rhs_residual,diagonally_dominant,8,10,before_multiples_rhs_residual_benchmarks,2474816,2.36017
custom_lu,multiple_rhs_residual,diagonally_dominant,8,10,after_multiples_rhs_residual_benchmarks,2474816,2.36017
custom_lu,multiple_rhs_residual,diagonally_dominant,8,10,before_multiples_rhs_residual_benchmarks,2474816,2.36017
custom_lu,multiple_rhs_residual,diagonally_dominant,8,10,after_multiples_rhs_residual_benchmarks,2474816,2.36017
custom_lu,multiple_rhs_residual,diagonally_dominant,8,10,before_multiples_rhs_residual_benchmarks,2474816,2.36017
custom_lu,multiple_rhs_residual,diagonally_dominant,8,10,after_multiples_rhs_residual_benchmarks,2474816,2.36017
custom_lu,multiple_rhs_residual,diagonally_dominant,8,11,before_problem_setup,2474816,2.36017
custom_lu,multiple_rhs_residual,diagonally_dominant,8,11,after_problem_setup,2474816,2.36017
custom_lu,multiple_rhs_residual,diagonally_dominant,8,11,before_multiples_rhs_residual_benchmarks,2474816,2.36017
custom_lu,multiple_rhs_residual,diagonally_dominant,8,11,after_multiples_rhs_residual_benchmarks,2474816,2.36017
custom_lu,multiple_rhs_residual,diagonally_dominant,8,11,before_multiples_rhs_residual_benchmarks,2474816,2.36017
custom_lu,multiple_rhs_residual,diagonally_dominant,8,11,after_multiples_rhs_residual_benchmarks,2474816,2.36017
custom_lu,multiple_rhs_residual,diagonally_dominant,8,11,before_multiples_rhs_residual_benchmarks,2474816,2.36017
custom_lu,multiple_rhs_residual,diagonally_dominant,8,11,after_multiples_rhs_residual_benchmarks,2474816,2.36017
custom_lu,multiple_rhs_residual,diagonally_dominant,8,11,before_multiples_rhs_residual_benchmarks,2474816,2.36017
custom_lu,multiple_rhs_residual,diagonally_dominant,8,11,after_multiples_rhs_residual_benchmarks,2474816,2.36017
custom_lu,multiple_rhs_residual,diagonally_dominant,8,11,before_multiples_rhs_residual_benchmarks,2474816,2.36017
custom_lu,multiple_rhs_residual,diagonally_dominant,8,11,after_multiples_rhs_residual_benchmarks,2474816,2.36017
custom_lu,multiple_rhs_residual,diagonally_dominant,8,12,before_problem_setup,2474816,2.36017
custom_lu,multiple_rhs_residual,diagonally_dominant,8,12,after_problem_setup,2474816,2.36017
custom_lu,multiple_rhs_residual,diagonally_dominant,8,12,before_multiples_rhs_residual_benchmarks,2474816,2.36017
custom_lu,multiple_rhs_residual,diagonally_dominant,8,12,after_multiples_rhs_residual_benchmarks,2474816,2.36017
custom_lu,multiple_rhs_residual,diagonally_dominant,8,12,before_multiples_rhs_residual_benchmarks,2474816,2.36017
custom_lu,multiple_rhs_residual,diagonally_dominant,8,12,after_multiples_rhs_residual_benchmarks,2474816,2.36017
custom_lu,multiple_rhs_residual,diagonally_dominant,8,12,before_multiples_rhs_residual_benchmarks,2474816,2.36017
custom_lu,multiple_rhs_residual,diagonally_dominant,8,12,after_multiples_rhs_residual_benchmarks,2474816,2.36017
custom_lu,multiple_rhs_residual,diagonally_dominant,8,12,before_multiples_rhs_residual_benchmarks,2474816,2.36017
custom_lu,multiple_rhs_residual,diagonally_dominant,8,12,after_multiples_rhs_residual_benchmarks,2474816,2.36017
custom_lu,multiple_rhs_residual,diagonally_dominant,8,12,before_multiples_rhs_residual_benchmarks,2474816,2.36017
custom_lu,multiple_rhs_residual,diagonally_dominant,8,12,after_multiples_rhs_residual_benchmarks,2474816,2.36017
custom_lu,multiple_rhs_residual,diagonally_dominant,8,13,before_problem_setup,2474816,2.36017
custom_lu,multiple_rhs_residual,diagonally_dominant,8,13,after_problem_setup,2474816,2.36017
custom_lu,multiple_rhs_residual,diagonally_dominant,8,13,before_multiples_rhs_residual_benchmarks,2474816,2.36017
custom_lu,multiple_rhs_residual,diagonally_dominant,8,13,after_multiples_rhs_residual_benchmarks,2474816,2.36017
custom_lu,multiple_rhs_residual,diagonally_dominant,8,13,before_multiples_rhs_residual_benchmarks,2474816,2.36017
custom_lu,multiple_rhs_residual,diagonally_dominant,8,13,after_multiples_rhs_residual_benchmarks,2474816,2.36017
custom_lu,multiple_rhs_residual,diagonally_dominant,8,13,before_multiples_rhs_residual_benchmarks,2474816,2.36017
custom_lu,multiple_rhs_residual,diagonally_dominant,8,13,after_multiples_rhs_residual_benchmarks,2474816,2.36017
custom_lu,multiple_rhs_residual,diagonally_dominant,8,13,before_multiples_rhs_residual_benchmarks,2474816,2.36017
custom_lu,multiple_rhs_residual,diagonally_dominant,8,13,after_multiples_rhs_residual_benchmarks,2474816,2.36017
custom_lu,multiple_rhs_residual,diagonally_dominant,8,13,before_multiples_rhs_residual_benchmarks,2474816,2.36017
custom_lu,multiple_rhs_residual,diagonally_dominant,8,13,after_multiples_rhs_residual_benchmarks,2474816,2.36017
custom_lu,multiple_rhs_residual,diagonally_dominant,8,14,before_problem_setup,2474816,2.36017
custom_lu,multiple_rhs_residual,diagonally_dominant,8,14,after_problem_setup,2474816,2.36017
custom_lu,multiple_rhs_residual,diagonally_dominant,8,14,before_multiples_rhs_residual_benchmarks,2474816,2.36017
custom_lu,multiple_rhs_residual,diagonally_dominant,8,14,after_multiples_rhs_residual_benchmarks,2474816,2.36017
custom_lu,multiple_rhs_residual,diagonally_dominant,8,14,before_multiples_rhs_residual_benchmarks,2474816,2.36017
custom_lu,multiple_rhs_residual,diagonally_dominant,8,14,after_multiples_rhs_residual_benchmarks,2474816,2.36017
custom_lu,multiple_rhs_residual,diagonally_dominant,8,14,before_multiples_rhs_residual_benchmarks,2474816,2.36017
custom_lu,multiple_rhs_residual,diagonally_dominant,8,14,after_multiples_rhs_residual_benchmarks,2474816,2.36017
custom_lu,multiple_rhs_residual,diagonally_dominant,8,14,before_multiples_rhs_residual_benchmarks,2474816,2.36017
custom_lu,multiple_rhs_residual,diagonally_dominant,8,14,after_multiples_rhs_residual_benchmarks,2474816,2.36017
custom_lu,multiple_rhs_residual,diagonally_dominant,8,14,before_multiples_rhs_residual_benchmarks,2474816,2.36017
custom_lu,multiple_rhs_residual,diagonally_dominant,8,14,after_multiples_rhs_residual_benchmarks,2474816,2.36017
custom_lu,multiple_rhs_residual,random_dense,16,0,before_problem_setup,2474816,2.36017
custom_lu,multiple_rhs_residual,random_dense,16,0,after_problem_setup,2474816,2.36017
custom_lu,multiple_rhs_residual,random_dense,16,0,before_multiples_rhs_residual_benchmarks,2474816,2.36017
custom_lu,multiple_rhs_residual,random_dense,16,0,after_multiples_rhs_residual_benchmarks,2474816,2.36017
custom_lu,multiple_rhs_residual,random_dense,16,0,before_multiples_rhs_residual_benchmarks,2474816,2.36017
custom_lu,multiple_rhs_residual,random_dense,16,0,after_multiples_rhs_residual_benchmarks,2474816,2.36017
custom_lu,multiple_rhs_residual,random_dense,16,0,before_multiples_rhs_residual_benchmarks,2474816,2.36017
custom_lu,multiple_rhs_residual,random_dense,16,0,after_multiples_rhs_residual_benchmarks,2474816,2.36017
custom_lu,multiple_rhs_residual,random_dense,16,0,before_multiples_rhs_residual_benchmarks,2474816,2.36017
custom_lu,multiple_rhs_residual,random_dense,16,0,after_multiples_rhs_residual_benchmarks,2474816,2.36017
custom_lu,multiple_rhs_residual,random_dense,16,0,before_multiples_rhs_residual_benchmarks,2474816,2.36017
custom_lu,multiple_rhs_residual,random_dense,16,0,after_multiples_rhs_residual_benchmarks,2474816,2.36017
custom_lu,multiple_rhs_residual,random_dense,16,1,before_problem_setup,2474816,2.36017
custom_lu,multiple_rhs_residual,random_dense,16,1,after_problem_setup,2474816,2.36017
custom_lu,multiple_rhs_residual,random_dense,16,1,before_multiples_rhs_residual_benchmarks,2474816,2.36017
custom_lu,multiple_rhs_residual,random_dense,16,1,after_multiples_rhs_residual_benchmarks,2474816,2.36017
custom_lu,multiple_rhs_residual,random_dense,16,1,before_multiples_rhs_residual_benchmarks,2474816,2.36017
custom_lu,multiple_rhs_residual,random_dense,16,1,after_multiples_rhs_residual_benchmarks,2474816,2.36017
custom_lu,multiple_rhs_residual,random_dense,16,1,before_multiples_rhs_residual_benchmarks,2474816,2.36017
custom_lu,multiple_rhs_residual,random_dense,16,1,after_multiples_rhs_residual_benchmarks,2474816,2.36017
custom_lu,multiple_rhs_residual,random_dense,16,1,before_multiples_rhs_residual_benchmarks,2474816,2.36017
custom_lu,multiple_rhs_residual,random_dense,16,1,after_multiples_rhs_residual_benchmarks,2474816,2.36017
custom_lu,multiple_rhs_residual,random_dense,16,1,before_multiples_rhs_residual_benchmarks,2474816,2.36017
custom_lu,multiple_rhs_residual,random_dense,16,1,after_multiples_rhs_residual_benchmarks,2474816,2.36017
custom_lu,multiple_rhs_residual,random_dense,16,2,before_problem_setup,2474816,2.36017
custom_lu,multiple_rhs_residual,random_dense,16,2,after_problem_setup,2474816,2.36017
custom_lu,multiple_rhs_residual,random_dense,16,2,before_multiples_rhs_residual_benchmarks,2474816,2.36017
custom_lu,multiple_rhs_residual,random_dense,16,2,after_multiples_rhs_residual_benchmarks,2474816,2.36017
custom_lu,multiple_rhs_residual,random_dense,16,2,before_multiples_rhs_residual_benchmarks,2474816,2.36017
custom_lu,multiple_rhs_residual,random_dense,16,2,after_multiples_rhs_residual_benchmarks,2474816,2.36017
custom_lu,multiple_rhs_residual,random_dense,16,2,before_multiples_rhs_residual_benchmarks,2474816,2.36017
custom_lu,multiple_rhs_residual,random_dense,16,2,after_multiples_rhs_residual_benchmarks,2474816,2.36017
custom_lu,multiple_rhs_residual,random_dense,16,2,before_multiples_rhs_residual_benchmarks,2474816,2.36017
custom_lu,multiple_rhs_residual,random_dense,16,2,after_multiples_rhs_residual_benchmarks,2474816,2.36017
custom_lu,multiple_rhs_residual,random_dense,16,2,before_multiples_rhs_residual_benchmarks,2474816,2.36017
custom_lu,multiple_rhs_residual,random_dense,16,2,after_multiples_rhs_residual_benchmarks,2474816,2.36017
custom_lu,multiple_rhs_residual,random_dense,16,3,before_problem_setup,2474816,2.36017
custom_lu,multiple_rhs_residual,random_dense,16,3,after_problem_setup,2474816,2.36017
custom_lu,multiple_rhs_residual,random_dense,16,3,before_multiples_rhs_residual_benchmarks,2474816,2.36017
custom_lu,multiple_rhs_residual,random_dense,16,3,after_multiples_rhs_residual_benchmarks,2474816,2.36017
custom_lu,multiple_rhs_residual,random_dense,16,3,before_multiples_rhs_residual_benchmarks,2474816,2.36017
custom_lu,multiple_rhs_residual,random_dense,16,3,after_multiples_rhs_residual_benchmarks,2474816,2.36017
custom_lu,multiple_rhs_residual,random_dense,16,3,before_multiples_rhs_residual_benchmarks,2474816,2.36017
custom_lu,multiple_rhs_residual,random_dense,16,3,after_multiples_rhs_residual_benchmarks,2474816,2.36017
custom_lu,multiple_rhs_residual,random_dense,16,3,before_multiples_rhs_residual_benchmarks,2474816,2.36017
custom_lu,multiple_rhs_residual,random_dense,16,3,after_multiples_rhs_residual_benchmarks,2474816,2.36017
custom_lu,multiple_rhs_residual,random_dense,16,3,before_multiples_rhs_residual_benchmarks,2474816,2.36017
custom_lu,multiple_rhs_residual,random_dense,16,3,after_multiples_rhs_residual_benchmarks,2474816,2.36017
custom_lu,multiple_rhs_residual,random_dense,16,4,before_problem_setup,2474816,2.36017
custom_lu,multiple_rhs_residual,random_dense,16,4,after_problem_setup,2474816,2.36017
custom_lu,multiple_rhs_residual,random_dense,16,4,before_multiples_rhs_residual_benchmarks,2474816,2.36017
custom_lu,multiple_rhs_residual,random_dense,16,4,after_multiples_rhs_residual_benchmarks,2474816,2.36017
custom_lu,multiple_rhs_residual,random_dense,16,4,before_multiples_rhs_residual_benchmarks,2474816,2.36017
custom_lu,multiple_rhs_residual,random_dense,16,4,after_multiples_rhs_residual_benchmarks,2474816,2.36017
custom_lu,multiple_rhs_residual,random_dense,16,4,before_multiples_rhs_residual_benchmarks,2474816,2.36017
custom_lu,multiple_rhs_residual,random_dense,16,4,after_multiples_rhs_residual_benchmarks,2474816,2.36017
custom_lu,multiple_rhs_residual,random_dense,16,4,before_multiples_rhs_residual_benchmarks,2474816,2.36017
custom_lu,multiple_rhs_residual,random_dense,16,4,after_multiples_rhs_residual_benchmarks,2474816,2.36017
custom_lu,multiple_rhs_residual,random_dense,16,4,before_multiples_rhs_residual_benchmarks,2474816,2.36017
custom_lu,multiple_rhs_residual,random_dense,16,4,after_multiples_rhs_residual_benchmarks,2474816,2.36017
custom_lu,multiple_rhs_residual,random_dense,16,5,before_problem_setup,2474816,2.36017
custom_lu,multiple_rhs_residual,random_dense,16,5,after_problem_setup,2474816,2.36017
custom_lu,multiple_rhs_residual,random_dense,16,5,before_multiples_rhs_residual_benchmarks,2474816,2.36017
custom_lu,multiple_rhs_residual,random_dense,16,5,after_multiples_rhs_residual_benchmarks,2474816,2.36017
custom_lu,multiple_rhs_residual,random_dense,16,5,before_multiples_rhs_residual_benchmarks,2474816,2.36017
custom_lu,multiple_rhs_residual,random_dense,16,5,after_multiples_rhs_residual_benchmarks,2474816,2.36017
custom_lu,multiple_rhs_residual,random_dense,16,5,before_multiples_rhs_residual_benchmarks,2474816,2.36017
custom_lu,multiple_rhs_residual,random_dense,16,5,after_multiples_rhs_residual_benchmarks,2474816,2.36017
custom_lu,multiple_rhs_residual,random_dense,16,5,before_multiples_rhs_residual_benchmarks,2474816,2.36017
custom_lu,multiple_rhs_residual,random_dense,16,5,after_multiples_rhs_residual_benchmarks,2474816,2.36017
custom_lu,multiple_rhs_residual,random_dense,16,5,before_multiples_rhs_residual_benchmarks,2474816,2.36017
custom_lu,multiple_rhs_residual,random_dense,16,5,after_multiples_rhs_residual_benchmarks,2474816,2.36017
custom_lu,multiple_rhs_residual,random_dense,16,6,before_problem_setup,2474816,2.36017
custom_lu,multiple_rhs_residual,random_dense,16,6,after_problem_setup,2474816,2.36017
custom_lu,multiple_rhs_residual,random_dense,16,6,before_multiples_rhs_residual_benchmarks,2474816,2.36017
custom_lu,multiple_rhs_residual,random_dense,16,6,after_multiples_rhs_residual_benchmarks,2474816,2.36017
custom_lu,multiple_rhs_residual,random_dense,16,6,before_multiples_rhs_residual_benchmarks,2474816,2.36017
custom_lu,multiple_rhs_residual,random_dense,16,6,after_multiples_rhs_residual_benchmarks,2474816,2.36017
custom_lu,multiple_rhs_residual,random_dense,16,6,before_multiples_rhs_residual_benchmarks,2474816,2.36017
custom_lu,multiple_rhs_residual,random_dense,16,6,after_multiples_rhs_residual_benchmarks,2474816,2.36017
custom_lu,multiple_rhs_residual,random_dense,16,6,before_multiples_rhs_residual_benchmarks,2474816,2.36017
custom_lu,multiple_rhs_residual,random_dense,16,6,after_multiples_rhs_residual_benchmarks,2474816,2.36017
custom_lu,multiple_rhs_residual,random_dense,16,6,before_multiples_rhs_residual_benchmarks,2474816,2.36017
custom_lu,multiple_rhs_residual,random_dense,16,6,after_multiples_rhs_residual_benchmarks,2474816,2.36017
custom_lu,multiple_rhs_residual,random_dense,16,7,before_problem_setup,2474816,2.36017
custom_lu,multiple_rhs_residual,random_dense,16,7,after_problem_setup,2474816,2.36017
custom_lu,multiple_rhs_residual,random_dense,16,7,before_multiples_rhs_residual_benchmarks,2474816,2.36017
custom_lu,multiple_rhs_residual,random_dense,16,7,after_multiples_rhs_residual_benchmarks,2474816,2.36017
custom_lu,multiple_rhs_residual,random_dense,16,7,before_multiples_rhs_residual_benchmarks,2474816,2.36017
custom_lu,multiple_rhs_residual,random_dense,16,7,after_multiples_rhs_residual_benchmarks,2474816,2.36017
custom_lu,multiple_rhs_residual,random_dense,16,7,before_multiples_rhs_residual_benchmarks,2474816,2.36017
custom_lu,multiple_rhs_residual,random_dense,16,7,after_multiples_rhs_residual_benchmarks,2474816,2.36017
custom_lu,multiple_rhs_residual,random_dense,16,7,before_multiples_rhs_residual_benchmarks,2474816,2.36017
custom_lu,multiple_rhs_residual,random_dense,16,7,after_multiples_rhs_residual_benchmarks,2474816,2.36017
custom_lu,multiple_rhs_residual,random_dense,16,7,before_multiples_rhs_residual_benchmarks,2474816,2.36017
custom_lu,multiple_rhs_residual,random_dense,16,7,after_multiples_rhs_residual_benchmarks,2474816,2.36017
custom_lu,multiple_rhs_residual,random_dense,16,8,before_problem_setup,2474816,2.36017
custom_lu,multiple_rhs_residual,random_dense,16,8,after_problem_setup,2474816,2.36017
custom_lu,multiple_rhs_residual,random_dense,16,8,before_multiples_rhs_residual_benchmarks,2474816,2.36017
custom_lu,multiple_rhs_residual,random_dense,16,8,after_multiples_rhs_residual_benchmarks,2474816,2.36017
custom_lu,multiple_rhs_residual,random_dense,16,8,before_multiples_rhs_residual_benchmarks,2474816,2.36017
custom_lu,multiple_rhs_residual,random_dense,16,8,after_multiples_rhs_residual_benchmarks,2474816,2.36017
custom_lu,multiple_rhs_residual,random_dense,16,8,before_multiples_rhs_residual_benchmarks,2474816,2.36017
custom_lu,multiple_rhs_residual,random_dense,16,8,after_multiples_rhs_residual_benchmarks,2474816,2.36017
custom_lu,multiple_rhs_residual,random_dense,16,8,before_multiples_rhs_residual_benchmarks,2474816,2.36017
custom_lu,multiple_rhs_residual,random_dense,16,8,after_multiples_rhs_residual_benchmarks,2474816,2.36017
custom_lu,multiple_rhs_residual,random_dense,16,8,before_multiples_rhs_residual_benchmarks,2474816,2.36017
custom_lu,multiple_rhs_residual,random_dense,16,8,after_multiples_rhs_residual_benchmarks,2474816,2.36017
custom_lu,multiple_rhs_residual,random_dense,16,9,before_problem_setup,2474816,2.36017
custom_lu,multiple_rhs_residual,random_dense,16,9,after_problem_setup,2474816,2.36017
custom_lu,multiple_rhs_residual,random_dense,16,9,before_multiples_rhs_residual_benchmarks,2474816,2.36017
custom_lu,multiple_rhs_residual,random_dense,16,9,after_multiples_rhs_residual_benchmarks,2474816,2.36017
custom_lu,multiple_rhs_residual,random_dense,16,9,before_multiples_rhs_residual_benchmarks,2474816,2.36017
custom_lu,multiple_rhs_residual,random_dense,16,9,after_multiples_rhs_residual_benchmarks,2474816,2.36017
custom_lu,multiple_rhs_residual,random_dense,16,9,before_multiples_rhs_residual_benchmarks,2474816,2.36017
custom_lu,multiple_rhs_residual,random_dense,16,9,after_multiples_rhs_residual_benchmarks,2474816,2.36017
custom_lu,multiple_rhs_residual,random_dense,16,9,before_multiples_rhs_residual_benchmarks,2474816,2.36017
custom_lu,multiple_rhs_residual,random_dense,16,9,after_multiples_rhs_residual_benchmarks,2474816,2.36017
custom_lu,multiple_rhs_residual,random_dense,16,9,before_multiples_rhs_residual_benchmarks,2474816,2.36017
custom_lu,multiple_rhs_residual,random_dense,16,9,after_multiples_rhs_residual_benchmarks,2474816,2.36017
custom_lu,multiple_rhs_residual,random_dense,16,10,before_problem_setup,2474816,2.36017
custom_lu,multiple_rhs_residual,random_dense,16,10,after_problem_setup,2474816,2.36017
custom_lu,multiple_rhs_residual,random_dense,16,10,before_multiples_rhs_residual_benchmarks,2474816,2.36017
custom_lu,multiple_rhs_residual,random_dense,16,10,after_multiples_rhs_residual_benchmarks,2474816,2.36017
custom_lu,multiple_rhs_residual,random_dense,16,10,before_multiples_rhs_residual_benchmarks,2474816,2.36017
custom_lu,multiple_rhs_residual,random_dense,16,10,after_multiples_rhs_residual_benchmarks,2474816,2.36017
custom_lu,multiple_rhs_residual,random_dense,16,10,before_multiples_rhs_residual_benchmarks,2474816,2.36017
custom_lu,multiple_rhs_residual,random_dense,16,10,after_multiples_rhs_residual_benchmarks,2474816,2.36017
custom_lu,multiple_rhs_residual,random_dense,16,10,before_multiples_rhs_residual_benchmarks,2474816,2.36017
custom_lu,multiple_rhs_residual,random_dense,16,10,after_multiples_rhs_residual_benchmarks,2474816,2.36017
custom_lu,multiple_rhs_residual,random_dense,16,10,before_multiples_rhs_residual_benchmarks,2474816,2.36017
custom_lu,multiple_rhs_residual,random_dense,16,10,after_multiples_rhs_residual_benchmarks,2474816,2.36017
custom_lu,multiple_rhs_residual,random_dense,16,11,before_problem_setup,2474816,2.36017
custom_lu,multiple_rhs_residual,random_dense,16,11,after_problem_setup,2474816,2.36017
custom_lu,multiple_rhs_residual,random_dense,16,11,before_multiples_rhs_residual_benchmarks,2474816,2.36017
custom_lu,multiple_rhs_residual,random_dense,16,11,after_multiples_rhs_residual_benchmarks,2474816,2.36017
custom_lu,multiple_rhs_residual,random_dense,16,11,before_multiples_rhs_residual_benchmarks,2474816,2.36017
custom_lu,multiple_rhs_residual,random_dense,16,11,after_multiples_rhs_residual_benchmarks,2474816,2.36017
custom_lu,multiple_rhs_residual,random_dense,16,11,before_multiples_rhs_residual_benchmarks,2474816,2.36017
custom_lu,multiple_rhs_residual,random_dense,16,11,after_multiples_rhs_residual_benchmarks,2474816,2.36017
custom_lu,multiple_rhs_residual,random_dense,16,11,before_multiples_rhs_residual_benchmarks,2474816,2.36017
custom_lu,multiple_rhs_residual,random_dense,16,11,after_multiples_rhs_residual_benchmarks,2474816,2.36017
custom_lu,multiple_rhs_residual,random_dense,16,11,before_multiples_rhs_residual_benchmarks,2474816,2.36017
custom_lu,multiple_rhs_residual,random_dense,16,11,after_multiples_rhs_residual_benchmarks,2474816,2.36017
custom_lu,multiple_rhs_residual,random_dense,16,12,before_problem_setup,2474816,2.36017
custom_lu,multiple_rhs_residual,random_dense,16,12,after_problem_setup,2474816,2.36017
custom_lu,multiple_rhs_residual,random_dense,16,12,before_multiples_rhs_residual_benchmarks,2474816,2.36017
custom_lu,multiple_rhs_residual,random_dense,16,12,after_multiples_rhs_residual_benchmarks,2474816,2.36017
custom_lu,multiple_rhs_residual,random_dense,16,12,before_multiples_rhs_residual_benchmarks,2474816,2.36017
custom_lu,multiple_rhs_residual,random_dense,16,12,after_multiples_rhs_residual_benchmarks,2474816,2.36017
custom_lu,multiple_rhs_residual,random_dense,16,12,before_multiples_rhs_residual_benchmarks,2474816,2.36017
custom_lu,multiple_rhs_residual,random_dense,16,12,after_multiples_rhs_residual_benchmarks,2474816,2.36017
custom_lu,multiple_rhs_residual,random_dense,16,12,before_multiples_rhs_residual_benchmarks,2474816,2.36017
custom_lu,multiple_rhs_residual,random_dense,16,12,after_multiples_rhs_residual_benchmarks,2474816,2.36017
custom_lu,multiple_rhs_residual,random_dense,16,12,before_multiples_rhs_residual_benchmarks,2474816,2.36017
custom_lu,multiple_rhs_residual,random_dense,16,12,after_multiples_rhs_residual_benchmarks,2474816,2.36017
custom_lu,multiple_rhs_residual,random_dense,16,13,before_problem_setup,2474816,2.36017
custom_lu,multiple_rhs_residual,random_dense,16,13,after_problem_setup,2474816,2.36017
custom_lu,multiple_rhs_residual,random_dense,16,13,before_multiples_rhs_residual_benchmarks,2474816,2.36017
custom_lu,multiple_rhs_residual,random_dense,16,13,after_multiples_rhs_residual_benchmarks,2474816,2.36017
custom_lu,multiple_rhs_residual,random_dense,16,13,before_multiples_rhs_residual_benchmarks,2474816,2.36017
custom_lu,multiple_rhs_residual,random_dense,16,13,after_multiples_rhs_residual_benchmarks,2474816,2.36017
custom_lu,multiple_rhs_residual,random_dense,16,13,before_multiples_rhs_residual_benchmarks,2474816,2.36017
custom_lu,multiple_rhs_residual,random_dense,16,13,after_multiples_rhs_residual_benchmarks,2474816,2.36017
custom_lu,multiple_rhs_residual,random_dense,16,13,before_multiples_rhs_residual_benchmarks,2474816,2.36017
custom_lu,multiple_rhs_residual,random_dense,16,13,after_multiples_rhs_residual_benchmarks,2474816,2.36017
custom_lu,multiple_rhs_residual,random_dense,16,13,before_multiples_rhs_residual_benchmarks,2474816,2.36017
custom_lu,multiple_rhs_residual,random_dense,16,13,after_multiples_rhs_residual_benchmarks,2474816,2.36017
custom_lu,multiple_rhs_residual,random_dense,16,14,before_problem_setup,2474816,2.36017
custom_lu,multiple_rhs_residual,random_dense,16,14,after_problem_setup,2474816,2.36017
custom_lu,multiple_rhs_residual,random_dense,16,14,before_multiples_rhs_residual_benchmarks,2474816,2.36017
custom_lu,multiple_rhs_residual,random_dense,16,14,after_multiples_rhs_residual_benchmarks,2474816,2.36017
custom_lu,multiple_rhs_residual,random_dense,16,14,before_multiples_rhs_residual_benchmarks,2474816,2.36017
custom_lu,multiple_rhs_residual,random_dense,16,14,after_multiples_rhs_residual_benchmarks,2474816,2.36017
custom_lu,multiple_rhs_residual,random_dense,16,14,before_multiples_rhs_residual_benchmarks,2474816,2.36017
custom_lu,multiple_rhs_residual,random_dense,16,14,after_multiples_rhs_residual_benchmarks,2474816,2.36017
custom_lu,multiple_rhs_residual,random_dense,16,14,before_multiples_rhs_residual_benchmarks,2474816,2.36017
custom_lu,multiple_rhs_residual,random_dense,16,14,after_multiples_rhs_residual_benchmarks,2474816,2.36017
custom_lu,multiple_rhs_residual,random_dense,16,14,before_multiples_rhs_residual_benchmarks,2474816,2.36017
custom_lu,multiple_rhs_residual,random_dense,16,14,after_multiples_rhs_residual_benchmarks,2474816,2.36017
custom_lu,multiple_rhs_residual,diagonally_dominant,16,0,before_problem_setup,2474816,2.36017
custom_lu,multiple_rhs_residual,diagonally_dominant,16,0,after_problem_setup,2474816,2.36017
custom_lu,multiple_rhs_residual,diagonally_dominant,16,0,before_multiples_rhs_residual_benchmarks,2474816,2.36017
custom_lu,multiple_rhs_residual,diagonally_dominant,16,0,after_multiples_rhs_residual_benchmarks,2474816,2.36017
custom_lu,multiple_rhs_residual,diagonally_dominant,16,0,before_multiples_rhs_residual_benchmarks,2474816,2.36017
custom_lu,multiple_rhs_residual,diagonally_dominant,16,0,after_multiples_rhs_residual_benchmarks,2474816,2.36017
custom_lu,multiple_rhs_residual,diagonally_dominant,16,0,before_multiples_rhs_residual_benchmarks,2474816,2.36017
custom_lu,multiple_rhs_residual,diagonally_dominant,16,0,after_multiples_rhs_residual_benchmarks,2474816,2.36017
custom_lu,multiple_rhs_residual,diagonally_dominant,16,0,before_multiples_rhs_residual_benchmarks,2474816,2.36017
custom_lu,multiple_rhs_residual,diagonally_dominant,16,0,after_multiples_rhs_residual_benchmarks,2474816,2.36017
custom_lu,multiple_rhs_residual,diagonally_dominant,16,0,before_multiples_rhs_residual_benchmarks,2474816,2.36017
custom_lu,multiple_rhs_residual,diagonally_dominant,16,0,after_multiples_rhs_residual_benchmarks,2474816,2.36017
custom_lu,multiple_rhs_residual,diagonally_dominant,16,1,before_problem_setup,2474816,2.36017
custom_lu,multiple_rhs_residual,diagonally_dominant,16,1,after_problem_setup,2474816,2.36017
custom_lu,multiple_rhs_residual,diagonally_dominant,16,1,before_multiples_rhs_residual_benchmarks,2474816,2.36017
custom_lu,multiple_rhs_residual,diagonally_dominant,16,1,after_multiples_rhs_residual_benchmarks,2474816,2.36017
custom_lu,multiple_rhs_residual,diagonally_dominant,16,1,before_multiples_rhs_residual_benchmarks,2474816,2.36017
custom_lu,multiple_rhs_residual,diagonally_dominant,16,1,after_multiples_rhs_residual_benchmarks,2474816,2.36017
custom_lu,multiple_rhs_residual,diagonally_dominant,16,1,before_multiples_rhs_residual_benchmarks,2474816,2.36017
custom_lu,multiple_rhs_residual,diagonally_dominant,16,1,after_multiples_rhs_residual_benchmarks,2474816,2.36017
custom_lu,multiple_rhs_residual,diagonally_dominant,16,1,before_multiples_rhs_residual_benchmarks,2474816,2.36017
custom_lu,multiple_rhs_residual,diagonally_dominant,16,1,after_multiples_rhs_residual_benchmarks,2474816,2.36017
custom_lu,multiple_rhs_residual,diagonally_dominant,16,1,before_multiples_rhs_residual_benchmarks,2474816,2.36017
custom_lu,multiple_rhs_residual,diagonally_dominant,16,1,after_multiples_rhs_residual_benchmarks,2474816,2.36017
custom_lu,multiple_rhs_residual,diagonally_dominant,16,2,before_problem_setup,2474816,2.36017
custom_lu,multiple_rhs_residual,diagonally_dominant,16,2,after_problem_setup,2474816,2.36017
custom_lu,multiple_rhs_residual,diagonally_dominant,16,2,before_multiples_rhs_residual_benchmarks,2474816,2.36017
custom_lu,multiple_rhs_residual,diagonally_dominant,16,2,after_multiples_rhs_residual_benchmarks,2474816,2.36017
custom_lu,multiple_rhs_residual,diagonally_dominant,16,2,before_multiples_rhs_residual_benchmarks,2474816,2.36017
custom_lu,multiple_rhs_residual,diagonally_dominant,16,2,after_multiples_rhs_residual_benchmarks,2474816,2.36017
custom_lu,multiple_rhs_residual,diagonally_dominant,16,2,before_multiples_rhs_residual_benchmarks,2474816,2.36017
custom_lu,multiple_rhs_residual,diagonally_dominant,16,2,after_multiples_rhs_residual_benchmarks,2474816,2.36017
custom_lu,multiple_rhs_residual,diagonally_dominant,16,2,before_multiples_rhs_residual_benchmarks,2474816,2.36017
custom_lu,multiple_rhs_residual,diagonally_dominant,16,2,after_multiples_rhs_residual_benchmarks,2474816,2.36017
custom_lu,multiple_rhs_residual,diagonally_dominant,16,2,before_multiples_rhs_residual_benchmarks,2474816,2.36017
custom_lu,multiple_rhs_residual,diagonally_dominant,16,2,after_multiples_rhs_residual_benchmarks,2474816,2.36017
custom_lu,multiple_rhs_residual,diagonally_dominant,16,3,before_problem_setup,2474816,2.36017
custom_lu,multiple_rhs_residual,diagonally_dominant,16,3,after_problem_setup,2474816,2.36017
custom_lu,multiple_rhs_residual,diagonally_dominant,16,3,before_multiples_rhs_residual_benchmarks,2474816,2.36017
custom_lu,multiple_rhs_residual,diagonally_dominant,16,3,after_multiples_rhs_residual_benchmarks,2474816,2.36017
custom_lu,multiple_rhs_residual,diagonally_dominant,16,3,before_multiples_rhs_residual_benchmarks,2474816,2.36017
custom_lu,multiple_rhs_residual,diagonally_dominant,16,3,after_multiples_rhs_residual_benchmarks,2474816,2.36017
custom_lu,multiple_rhs_residual,diagonally_dominant,16,3,before_multiples_rhs_residual_benchmarks,2474816,2.36017
custom_lu,multiple_rhs_residual,diagonally_dominant,16,3,after_multiples_rhs_residual_benchmarks,2474816,2.36017
custom_lu,multiple_rhs_residual,diagonally_dominant,16,3,before_multiples_rhs_residual_benchmarks,2474816,2.36017
custom_lu,multiple_rhs_residual,diagonally_dominant,16,3,after_multiples_rhs_residual_benchmarks,2474816,2.36017
custom_lu,multiple_rhs_residual,diagonally_dominant,16,3,before_multiples_rhs_residual_benchmarks,2474816,2.36017
custom_lu,multiple_rhs_residual,diagonally_dominant,16,3,after_multiples_rhs_residual_benchmarks,2474816,2.36017
custom_lu,multiple_rhs_residual,diagonally_dominant,16,4,before_problem_setup,2474816,2.36017
custom_lu,multiple_rhs_residual,diagonally_dominant,16,4,after_problem_setup,2474816,2.36017
custom_lu,multiple_rhs_residual,diagonally_dominant,16,4,before_multiples_rhs_residual_benchmarks,2474816,2.36017
custom_lu,multiple_rhs_residual,diagonally_dominant,16,4,after_multiples_rhs_residual_benchmarks,2474816,2.36017
custom_lu,multiple_rhs_residual,diagonally_dominant,16,4,before_multiples_rhs_residual_benchmarks,2474816,2.36017
custom_lu,multiple_rhs_residual,diagonally_dominant,16,4,after_multiples_rhs_residual_benchmarks,2474816,2.36017
custom_lu,multiple_rhs_residual,diagonally_dominant,16,4,before_multiples_rhs_residual_benchmarks,2474816,2.36017
custom_lu,multiple_rhs_residual,diagonally_dominant,16,4,after_multiples_rhs_residual_benchmarks,2474816,2.36017
custom_lu,multiple_rhs_residual,diagonally_dominant,16,4,before_multiples_rhs_residual_benchmarks,2474816,2.36017
custom_lu,multiple_rhs_residual,diagonally_dominant,16,4,after_multiples_rhs_residual_benchmarks,2474816,2.36017
custom_lu,multiple_rhs_residual,diagonally_dominant,16,4,before_multiples_rhs_residual_benchmarks,2474816,2.36017
custom_lu,multiple_rhs_residual,diagonally_dominant,16,4,after_multiples_rhs_residual_benchmarks,2474816,2.36017
custom_lu,multiple_rhs_residual,diagonally_dominant,16,5,before_problem_setup,2474816,2.36017
custom_lu,multiple_rhs_residual,diagonally_dominant,16,5,after_problem_setup,2474816,2.36017
custom_lu,multiple_rhs_residual,diagonally_dominant,16,5,before_multiples_rhs_residual_benchmarks,2474816,2.36017
custom_lu,multiple_rhs_residual,diagonally_dominant,16,5,after_multiples_rhs_residual_benchmarks,2474816,2.36017
custom_lu,multiple_rhs_residual,diagonally_dominant,16,5,before_multiples_rhs_residual_benchmarks,2474816,2.36017
custom_lu,multiple_rhs_residual,diagonally_dominant,16,5,after_multiples_rhs_residual_benchmarks,2474816,2.36017
custom_lu,multiple_rhs_residual,diagonally_dominant,16,5,before_multiples_rhs_residual_benchmarks,2474816,2.36017
custom_lu,multiple_rhs_residual,diagonally_dominant,16,5,after_multiples_rhs_residual_benchmarks,2474816,2.36017
custom_lu,multiple_rhs_residual,diagonally_dominant,16,5,before_multiples_rhs_residual_benchmarks,2474816,2.36017
custom_lu,multiple_rhs_residual,diagonally_dominant,16,5,after_multiples_rhs_residual_benchmarks,2474816,2.36017
custom_lu,multiple_rhs_residual,diagonally_dominant,16,5,before_multiples_rhs_residual_benchmarks,2474816,2.36017
custom_lu,multiple_rhs_residual,diagonally_dominant,16,5,after_multiples_rhs_residual_benchmarks,2474816,2.36017
custom_lu,multiple_rhs_residual,diagonally_dominant,16,6,before_problem_setup,2474816,2.36017
custom_lu,multiple_rhs_residual,diagonally_dominant,16,6,after_problem_setup,2474816,2.36017
custom_lu,multiple_rhs_residual,diagonally_dominant,16,6,before_multiples_rhs_residual_benchmarks,2474816,2.36017
custom_lu,multiple_rhs_residual,diagonally_dominant,16,6,after_multiples_rhs_residual_benchmarks,2474816,2.36017
custom_lu,multiple_rhs_residual,diagonally_dominant,16,6,before_multiples_rhs_residual_benchmarks,2474816,2.36017
custom_lu,multiple_rhs_residual,diagonally_dominant,16,6,after_multiples_rhs_residual_benchmarks,2474816,2.36017
custom_lu,multiple_rhs_residual,diagonally_dominant,16,6,before_multiples_rhs_residual_benchmarks,2474816,2.36017
custom_lu,multiple_rhs_residual,diagonally_dominant,16,6,after_multiples_rhs_residual_benchmarks,2474816,2.36017
custom_lu,multiple_rhs_residual,diagonally_dominant,16,6,before_multiples_rhs_residual_benchmarks,2474816,2.36017
custom_lu,multiple_rhs_residual,diagonally_dominant,16,6,after_multiples_rhs_residual_benchmarks,2474816,2.36017
custom_lu,multiple_rhs_residual,diagonally_dominant,16,6,before_multiples_rhs_residual_benchmarks,2474816,2.36017
custom_lu,multiple_rhs_residual,diagonally_dominant,16,6,after_multiples_rhs_residual_benchmarks,2474816,2.36017
custom_lu,multiple_rhs_residual,diagonally_dominant,16,7,before_problem_setup,2474816,2.36017
custom_lu,multiple_rhs_residual,diagonally_dominant,16,7,after_problem_setup,2474816,2.36017
custom_lu,multiple_rhs_residual,diagonally_dominant,16,7,before_multiples_rhs_residual_benchmarks,2474816,2.36017
custom_lu,multiple_rhs_residual,diagonally_dominant,16,7,after_multiples_rhs_residual_benchmarks,2474816,2.36017
custom_lu,multiple_rhs_residual,diagonally_dominant,16,7,before_multiples_rhs_residual_benchmarks,2474816,2.36017
custom_lu,multiple_rhs_residual,diagonally_dominant,16,7,after_multiples_rhs_residual_benchmarks,2474816,2.36017
custom_lu,multiple_rhs_residual,diagonally_dominant,16,7,before_multiples_rhs_residual_benchmarks,2474816,2.36017
custom_lu,multiple_rhs_residual,diagonally_dominant,16,7,after_multiples_rhs_residual_benchmarks,2474816,2.36017
custom_lu,multiple_rhs_residual,diagonally_dominant,16,7,before_multiples_rhs_residual_benchmarks,2474816,2.36017
custom_lu,multiple_rhs_residual,diagonally_dominant,16,7,after_multiples_rhs_residual_benchmarks,2474816,2.36017
custom_lu,multiple_rhs_residual,diagonally_dominant,16,7,before_multiples_rhs_residual_benchmarks,2474816,2.36017
custom_lu,multiple_rhs_residual,diagonally_dominant,16,7,after_multiples_rhs_residual_benchmarks,2474816,2.36017
custom_lu,multiple_rhs_residual,diagonally_dominant,16,8,before_problem_setup,2474816,2.36017
custom_lu,multiple_rhs_residual,diagonally_dominant,16,8,after_problem_setup,2474816,2.36017
custom_lu,multiple_rhs_residual,diagonally_dominant,16,8,before_multiples_rhs_residual_benchmarks,2474816,2.36017
custom_lu,multiple_rhs_residual,diagonally_dominant,16,8,after_multiples_rhs_residual_benchmarks,2474816,2.36017
custom_lu,multiple_rhs_residual,diagonally_dominant,16,8,before_multiples_rhs_residual_benchmarks,2474816,2.36017
custom_lu,multiple_rhs_residual,diagonally_dominant,16,8,after_multiples_rhs_residual_benchmarks,2474816,2.36017
custom_lu,multiple_rhs_residual,diagonally_dominant,16,8,before_multiples_rhs_residual_benchmarks,2474816,2.36017
custom_lu,multiple_rhs_residual,diagonally_dominant,16,8,after_multiples_rhs_residual_benchmarks,2474816,2.36017
custom_lu,multiple_rhs_residual,diagonally_dominant,16,8,before_multiples_rhs_residual_benchmarks,2474816,2.36017
custom_lu,multiple_rhs_residual,diagonally_dominant,16,8,after_multiples_rhs_residual_benchmarks,2474816,2.36017
custom_lu,multiple_rhs_residual,diagonally_dominant,16,8,before_multiples_rhs_residual_benchmarks,2474816,2.36017
custom_lu,multiple_rhs_residual,diagonally_dominant,16,8,after_multiples_rhs_residual_benchmarks,2474816,2.36017
custom_lu,multiple_rhs_residual,diagonally_dominant,16,9,before_problem_setup,2474816,2.36017
custom_lu,multiple_rhs_residual,diagonally_dominant,16,9,after_problem_setup,2474816,2.36017
custom_lu,multiple_rhs_residual,diagonally_dominant,16,9,before_multiples_rhs_residual_benchmarks,2474816,2.36017
custom_lu,multiple_rhs_residual,diagonally_dominant,16,9,after_multiples_rhs_residual_benchmarks,2474816,2.36017
custom_lu,multiple_rhs_residual,diagonally_dominant,16,9,before_multiples_rhs_residual_benchmarks,2474816,2.36017
custom_lu,multiple_rhs_residual,diagonally_dominant,16,9,after_multiples_rhs_residual_benchmarks,2474816,2.36017
custom_lu,multiple_rhs_residual,diagonally_dominant,16,9,before_multiples_rhs_residual_benchmarks,2474816,2.36017
custom_lu,multiple_rhs_residual,diagonally_dominant,16,9,after_multiples_rhs_residual_benchmarks,2474816,2.36017
custom_lu,multiple_rhs_residual,diagonally_dominant,16,9,before_multiples_rhs_residual_benchmarks,2474816,2.36017
custom_lu,multiple_rhs_residual,diagonally_dominant,16,9,after_multiples_rhs_residual_benchmarks,2474816,2.36017
custom_lu,multiple_rhs_residual,diagonally_dominant,16,9,before_multiples_rhs_residual_benchmarks,2474816,2.36017
custom_lu,multiple_rhs_residual,diagonally_dominant,16,9,after_multiples_rhs_residual_benchmarks,2474816,2.36017
custom_lu,multiple_rhs_residual,diagonally_dominant,16,10,before_problem_setup,2474816,2.36017
custom_lu,multiple_rhs_residual,diagonally_dominant,16,10,after_problem_setup,2474816,2.36017
custom_lu,multiple_rhs_residual,diagonally_dominant,16,10,before_multiples_rhs_residual_benchmarks,2474816,2.36017
custom_lu,multiple_rhs_residual,diagonally_dominant,16,10,after_multiples_rhs_residual_benchmarks,2474816,2.36017
custom_lu,multiple_rhs_residual,diagonally_dominant,16,10,before_multiples_rhs_residual_benchmarks,2474816,2.36017
custom_lu,multiple_rhs_residual,diagonally_dominant,16,10,after_multiples_rhs_residual_benchmarks,2474816,2.36017
custom_lu,multiple_rhs_residual,diagonally_dominant,16,10,before_multiples_rhs_residual_benchmarks,2474816,2.36017
custom_lu,multiple_rhs_residual,diagonally_dominant,16,10,after_multiples_rhs_residual_benchmarks,2474816,2.36017
custom_lu,multiple_rhs_residual,diagonally_dominant,16,10,before_multiples_rhs_residual_benchmarks,2474816,2.36017
custom_lu,multiple_rhs_residual,diagonally_dominant,16,10,after_multiples_rhs_residual_benchmarks,2474816,2.36017
custom_lu,multiple_rhs_residual,diagonally_dominant,16,10,before_multiples_rhs_residual_benchmarks,2474816,2.36017
custom_lu,multiple_rhs_residual,diagonally_dominant,16,10,after_multiples_rhs_residual_benchmarks,2474816,2.36017
custom_lu,multiple_rhs_residual,diagonally_dominant,16,11,before_problem_setup,2474816,2.36017
custom_lu,multiple_rhs_residual,diagonally_dominant,16,11,after_problem_setup,2474816,2.36017
custom_lu,multiple_rhs_residual,diagonally_dominant,16,11,before_multiples_rhs_residual_benchmarks,2474816,2.36017
custom_lu,multiple_rhs_residual,diagonally_dominant,16,11,after_multiples_rhs_residual_benchmarks,2474816,2.36017
custom_lu,multiple_rhs_residual,diagonally_dominant,16,11,before_multiples_rhs_residual_benchmarks,2474816,2.36017
custom_lu,multiple_rhs_residual,diagonally_dominant,16,11,after_multiples_rhs_residual_benchmarks,2474816,2.36017
custom_lu,multiple_rhs_residual,diagonally_dominant,16,11,before_multiples_rhs_residual_benchmarks,2474816,2.36017
custom_lu,multiple_rhs_residual,diagonally_dominant,16,11,after_multiples_rhs_residual_benchmarks,2474816,2.36017
custom_lu,multiple_rhs_residual,diagonally_dominant,16,11,before_multiples_rhs_residual_benchmarks,2474816,2.36017
custom_lu,multiple_rhs_residual,diagonally_dominant,16,11,after_multiples_rhs_residual_benchmarks,2474816,2.36017
custom_lu,multiple_rhs_residual,diagonally_dominant,16,11,before_multiples_rhs_residual_benchmarks,2474816,2.36017
custom_lu,multiple_rhs_residual,diagonally_dominant,16,11,after_multiples_rhs_residual_benchmarks,2474816,2.36017
custom_lu,multiple_rhs_residual,diagonally_dominant,16,12,before_problem_setup,2474816,2.36017
custom_lu,multiple_rhs_residual,diagonally_dominant,16,12,after_problem_setup,2474816,2.36017
custom_lu,multiple_rhs_residual,diagonally_dominant,16,12,before_multiples_rhs_residual_benchmarks,2474816,2.36017
custom_lu,multiple_rhs_residual,diagonally_dominant,16,12,after_multiples_rhs_residual_benchmarks,2474816,2.36017
custom_lu,multiple_rhs_residual,diagonally_dominant,16,12,before_multiples_rhs_residual_benchmarks,2474816,2.36017
custom_lu,multiple_rhs_residual,diagonally_dominant,16,12,after_multiples_rhs_residual_benchmarks,2474816,2.36017
custom_lu,multiple_rhs_residual,diagonally_dominant,16,12,before_multiples_rhs_residual_benchmarks,2474816,2.36017
custom_lu,multiple_rhs_residual,diagonally_dominant,16,12,after_multiples_rhs_residual_benchmarks,2474816,2.36017
custom_lu,multiple_rhs_residual,diagonally_dominant,16,12,before_multiples_rhs_residual_benchmarks,2474816,2.36017
custom_lu,multiple_rhs_residual,diagonally_dominant,16,12,after_multiples_rhs_residual_benchmarks,2474816,2.36017
custom_lu,multiple_rhs_residual,diagonally_dominant,16,12,before_multiples_rhs_residual_benchmarks,2474816,2.36017
custom_lu,multiple_rhs_residual,diagonally_dominant,16,12,after_multiples_rhs_residual_benchmarks,2474816,2.36017
custom_lu,multiple_rhs_residual,diagonally_dominant,16,13,before_problem_setup,2474816,2.36017
custom_lu,multiple_rhs_residual,diagonally_dominant,16,13,after_problem_setup,2474816,2.36017
custom_lu,multiple_rhs_residual,diagonally_dominant,16,13,before_multiples_rhs_residual_benchmarks,2474816,2.36017
custom_lu,multiple_rhs_residual,diagonally_dominant,16,13,after_multiples_rhs_residual_benchmarks,2474816,2.36017
custom_lu,multiple_rhs_residual,diagonally_dominant,16,13,before_multiples_rhs_residual_benchmarks,2474816,2.36017
custom_lu,multiple_rhs_residual,diagonally_dominant,16,13,after_multiples_rhs_residual_benchmarks,2474816,2.36017
custom_lu,multiple_rhs_residual,diagonally_dominant,16,13,before_multiples_rhs_residual_benchmarks,2474816,2.36017
custom_lu,multiple_rhs_residual,diagonally_dominant,16,13,after_multiples_rhs_residual_benchmarks,2474816,2.36017
custom_lu,multiple_rhs_residual,diagonally_dominant,16,13,before_multiples_rhs_residual_benchmarks,2474816,2.36017
custom_lu,multiple_rhs_residual,diagonally_dominant,16,13,after_multiples_rhs_residual_benchmarks,2474816,2.36017
custom_lu,multiple_rhs_residual,diagonally_dominant,16,13,before_multiples_rhs_residual_benchmarks,2474816,2.36017
custom_lu,multiple_rhs_residual,diagonally_dominant,16,13,after_multiples_rhs_residual_benchmarks,2474816,2.36017
custom_lu,multiple_rhs_residual,diagonally_dominant,16,14,before_problem_setup,2474816,2.36017
custom_lu,multiple_rhs_residual,diagonally_dominant,16,14,after_problem_setup,2474816,2.36017
custom_lu,multiple_rhs_residual,diagonally_dominant,16,14,before_multiples_rhs_residual_benchmarks,2474816,2.36017
custom_lu,multiple_rhs_residual,diagonally_dominant,16,14,after_multiples_rhs_residual_benchmarks,2474816,2.36017
custom_lu,multiple_rhs_residual,diagonally_dominant,16,14,before_multiples_rhs_residual_benchmarks,2474816,2.36017
custom_lu,multiple_rhs_residual,diagonally_dominant,16,14,after_multiples_rhs_residual_benchmarks,2474816,2.36017
custom_lu,multiple_rhs_residual,diagonally_dominant,16,14,before_multiples_rhs_residual_benchmarks,2474816,2.36017
custom_lu,multiple_rhs_residual,diagonally_dominant,16,14,after_multiples_rhs_residual_benchmarks,2474816,2.36017
custom_lu,multiple_rhs_residual,diagonally_dominant,16,14,before_multiples_rhs_residual_benchmarks,2474816,2.36017
custom_lu,multiple_rhs_residual,diagonally_dominant,16,14,after_multiples_rhs_residual_benchmarks,2474816,2.36017
custom_lu,multiple_rhs_residual,diagonally_dominant,16,14,before_multiples_rhs_residual_benchmarks,2474816,2.36017
custom_lu,multiple_rhs_residual,diagonally_dominant,16,14,after_multiples_rhs_residual_benchmarks,2474816,2.36017
custom_lu,multiple_rhs_residual,random_dense,32,0,before_problem_setup,2474816,2.36017
custom_lu,multiple_rhs_residual,random_dense,32,0,after_problem_setup,2474816,2.36017
custom_lu,multiple_rhs_residual,random_dense,32,0,before_multiples_rhs_residual_benchmarks,2474816,2.36017
custom_lu,multiple_rhs_residual,random_dense,32,0,after_multiples_rhs_residual_benchmarks,2474816,2.36017
custom_lu,multiple_rhs_residual,random_dense,32,0,before_multiples_rhs_residual_benchmarks,2474816,2.36017
custom_lu,multiple_rhs_residual,random_dense,32,0,after_multiples_rhs_residual_benchmarks,2491200,2.37579
custom_lu,multiple_rhs_residual,random_dense,32,0,before_multiples_rhs_residual_benchmarks,2491200,2.37579
custom_lu,multiple_rhs_residual,random_dense,32,0,after_multiples_rhs_residual_benchmarks,2491200,2.37579
custom_lu,multiple_rhs_residual,random_dense,32,0,before_multiples_rhs_residual_benchmarks,2491200,2.37579
custom_lu,multiple_rhs_residual,random_dense,32,0,after_multiples_rhs_residual_benchmarks,2491200,2.37579
custom_lu,multiple_rhs_residual,random_dense,32,0,before_multiples_rhs_residual_benchmarks,2491200,2.37579
custom_lu,multiple_rhs_residual,random_dense,32,0,after_multiples_rhs_residual_benchmarks,2491200,2.37579
custom_lu,multiple_rhs_residual,random_dense,32,1,before_problem_setup,2491200,2.37579
custom_lu,multiple_rhs_residual,random_dense,32,1,after_problem_setup,2491200,2.37579
custom_lu,multiple_rhs_residual,random_dense,32,1,before_multiples_rhs_residual_benchmarks,2491200,2.37579
custom_lu,multiple_rhs_residual,random_dense,32,1,after_multiples_rhs_residual_benchmarks,2491200,2.37579
custom_lu,multiple_rhs_residual,random_dense,32,1,before_multiples_rhs_residual_benchmarks,2491200,2.37579
custom_lu,multiple_rhs_residual,random_dense,32,1,after_multiples_rhs_residual_benchmarks,2491200,2.37579
custom_lu,multiple_rhs_residual,random_dense,32,1,before_multiples_rhs_residual_benchmarks,2491200,2.37579
custom_lu,multiple_rhs_residual,random_dense,32,1,after_multiples_rhs_residual_benchmarks,2491200,2.37579
custom_lu,multiple_rhs_residual,random_dense,32,1,before_multiples_rhs_residual_benchmarks,2491200,2.37579
custom_lu,multiple_rhs_residual,random_dense,32,1,after_multiples_rhs_residual_benchmarks,2491200,2.37579
custom_lu,multiple_rhs_residual,random_dense,32,1,before_multiples_rhs_residual_benchmarks,2491200,2.37579
custom_lu,multiple_rhs_residual,random_dense,32,1,after_multiples_rhs_residual_benchmarks,2491200,2.37579
custom_lu,multiple_rhs_residual,random_dense,32,2,before_problem_setup,2491200,2.37579
custom_lu,multiple_rhs_residual,random_dense,32,2,after_problem_setup,2491200,2.37579
custom_lu,multiple_rhs_residual,random_dense,32,2,before_multiples_rhs_residual_benchmarks,2491200,2.37579
custom_lu,multiple_rhs_residual,random_dense,32,2,after_multiples_rhs_residual_benchmarks,2491200,2.37579
custom_lu,multiple_rhs_residual,random_dense,32,2,before_multiples_rhs_residual_benchmarks,2491200,2.37579
custom_lu,multiple_rhs_residual,random_dense,32,2,after_multiples_rhs_residual_benchmarks,2491200,2.37579
custom_lu,multiple_rhs_residual,random_dense,32,2,before_multiples_rhs_residual_benchmarks,2491200,2.37579
custom_lu,multiple_rhs_residual,random_dense,32,2,after_multiples_rhs_residual_benchmarks,2491200,2.37579
custom_lu,multiple_rhs_residual,random_dense,32,2,before_multiples_rhs_residual_benchmarks,2491200,2.37579
custom_lu,multiple_rhs_residual,random_dense,32,2,after_multiples_rhs_residual_benchmarks,2491200,2.37579
custom_lu,multiple_rhs_residual,random_dense,32,2,before_multiples_rhs_residual_benchmarks,2491200,2.37579
custom_lu,multiple_rhs_residual,random_dense,32,2,after_multiples_rhs_residual_benchmarks,2491200,2.37579
custom_lu,multiple_rhs_residual,random_dense,32,3,before_problem_setup,2491200,2.37579
custom_lu,multiple_rhs_residual,random_dense,32,3,after_problem_setup,2491200,2.37579
custom_lu,multiple_rhs_residual,random_dense,32,3,before_multiples_rhs_residual_benchmarks,2491200,2.37579
custom_lu,multiple_rhs_residual,random_dense,32,3,after_multiples_rhs_residual_benchmarks,2491200,2.37579
custom_lu,multiple_rhs_residual,random_dense,32,3,before_multiples_rhs_residual_benchmarks,2491200,2.37579
custom_lu,multiple_rhs_residual,random_dense,32,3,after_multiples_rhs_residual_benchmarks,2491200,2.37579
custom_lu,multiple_rhs_residual,random_dense,32,3,before_multiples_rhs_residual_benchmarks,2491200,2.37579
custom_lu,multiple_rhs_residual,random_dense,32,3,after_multiples_rhs_residual_benchmarks,2491200,2.37579
custom_lu,multiple_rhs_residual,random_dense,32,3,before_multiples_rhs_residual_benchmarks,2491200,2.37579
custom_lu,multiple_rhs_residual,random_dense,32,3,after_multiples_rhs_residual_benchmarks,2491200,2.37579
custom_lu,multiple_rhs_residual,random_dense,32,3,before_multiples_rhs_residual_benchmarks,2491200,2.37579
custom_lu,multiple_rhs_residual,random_dense,32,3,after_multiples_rhs_residual_benchmarks,2491200,2.37579
custom_lu,multiple_rhs_residual,random_dense,32,4,before_problem_setup,2491200,2.37579
custom_lu,multiple_rhs_residual,random_dense,32,4,after_problem_setup,2491200,2.37579
custom_lu,multiple_rhs_residual,random_dense,32,4,before_multiples_rhs_residual_benchmarks,2491200,2.37579
custom_lu,multiple_rhs_residual,random_dense,32,4,after_multiples_rhs_residual_benchmarks,2491200,2.37579
custom_lu,multiple_rhs_residual,random_dense,32,4,before_multiples_rhs_residual_benchmarks,2491200,2.37579
custom_lu,multiple_rhs_residual,random_dense,32,4,after_multiples_rhs_residual_benchmarks,2491200,2.37579
custom_lu,multiple_rhs_residual,random_dense,32,4,before_multiples_rhs_residual_benchmarks,2491200,2.37579
custom_lu,multiple_rhs_residual,random_dense,32,4,after_multiples_rhs_residual_benchmarks,2491200,2.37579
custom_lu,multiple_rhs_residual,random_dense,32,4,before_multiples_rhs_residual_benchmarks,2491200,2.37579
custom_lu,multiple_rhs_residual,random_dense,32,4,after_multiples_rhs_residual_benchmarks,2491200,2.37579
custom_lu,multiple_rhs_residual,random_dense,32,4,before_multiples_rhs_residual_benchmarks,2491200,2.37579
custom_lu,multiple_rhs_residual,random_dense,32,4,after_multiples_rhs_residual_benchmarks,2491200,2.37579
custom_lu,multiple_rhs_residual,random_dense,32,5,before_problem_setup,2491200,2.37579
custom_lu,multiple_rhs_residual,random_dense,32,5,after_problem_setup,2491200,2.37579
custom_lu,multiple_rhs_residual,random_dense,32,5,before_multiples_rhs_residual_benchmarks,2491200,2.37579
custom_lu,multiple_rhs_residual,random_dense,32,5,after_multiples_rhs_residual_benchmarks,2491200,2.37579
custom_lu,multiple_rhs_residual,random_dense,32,5,before_multiples_rhs_residual_benchmarks,2491200,2.37579
custom_lu,multiple_rhs_residual,random_dense,32,5,after_multiples_rhs_residual_benchmarks,2491200,2.37579
custom_lu,multiple_rhs_residual,random_dense,32,5,before_multiples_rhs_residual_benchmarks,2491200,2.37579
custom_lu,multiple_rhs_residual,random_dense,32,5,after_multiples_rhs_residual_benchmarks,2491200,2.37579
custom_lu,multiple_rhs_residual,random_dense,32,5,before_multiples_rhs_residual_benchmarks,2491200,2.37579
custom_lu,multiple_rhs_residual,random_dense,32,5,after_multiples_rhs_residual_benchmarks,2491200,2.37579
custom_lu,multiple_rhs_residual,random_dense,32,5,before_multiples_rhs_residual_benchmarks,2491200,2.37579
custom_lu,multiple_rhs_residual,random_dense,32,5,after_multiples_rhs_residual_benchmarks,2491200,2.37579
custom_lu,multiple_rhs_residual,random_dense,32,6,before_problem_setup,2491200,2.37579
custom_lu,multiple_rhs_residual,random_dense,32,6,after_problem_setup,2491200,2.37579
custom_lu,multiple_rhs_residual,random_dense,32,6,before_multiples_rhs_residual_benchmarks,2491200,2.37579
custom_lu,multiple_rhs_residual,random_dense,32,6,after_multiples_rhs_residual_benchmarks,2491200,2.37579
custom_lu,multiple_rhs_residual,random_dense,32,6,before_multiples_rhs_residual_benchmarks,2491200,2.37579
custom_lu,multiple_rhs_residual,random_dense,32,6,after_multiples_rhs_residual_benchmarks,2491200,2.37579
custom_lu,multiple_rhs_residual,random_dense,32,6,before_multiples_rhs_residual_benchmarks,2491200,2.37579
custom_lu,multiple_rhs_residual,random_dense,32,6,after_multiples_rhs_residual_benchmarks,2491200,2.37579
custom_lu,multiple_rhs_residual,random_dense,32,6,before_multiples_rhs_residual_benchmarks,2491200,2.37579
custom_lu,multiple_rhs_residual,random_dense,32,6,after_multiples_rhs_residual_benchmarks,2491200,2.37579
custom_lu,multiple_rhs_residual,random_dense,32,6,before_multiples_rhs_residual_benchmarks,2491200,2.37579
custom_lu,multiple_rhs_residual,random_dense,32,6,after_multiples_rhs_residual_benchmarks,2491200,2.37579
custom_lu,multiple_rhs_residual,random_dense,32,7,before_problem_setup,2491200,2.37579
custom_lu,multiple_rhs_residual,random_dense,32,7,after_problem_setup,2491200,2.37579
custom_lu,multiple_rhs_residual,random_dense,32,7,before_multiples_rhs_residual_benchmarks,2491200,2.37579
custom_lu,multiple_rhs_residual,random_dense,32,7,after_multiples_rhs_residual_benchmarks,2491200,2.37579
custom_lu,multiple_rhs_residual,random_dense,32,7,before_multiples_rhs_residual_benchmarks,2491200,2.37579
custom_lu,multiple_rhs_residual,random_dense,32,7,after_multiples_rhs_residual_benchmarks,2491200,2.37579
custom_lu,multiple_rhs_residual,random_dense,32,7,before_multiples_rhs_residual_benchmarks,2491200,2.37579
custom_lu,multiple_rhs_residual,random_dense,32,7,after_multiples_rhs_residual_benchmarks,2491200,2.37579
custom_lu,multiple_rhs_residual,random_dense,32,7,before_multiples_rhs_residual_benchmarks,2491200,2.37579
custom_lu,multiple_rhs_residual,random_dense,32,7,after_multiples_rhs_residual_benchmarks,2491200,2.37579
custom_lu,multiple_rhs_residual,random_dense,32,7,before_multiples_rhs_residual_benchmarks,2491200,2.37579
custom_lu,multiple_rhs_residual,random_dense,32,7,after_multiples_rhs_residual_benchmarks,2491200,2.37579
custom_lu,multiple_rhs_residual,random_dense,32,8,before_problem_setup,2491200,2.37579
custom_lu,multiple_rhs_residual,random_dense,32,8,after_problem_setup,2491200,2.37579
custom_lu,multiple_rhs_residual,random_dense,32,8,before_multiples_rhs_residual_benchmarks,2491200,2.37579
custom_lu,multiple_rhs_residual,random_dense,32,8,after_multiples_rhs_residual_benchmarks,2491200,2.37579
custom_lu,multiple_rhs_residual,random_dense,32,8,before_multiples_rhs_residual_benchmarks,2491200,2.37579
custom_lu,multiple_rhs_residual,random_dense,32,8,after_multiples_rhs_residual_benchmarks,2491200,2.37579
custom_lu,multiple_rhs_residual,random_dense,32,8,before_multiples_rhs_residual_benchmarks,2491200,2.37579
custom_lu,multiple_rhs_residual,random_dense,32,8,after_multiples_rhs_residual_benchmarks,2491200,2.37579
custom_lu,multiple_rhs_residual,random_dense,32,8,before_multiples_rhs_residual_benchmarks,2491200,2.37579
custom_lu,multiple_rhs_residual,random_dense,32,8,after_multiples_rhs_residual_benchmarks,2491200,2.37579
custom_lu,multiple_rhs_residual,random_dense,32,8,before_multiples_rhs_residual_benchmarks,2491200,2.37579
custom_lu,multiple_rhs_residual,random_dense,32,8,after_multiples_rhs_residual_benchmarks,2491200,2.37579
custom_lu,multiple_rhs_residual,random_dense,32,9,before_problem_setup,2491200,2.37579
custom_lu,multiple_rhs_residual,random_dense,32,9,after_problem_setup,2491200,2.37579
custom_lu,multiple_rhs_residual,random_dense,32,9,before_multiples_rhs_residual_benchmarks,2491200,2.37579
custom_lu,multiple_rhs_residual,random_dense,32,9,after_multiples_rhs_residual_benchmarks,2491200,2.37579
custom_lu,multiple_rhs_residual,random_dense,32,9,before_multiples_rhs_residual_benchmarks,2491200,2.37579
custom_lu,multiple_rhs_residual,random_dense,32,9,after_multiples_rhs_residual_benchmarks,2491200,2.37579
custom_lu,multiple_rhs_residual,random_dense,32,9,before_multiples_rhs_residual_benchmarks,2491200,2.37579
custom_lu,multiple_rhs_residual,random_dense,32,9,after_multiples_rhs_residual_benchmarks,2491200,2.37579
custom_lu,multiple_rhs_residual,random_dense,32,9,before_multiples_rhs_residual_benchmarks,2491200,2.37579
custom_lu,multiple_rhs_residual,random_dense,32,9,after_multiples_rhs_residual_benchmarks,2491200,2.37579
custom_lu,multiple_rhs_residual,random_dense,32,9,before_multiples_rhs_residual_benchmarks,2491200,2.37579
custom_lu,multiple_rhs_residual,random_dense,32,9,after_multiples_rhs_residual_benchmarks,2491200,2.37579
custom_lu,multiple_rhs_residual,random_dense,32,10,before_problem_setup,2491200,2.37579
custom_lu,multiple_rhs_residual,random_dense,32,10,after_problem_setup,2491200,2.37579
custom_lu,multiple_rhs_residual,random_dense,32,10,before_multiples_rhs_residual_benchmarks,2491200,2.37579
custom_lu,multiple_rhs_residual,random_dense,32,10,after_multiples_rhs_residual_benchmarks,2491200,2.37579
custom_lu,multiple_rhs_residual,random_dense,32,10,before_multiples_rhs_residual_benchmarks,2491200,2.37579
custom_lu,multiple_rhs_residual,random_dense,32,10,after_multiples_rhs_residual_benchmarks,2491200,2.37579
custom_lu,multiple_rhs_residual,random_dense,32,10,before_multiples_rhs_residual_benchmarks,2491200,2.37579
custom_lu,multiple_rhs_residual,random_dense,32,10,after_multiples_rhs_residual_benchmarks,2491200,2.37579
custom_lu,multiple_rhs_residual,random_dense,32,10,before_multiples_rhs_residual_benchmarks,2491200,2.37579
custom_lu,multiple_rhs_residual,random_dense,32,10,after_multiples_rhs_residual_benchmarks,2491200,2.37579
custom_lu,multiple_rhs_residual,random_dense,32,10,before_multiples_rhs_residual_benchmarks,2491200,2.37579
custom_lu,multiple_rhs_residual,random_dense,32,10,after_multiples_rhs_residual_benchmarks,2491200,2.37579
custom_lu,multiple_rhs_residual,random_dense,32,11,before_problem_setup,2491200,2.37579
custom_lu,multiple_rhs_residual,random_dense,32,11,after_problem_setup,2491200,2.37579
custom_lu,multiple_rhs_residual,random_dense,32,11,before_multiples_rhs_residual_benchmarks,2491200,2.37579
custom_lu,multiple_rhs_residual,random_dense,32,11,after_multiples_rhs_residual_benchmarks,2491200,2.37579
custom_lu,multiple_rhs_residual,random_dense,32,11,before_multiples_rhs_residual_benchmarks,2491200,2.37579
custom_lu,multiple_rhs_residual,random_dense,32,11,after_multiples_rhs_residual_benchmarks,2491200,2.37579
custom_lu,multiple_rhs_residual,random_dense,32,11,before_multiples_rhs_residual_benchmarks,2491200,2.37579
custom_lu,multiple_rhs_residual,random_dense,32,11,after_multiples_rhs_residual_benchmarks,2491200,2.37579
custom_lu,multiple_rhs_residual,random_dense,32,11,before_multiples_rhs_residual_benchmarks,2491200,2.37579
custom_lu,multiple_rhs_residual,random_dense,32,11,after_multiples_rhs_residual_benchmarks,2491200,2.37579
custom_lu,multiple_rhs_residual,random_dense,32,11,before_multiples_rhs_residual_benchmarks,2491200,2.37579
custom_lu,multiple_rhs_residual,random_dense,32,11,after_multiples_rhs_residual_benchmarks,2491200,2.37579
custom_lu,multiple_rhs_residual,random_dense,32,12,before_problem_setup,2491200,2.37579
custom_lu,multiple_rhs_residual,random_dense,32,12,after_problem_setup,2491200,2.37579
custom_lu,multiple_rhs_residual,random_dense,32,12,before_multiples_rhs_residual_benchmarks,2491200,2.37579
custom_lu,multiple_rhs_residual,random_dense,32,12,after_multiples_rhs_residual_benchmarks,2491200,2.37579
custom_lu,multiple_rhs_residual,random_dense,32,12,before_multiples_rhs_residual_benchmarks,2491200,2.37579
custom_lu,multiple_rhs_residual,random_dense,32,12,after_multiples_rhs_residual_benchmarks,2491200,2.37579
custom_lu,multiple_rhs_residual,random_dense,32,12,before_multiples_rhs_residual_benchmarks,2491200,2.37579
custom_lu,multiple_rhs_residual,random_dense,32,12,after_multiples_rhs_residual_benchmarks,2491200,2.37579
custom_lu,multiple_rhs_residual,random_dense,32,12,before_multiples_rhs_residual_benchmarks,2491200,2.37579
custom_lu,multiple_rhs_residual,random_dense,32,12,after_multiples_rhs_residual_benchmarks,2491200,2.37579
custom_lu,multiple_rhs_residual,random_dense,32,12,before_multiples_rhs_residual_benchmarks,2491200,2.37579
custom_lu,multiple_rhs_residual,random_dense,32,12,after_multiples_rhs_residual_benchmarks,2491200,2.37579
custom_lu,multiple_rhs_residual,random_dense,32,13,before_problem_setup,2491200,2.37579
custom_lu,multiple_rhs_residual,random_dense,32,13,after_problem_setup,2491200,2.37579
custom_lu,multiple_rhs_residual,random_dense,32,13,before_multiples_rhs_residual_benchmarks,2491200,2.37579
custom_lu,multiple_rhs_residual,random_dense,32,13,after_multiples_rhs_residual_benchmarks,2491200,2.37579
custom_lu,multiple_rhs_residual,random_dense,32,13,before_multiples_rhs_residual_benchmarks,2491200,2.37579
custom_lu,multiple_rhs_residual,random_dense,32,13,after_multiples_rhs_residual_benchmarks,2491200,2.37579
custom_lu,multiple_rhs_residual,random_dense,32,13,before_multiples_rhs_residual_benchmarks,2491200,2.37579
custom_lu,multiple_rhs_residual,random_dense,32,13,after_multiples_rhs_residual_benchmarks,2491200,2.37579
custom_lu,multiple_rhs_residual,random_dense,32,13,before_multiples_rhs_residual_benchmarks,2491200,2.37579
custom_lu,multiple_rhs_residual,random_dense,32,13,after_multiples_rhs_residual_benchmarks,2491200,2.37579
custom_lu,multiple_rhs_residual,random_dense,32,13,before_multiples_rhs_residual_benchmarks,2491200,2.37579
custom_lu,multiple_rhs_residual,random_dense,32,13,after_multiples_rhs_residual_benchmarks,2491200,2.37579
custom_lu,multiple_rhs_residual,random_dense,32,14,before_problem_setup,2491200,2.37579
custom_lu,multiple_rhs_residual,random_dense,32,14,after_problem_setup,2491200,2.37579
custom_lu,multiple_rhs_residual,random_dense,32,14,before_multiples_rhs_residual_benchmarks,2491200,2.37579
custom_lu,multiple_rhs_residual,random_dense,32,14,after_multiples_rhs_residual_benchmarks,2491200,2.37579
custom_lu,multiple_rhs_residual,random_dense,32,14,before_multiples_rhs_residual_benchmarks,2491200,2.37579
custom_lu,multiple_rhs_residual,random_dense,32,14,after_multiples_rhs_residual_benchmarks,2491200,2.37579
custom_lu,multiple_rhs_residual,random_dense,32,14,before_multiples_rhs_residual_benchmarks,2491200,2.37579
custom_lu,multiple_rhs_residual,random_dense,32,14,after_multiples_rhs_residual_benchmarks,2491200,2.37579
custom_lu,multiple_rhs_residual,random_dense,32,14,before_multiples_rhs_residual_benchmarks,2491200,2.37579
custom_lu,multiple_rhs_residual,random_dense,32,14,after_multiples_rhs_residual_benchmarks,2491200,2.37579
custom_lu,multiple_rhs_residual,random_dense,32,14,before_multiples_rhs_residual_benchmarks,2491200,2.37579
custom_lu,multiple_rhs_residual,random_dense,32,14,after_multiples_rhs_residual_benchmarks,2491200,2.37579
custom_lu,multiple_rhs_residual,diagonally_dominant,32,0,before_problem_setup,2491200,2.37579
custom_lu,multiple_rhs_residual,diagonally_dominant,32,0,after_problem_setup,2491200,2.37579
custom_lu,multiple_rhs_residual,diagonally_dominant,32,0,before_multiples_rhs_residual_benchmarks,2491200,2.37579
custom_lu,multiple_rhs_residual,diagonally_dominant,32,0,after_multiples_rhs_residual_benchmarks,2491200,2.37579
custom_lu,multiple_rhs_residual,diagonally_dominant,32,0,before_multiples_rhs_residual_benchmarks,2491200,2.37579
custom_lu,multiple_rhs_residual,diagonally_dominant,32,0,after_multiples_rhs_residual_benchmarks,2491200,2.37579
custom_lu,multiple_rhs_residual,diagonally_dominant,32,0,before_multiples_rhs_residual_benchmarks,2491200,2.37579
custom_lu,multiple_rhs_residual,diagonally_dominant,32,0,after_multiples_rhs_residual_benchmarks,2491200,2.37579
custom_lu,multiple_rhs_residual,diagonally_dominant,32,0,before_multiples_rhs_residual_benchmarks,2491200,2.37579
custom_lu,multiple_rhs_residual,diagonally_dominant,32,0,after_multiples_rhs_residual_benchmarks,2491200,2.37579
custom_lu,multiple_rhs_residual,diagonally_dominant,32,0,before_multiples_rhs_residual_benchmarks,2491200,2.37579
custom_lu,multiple_rhs_residual,diagonally_dominant,32,0,after_multiples_rhs_residual_benchmarks,2491200,2.37579
custom_lu,multiple_rhs_residual,diagonally_dominant,32,1,before_problem_setup,2491200,2.37579
custom_lu,multiple_rhs_residual,diagonally_dominant,32,1,after_problem_setup,2491200,2.37579
custom_lu,multiple_rhs_residual,diagonally_dominant,32,1,before_multiples_rhs_residual_benchmarks,2491200,2.37579
custom_lu,multiple_rhs_residual,diagonally_dominant,32,1,after_multiples_rhs_residual_benchmarks,2491200,2.37579
custom_lu,multiple_rhs_residual,diagonally_dominant,32,1,before_multiples_rhs_residual_benchmarks,2491200,2.37579
custom_lu,multiple_rhs_residual,diagonally_dominant,32,1,after_multiples_rhs_residual_benchmarks,2491200,2.37579
custom_lu,multiple_rhs_residual,diagonally_dominant,32,1,before_multiples_rhs_residual_benchmarks,2491200,2.37579
custom_lu,multiple_rhs_residual,diagonally_dominant,32,1,after_multiples_rhs_residual_benchmarks,2491200,2.37579
custom_lu,multiple_rhs_residual,diagonally_dominant,32,1,before_multiples_rhs_residual_benchmarks,2491200,2.37579
custom_lu,multiple_rhs_residual,diagonally_dominant,32,1,after_multiples_rhs_residual_benchmarks,2491200,2.37579
custom_lu,multiple_rhs_residual,diagonally_dominant,32,1,before_multiples_rhs_residual_benchmarks,2491200,2.37579
custom_lu,multiple_rhs_residual,diagonally_dominant,32,1,after_multiples_rhs_residual_benchmarks,2491200,2.37579
custom_lu,multiple_rhs_residual,diagonally_dominant,32,2,before_problem_setup,2491200,2.37579
custom_lu,multiple_rhs_residual,diagonally_dominant,32,2,after_problem_setup,2491200,2.37579
custom_lu,multiple_rhs_residual,diagonally_dominant,32,2,before_multiples_rhs_residual_benchmarks,2491200,2.37579
custom_lu,multiple_rhs_residual,diagonally_dominant,32,2,after_multiples_rhs_residual_benchmarks,2491200,2.37579
custom_lu,multiple_rhs_residual,diagonally_dominant,32,2,before_multiples_rhs_residual_benchmarks,2491200,2.37579
custom_lu,multiple_rhs_residual,diagonally_dominant,32,2,after_multiples_rhs_residual_benchmarks,2491200,2.37579
custom_lu,multiple_rhs_residual,diagonally_dominant,32,2,before_multiples_rhs_residual_benchmarks,2491200,2.37579
custom_lu,multiple_rhs_residual,diagonally_dominant,32,2,after_multiples_rhs_residual_benchmarks,2491200,2.37579
custom_lu,multiple_rhs_residual,diagonally_dominant,32,2,before_multiples_rhs_residual_benchmarks,2491200,2.37579
custom_lu,multiple_rhs_residual,diagonally_dominant,32,2,after_multiples_rhs_residual_benchmarks,2491200,2.37579
custom_lu,multiple_rhs_residual,diagonally_dominant,32,2,before_multiples_rhs_residual_benchmarks,2491200,2.37579
custom_lu,multiple_rhs_residual,diagonally_dominant,32,2,after_multiples_rhs_residual_benchmarks,2491200,2.37579
custom_lu,multiple_rhs_residual,diagonally_dominant,32,3,before_problem_setup,2491200,2.37579
custom_lu,multiple_rhs_residual,diagonally_dominant,32,3,after_problem_setup,2491200,2.37579
custom_lu,multiple_rhs_residual,diagonally_dominant,32,3,before_multiples_rhs_residual_benchmarks,2491200,2.37579
custom_lu,multiple_rhs_residual,diagonally_dominant,32,3,after_multiples_rhs_residual_benchmarks,2491200,2.37579
custom_lu,multiple_rhs_residual,diagonally_dominant,32,3,before_multiples_rhs_residual_benchmarks,2491200,2.37579
custom_lu,multiple_rhs_residual,diagonally_dominant,32,3,after_multiples_rhs_residual_benchmarks,2491200,2.37579
custom_lu,multiple_rhs_residual,diagonally_dominant,32,3,before_multiples_rhs_residual_benchmarks,2491200,2.37579
custom_lu,multiple_rhs_residual,diagonally_dominant,32,3,after_multiples_rhs_residual_benchmarks,2491200,2.37579
custom_lu,multiple_rhs_residual,diagonally_dominant,32,3,before_multiples_rhs_residual_benchmarks,2491200,2.37579
custom_lu,multiple_rhs_residual,diagonally_dominant,32,3,after_multiples_rhs_residual_benchmarks,2491200,2.37579
custom_lu,multiple_rhs_residual,diagonally_dominant,32,3,before_multiples_rhs_residual_benchmarks,2491200,2.37579
custom_lu,multiple_rhs_residual,diagonally_dominant,32,3,after_multiples_rhs_residual_benchmarks,2491200,2.37579
custom_lu,multiple_rhs_residual,diagonally_dominant,32,4,before_problem_setup,2491200,2.37579
custom_lu,multiple_rhs_residual,diagonally_dominant,32,4,after_problem_setup,2491200,2.37579
custom_lu,multiple_rhs_residual,diagonally_dominant,32,4,before_multiples_rhs_residual_benchmarks,2491200,2.37579
custom_lu,multiple_rhs_residual,diagonally_dominant,32,4,after_multiples_rhs_residual_benchmarks,2491200,2.37579
custom_lu,multiple_rhs_residual,diagonally_dominant,32,4,before_multiples_rhs_residual_benchmarks,2491200,2.37579
custom_lu,multiple_rhs_residual,diagonally_dominant,32,4,after_multiples_rhs_residual_benchmarks,2491200,2.37579
custom_lu,multiple_rhs_residual,diagonally_dominant,32,4,before_multiples_rhs_residual_benchmarks,2491200,2.37579
custom_lu,multiple_rhs_residual,diagonally_dominant,32,4,after_multiples_rhs_residual_benchmarks,2491200,2.37579
custom_lu,multiple_rhs_residual,diagonally_dominant,32,4,before_multiples_rhs_residual_benchmarks,2491200,2.37579
custom_lu,multiple_rhs_residual,diagonally_dominant,32,4,after_multiples_rhs_residual_benchmarks,2491200,2.37579
custom_lu,multiple_rhs_residual,diagonally_dominant,32,4,before_multiples_rhs_residual_benchmarks,2491200,2.37579
custom_lu,multiple_rhs_residual,diagonally_dominant,32,4,after_multiples_rhs_residual_benchmarks,2491200,2.37579
custom_lu,multiple_rhs_residual,diagonally_dominant,32,5,before_problem_setup,2491200,2.37579
custom_lu,multiple_rhs_residual,diagonally_dominant,32,5,after_problem_setup,2491200,2.37579
custom_lu,multiple_rhs_residual,diagonally_dominant,32,5,before_multiples_rhs_residual_benchmarks,2491200,2.37579
custom_lu,multiple_rhs_residual,diagonally_dominant,32,5,after_multiples_rhs_residual_benchmarks,2491200,2.37579
custom_lu,multiple_rhs_residual,diagonally_dominant,32,5,before_multiples_rhs_residual_benchmarks,2491200,2.37579
custom_lu,multiple_rhs_residual,diagonally_dominant,32,5,after_multiples_rhs_residual_benchmarks,2491200,2.37579
custom_lu,multiple_rhs_residual,diagonally_dominant,32,5,before_multiples_rhs_residual_benchmarks,2491200,2.37579
custom_lu,multiple_rhs_residual,diagonally_dominant,32,5,after_multiples_rhs_residual_benchmarks,2491200,2.37579
custom_lu,multiple_rhs_residual,diagonally_dominant,32,5,before_multiples_rhs_residual_benchmarks,2491200,2.37579
custom_lu,multiple_rhs_residual,diagonally_dominant,32,5,after_multiples_rhs_residual_benchmarks,2491200,2.37579
custom_lu,multiple_rhs_residual,diagonally_dominant,32,5,before_multiples_rhs_residual_benchmarks,2491200,2.37579
custom_lu,multiple_rhs_residual,diagonally_dominant,32,5,after_multiples_rhs_residual_benchmarks,2491200,2.37579
custom_lu,multiple_rhs_residual,diagonally_dominant,32,6,before_problem_setup,2491200,2.37579
custom_lu,multiple_rhs_residual,diagonally_dominant,32,6,after_problem_setup,2491200,2.37579
custom_lu,multiple_rhs_residual,diagonally_dominant,32,6,before_multiples_rhs_residual_benchmarks,2491200,2.37579
custom_lu,multiple_rhs_residual,diagonally_dominant,32,6,after_multiples_rhs_residual_benchmarks,2491200,2.37579
custom_lu,multiple_rhs_residual,diagonally_dominant,32,6,before_multiples_rhs_residual_benchmarks,2491200,2.37579
custom_lu,multiple_rhs_residual,diagonally_dominant,32,6,after_multiples_rhs_residual_benchmarks,2491200,2.37579
custom_lu,multiple_rhs_residual,diagonally_dominant,32,6,before_multiples_rhs_residual_benchmarks,2491200,2.37579
custom_lu,multiple_rhs_residual,diagonally_dominant,32,6,after_multiples_rhs_residual_benchmarks,2491200,2.37579
custom_lu,multiple_rhs_residual,diagonally_dominant,32,6,before_multiples_rhs_residual_benchmarks,2491200,2.37579
custom_lu,multiple_rhs_residual,diagonally_dominant,32,6,after_multiples_rhs_residual_benchmarks,2491200,2.37579
custom_lu,multiple_rhs_residual,diagonally_dominant,32,6,before_multiples_rhs_residual_benchmarks,2491200,2.37579
custom_lu,multiple_rhs_residual,diagonally_dominant,32,6,after_multiples_rhs_residual_benchmarks,2491200,2.37579
custom_lu,multiple_rhs_residual,diagonally_dominant,32,7,before_problem_setup,2491200,2.37579
custom_lu,multiple_rhs_residual,diagonally_dominant,32,7,after_problem_setup,2491200,2.37579
custom_lu,multiple_rhs_residual,diagonally_dominant,32,7,before_multiples_rhs_residual_benchmarks,2491200,2.37579
custom_lu,multiple_rhs_residual,diagonally_dominant,32,7,after_multiples_rhs_residual_benchmarks,2491200,2.37579
custom_lu,multiple_rhs_residual,diagonally_dominant,32,7,before_multiples_rhs_residual_benchmarks,2491200,2.37579
custom_lu,multiple_rhs_residual,diagonally_dominant,32,7,after_multiples_rhs_residual_benchmarks,2491200,2.37579
custom_lu,multiple_rhs_residual,diagonally_dominant,32,7,before_multiples_rhs_residual_benchmarks,2491200,2.37579
custom_lu,multiple_rhs_residual,diagonally_dominant,32,7,after_multiples_rhs_residual_benchmarks,2491200,2.37579
custom_lu,multiple_rhs_residual,diagonally_dominant,32,7,before_multiples_rhs_residual_benchmarks,2491200,2.37579
custom_lu,multiple_rhs_residual,diagonally_dominant,32,7,after_multiples_rhs_residual_benchmarks,2491200,2.37579
custom_lu,multiple_rhs_residual,diagonally_dominant,32,7,before_multiples_rhs_residual_benchmarks,2491200,2.37579
custom_lu,multiple_rhs_residual,diagonally_dominant,32,7,after_multiples_rhs_residual_benchmarks,2491200,2.37579
custom_lu,multiple_rhs_residual,diagonally_dominant,32,8,before_problem_setup,2491200,2.37579
custom_lu,multiple_rhs_residual,diagonally_dominant,32,8,after_problem_setup,2491200,2.37579
custom_lu,multiple_rhs_residual,diagonally_dominant,32,8,before_multiples_rhs_residual_benchmarks,2491200,2.37579
custom_lu,multiple_rhs_residual,diagonally_dominant,32,8,after_multiples_rhs_residual_benchmarks,2491200,2.37579
custom_lu,multiple_rhs_residual,diagonally_dominant,32,8,before_multiples_rhs_residual_benchmarks,2491200,2.37579
custom_lu,multiple_rhs_residual,diagonally_dominant,32,8,after_multiples_rhs_residual_benchmarks,2491200,2.37579
custom_lu,multiple_rhs_residual,diagonally_dominant,32,8,before_multiples_rhs_residual_benchmarks,2491200,2.37579
custom_lu,multiple_rhs_residual,diagonally_dominant,32,8,after_multiples_rhs_residual_benchmarks,2491200,2.37579
custom_lu,multiple_rhs_residual,diagonally_dominant,32,8,before_multiples_rhs_residual_benchmarks,2491200,2.37579
custom_lu,multiple_rhs_residual,diagonally_dominant,32,8,after_multiples_rhs_residual_benchmarks,2491200,2.37579
custom_lu,multiple_rhs_residual,diagonally_dominant,32,8,before_multiples_rhs_residual_benchmarks,2491200,2.37579
custom_lu,multiple_rhs_residual,diagonally_dominant,32,8,after_multiples_rhs_residual_benchmarks,2491200,2.37579
custom_lu,multiple_rhs_residual,diagonally_dominant,32,9,before_problem_setup,2491200,2.37579
custom_lu,multiple_rhs_residual,diagonally_dominant,32,9,after_problem_setup,2491200,2.37579
custom_lu,multiple_rhs_residual,diagonally_dominant,32,9,before_multiples_rhs_residual_benchmarks,2491200,2.37579
custom_lu,multiple_rhs_residual,diagonally_dominant,32,9,after_multiples_rhs_residual_benchmarks,2491200,2.37579
custom_lu,multiple_rhs_residual,diagonally_dominant,32,9,before_multiples_rhs_residual_benchmarks,2491200,2.37579
custom_lu,multiple_rhs_residual,diagonally_dominant,32,9,after_multiples_rhs_residual_benchmarks,2491200,2.37579
custom_lu,multiple_rhs_residual,diagonally_dominant,32,9,before_multiples_rhs_residual_benchmarks,2491200,2.37579
custom_lu,multiple_rhs_residual,diagonally_dominant,32,9,after_multiples_rhs_residual_benchmarks,2491200,2.37579
custom_lu,multiple_rhs_residual,diagonally_dominant,32,9,before_multiples_rhs_residual_benchmarks,2491200,2.37579
custom_lu,multiple_rhs_residual,diagonally_dominant,32,9,after_multiples_rhs_residual_benchmarks,2491200,2.37579
custom_lu,multiple_rhs_residual,diagonally_dominant,32,9,before_multiples_rhs_residual_benchmarks,2491200,2.37579
custom_lu,multiple_rhs_residual,diagonally_dominant,32,9,after_multiples_rhs_residual_benchmarks,2491200,2.37579
custom_lu,multiple_rhs_residual,diagonally_dominant,32,10,before_problem_setup,2491200,2.37579
custom_lu,multiple_rhs_residual,diagonally_dominant,32,10,after_problem_setup,2491200,2.37579
custom_lu,multiple_rhs_residual,diagonally_dominant,32,10,before_multiples_rhs_residual_benchmarks,2491200,2.37579
custom_lu,multiple_rhs_residual,diagonally_dominant,32,10,after_multiples_rhs_residual_benchmarks,2491200,2.37579
custom_lu,multiple_rhs_residual,diagonally_dominant,32,10,before_multiples_rhs_residual_benchmarks,2491200,2.37579
custom_lu,multiple_rhs_residual,diagonally_dominant,32,10,after_multiples_rhs_residual_benchmarks,2491200,2.37579
custom_lu,multiple_rhs_residual,diagonally_dominant,32,10,before_multiples_rhs_residual_benchmarks,2491200,2.37579
custom_lu,multiple_rhs_residual,diagonally_dominant,32,10,after_multiples_rhs_residual_benchmarks,2491200,2.37579
custom_lu,multiple_rhs_residual,diagonally_dominant,32,10,before_multiples_rhs_residual_benchmarks,2491200,2.37579
custom_lu,multiple_rhs_residual,diagonally_dominant,32,10,after_multiples_rhs_residual_benchmarks,2491200,2.37579
custom_lu,multiple_rhs_residual,diagonally_dominant,32,10,before_multiples_rhs_residual_benchmarks,2491200,2.37579
custom_lu,multiple_rhs_residual,diagonally_dominant,32,10,after_multiples_rhs_residual_benchmarks,2491200,2.37579
custom_lu,multiple_rhs_residual,diagonally_dominant,32,11,before_problem_setup,2491200,2.37579
custom_lu,multiple_rhs_residual,diagonally_dominant,32,11,after_problem_setup,2491200,2.37579
custom_lu,multiple_rhs_residual,diagonally_dominant,32,11,before_multiples_rhs_residual_benchmarks,2491200,2.37579
custom_lu,multiple_rhs_residual,diagonally_dominant,32,11,after_multiples_rhs_residual_benchmarks,2491200,2.37579
custom_lu,multiple_rhs_residual,diagonally_dominant,32,11,before_multiples_rhs_residual_benchmarks,2491200,2.37579
custom_lu,multiple_rhs_residual,diagonally_dominant,32,11,after_multiples_rhs_residual_benchmarks,2491200,2.37579
custom_lu,multiple_rhs_residual,diagonally_dominant,32,11,before_multiples_rhs_residual_benchmarks,2491200,2.37579
custom_lu,multiple_rhs_residual,diagonally_dominant,32,11,after_multiples_rhs_residual_benchmarks,2491200,2.37579
custom_lu,multiple_rhs_residual,diagonally_dominant,32,11,before_multiples_rhs_residual_benchmarks,2491200,2.37579
custom_lu,multiple_rhs_residual,diagonally_dominant,32,11,after_multiples_rhs_residual_benchmarks,2491200,2.37579
custom_lu,multiple_rhs_residual,diagonally_dominant,32,11,before_multiples_rhs_residual_benchmarks,2491200,2.37579
custom_lu,multiple_rhs_residual,diagonally_dominant,32,11,after_multiples_rhs_residual_benchmarks,2491200,2.37579
custom_lu,multiple_rhs_residual,diagonally_dominant,32,12,before_problem_setup,2491200,2.37579
custom_lu,multiple_rhs_residual,diagonally_dominant,32,12,after_problem_setup,2491200,2.37579
custom_lu,multiple_rhs_residual,diagonally_dominant,32,12,before_multiples_rhs_residual_benchmarks,2491200,2.37579
custom_lu,multiple_rhs_residual,diagonally_dominant,32,12,after_multiples_rhs_residual_benchmarks,2491200,2.37579
custom_lu,multiple_rhs_residual,diagonally_dominant,32,12,before_multiples_rhs_residual_benchmarks,2491200,2.37579
custom_lu,multiple_rhs_residual,diagonally_dominant,32,12,after_multiples_rhs_residual_benchmarks,2491200,2.37579
custom_lu,multiple_rhs_residual,diagonally_dominant,32,12,before_multiples_rhs_residual_benchmarks,2491200,2.37579
custom_lu,multiple_rhs_residual,diagonally_dominant,32,12,after_multiples_rhs_residual_benchmarks,2491200,2.37579
custom_lu,multiple_rhs_residual,diagonally_dominant,32,12,before_multiples_rhs_residual_benchmarks,2491200,2.37579
custom_lu,multiple_rhs_residual,diagonally_dominant,32,12,after_multiples_rhs_residual_benchmarks,2491200,2.37579
custom_lu,multiple_rhs_residual,diagonally_dominant,32,12,before_multiples_rhs_residual_benchmarks,2491200,2.37579
custom_lu,multiple_rhs_residual,diagonally_dominant,32,12,after_multiples_rhs_residual_benchmarks,2491200,2.37579
custom_lu,multiple_rhs_residual,diagonally_dominant,32,13,before_problem_setup,2491200,2.37579
custom_lu,multiple_rhs_residual,diagonally_dominant,32,13,after_problem_setup,2491200,2.37579
custom_lu,multiple_rhs_residual,diagonally_dominant,32,13,before_multiples_rhs_residual_benchmarks,2491200,2.37579
custom_lu,multiple_rhs_residual,diagonally_dominant,32,13,after_multiples_rhs_residual_benchmarks,2491200,2.37579
custom_lu,multiple_rhs_residual,diagonally_dominant,32,13,before_multiples_rhs_residual_benchmarks,2491200,2.37579
custom_lu,multiple_rhs_residual,diagonally_dominant,32,13,after_multiples_rhs_residual_benchmarks,2491200,2.37579
custom_lu,multiple_rhs_residual,diagonally_dominant,32,13,before_multiples_rhs_residual_benchmarks,2491200,2.37579
custom_lu,multiple_rhs_residual,diagonally_dominant,32,13,after_multiples_rhs_residual_benchmarks,2491200,2.37579
custom_lu,multiple_rhs_residual,diagonally_dominant,32,13,before_multiples_rhs_residual_benchmarks,2491200,2.37579
custom_lu,multiple_rhs_residual,diagonally_dominant,32,13,after_multiples_rhs_residual_benchmarks,2491200,2.37579
custom_lu,multiple_rhs_residual,diagonally_dominant,32,13,before_multiples_rhs_residual_benchmarks,2491200,2.37579
custom_lu,multiple_rhs_residual,diagonally_dominant,32,13,after_multiples_rhs_residual_benchmarks,2491200,2.37579
custom_lu,multiple_rhs_residual,diagonally_dominant,32,14,before_problem_setup,2491200,2.37579
custom_lu,multiple_rhs_residual,diagonally_dominant,32,14,after_problem_setup,2491200,2.37579
custom_lu,multiple_rhs_residual,diagonally_dominant,32,14,before_multiples_rhs_residual_benchmarks,2491200,2.37579
custom_lu,multiple_rhs_residual,diagonally_dominant,32,14,after_multiples_rhs_residual_benchmarks,2491200,2.37579
custom_lu,multiple_rhs_residual,diagonally_dominant,32,14,before_multiples_rhs_residual_benchmarks,2491200,2.37579
custom_lu,multiple_rhs_residual,diagonally_dominant,32,14,after_multiples_rhs_residual_benchmarks,2491200,2.37579
custom_lu,multiple_rhs_residual,diagonally_dominant,32,14,before_multiples_rhs_residual_benchmarks,2491200,2.37579
custom_lu,multiple_rhs_residual,diagonally_dominant,32,14,after_multiples_rhs_residual_benchmarks,2491200,2.37579
custom_lu,multiple_rhs_residual,diagonally_dominant,32,14,before_multiples_rhs_residual_benchmarks,2491200,2.37579
custom_lu,multiple_rhs_residual,diagonally_dominant,32,14,after_multiples_rhs_residual_benchmarks,2491200,2.37579
custom_lu,multiple_rhs_residual,diagonally_dominant,32,14,before_multiples_rhs_residual_benchmarks,2491200,2.37579
custom_lu,multiple_rhs_residual,diagonally_dominant,32,14,after_multiples_rhs_residual_benchmarks,2491200,2.37579
custom_lu,multiple_rhs_residual,random_dense,64,0,before_problem_setup,2491200,2.37579
custom_lu,multiple_rhs_residual,random_dense,64,0,after_problem_setup,2491200,2.37579
custom_lu,multiple_rhs_residual,random_dense,64,0,before_multiples_rhs_residual_benchmarks,2491200,2.37579
custom_lu,multiple_rhs_residual,random_dense,64,0,after_multiples_rhs_residual_benchmarks,2507584,2.39142
custom_lu,multiple_rhs_residual,random_dense,64,0,before_multiples_rhs_residual_benchmarks,2507584,2.39142
custom_lu,multiple_rhs_residual,random_dense,64,0,after_multiples_rhs_residual_benchmarks,2507584,2.39142
custom_lu,multiple_rhs_residual,random_dense,64,0,before_multiples_rhs_residual_benchmarks,2507584,2.39142
custom_lu,multiple_rhs_residual,random_dense,64,0,after_multiples_rhs_residual_benchmarks,2507584,2.39142
custom_lu,multiple_rhs_residual,random_dense,64,0,before_multiples_rhs_residual_benchmarks,2507584,2.39142
custom_lu,multiple_rhs_residual,random_dense,64,0,after_multiples_rhs_residual_benchmarks,2507584,2.39142
custom_lu,multiple_rhs_residual,random_dense,64,0,before_multiples_rhs_residual_benchmarks,2507584,2.39142
custom_lu,multiple_rhs_residual,random_dense,64,0,after_multiples_rhs_residual_benchmarks,2507584,2.39142
custom_lu,multiple_rhs_residual,random_dense,64,1,before_problem_setup,2507584,2.39142
custom_lu,multiple_rhs_residual,random_dense,64,1,after_problem_setup,2507584,2.39142
custom_lu,multiple_rhs_residual,random_dense,64,1,before_multiples_rhs_residual_benchmarks,2507584,2.39142
custom_lu,multiple_rhs_residual,random_dense,64,1,after_multiples_rhs_residual_benchmarks,2507584,2.39142
custom_lu,multiple_rhs_residual,random_dense,64,1,before_multiples_rhs_residual_benchmarks,2507584,2.39142
custom_lu,multiple_rhs_residual,random_dense,64,1,after_multiples_rhs_residual_benchmarks,2507584,2.39142
custom_lu,multiple_rhs_residual,random_dense,64,1,before_multiples_rhs_residual_benchmarks,2507584,2.39142
custom_lu,multiple_rhs_residual,random_dense,64,1,after_multiples_rhs_residual_benchmarks,2507584,2.39142
custom_lu,multiple_rhs_residual,random_dense,64,1,before_multiples_rhs_residual_benchmarks,2507584,2.39142
custom_lu,multiple_rhs_residual,random_dense,64,1,after_multiples_rhs_residual_benchmarks,2507584,2.39142
custom_lu,multiple_rhs_residual,random_dense,64,1,before_multiples_rhs_residual_benchmarks,2507584,2.39142
custom_lu,multiple_rhs_residual,random_dense,64,1,after_multiples_rhs_residual_benchmarks,2507584,2.39142
custom_lu,multiple_rhs_residual,random_dense,64,2,before_problem_setup,2507584,2.39142
custom_lu,multiple_rhs_residual,random_dense,64,2,after_problem_setup,2507584,2.39142
custom_lu,multiple_rhs_residual,random_dense,64,2,before_multiples_rhs_residual_benchmarks,2507584,2.39142
custom_lu,multiple_rhs_residual,random_dense,64,2,after_multiples_rhs_residual_benchmarks,2507584,2.39142
custom_lu,multiple_rhs_residual,random_dense,64,2,before_multiples_rhs_residual_benchmarks,2507584,2.39142
custom_lu,multiple_rhs_residual,random_dense,64,2,after_multiples_rhs_residual_benchmarks,2507584,2.39142
custom_lu,multiple_rhs_residual,random_dense,64,2,before_multiples_rhs_residual_benchmarks,2507584,2.39142
custom_lu,multiple_rhs_residual,random_dense,64,2,after_multiples_rhs_residual_benchmarks,2507584,2.39142
custom_lu,multiple_rhs_residual,random_dense,64,2,before_multiples_rhs_residual_benchmarks,2507584,2.39142
custom_lu,multiple_rhs_residual,random_dense,64,2,after_multiples_rhs_residual_benchmarks,2507584,2.39142
custom_lu,multiple_rhs_residual,random_dense,64,2,before_multiples_rhs_residual_benchmarks,2507584,2.39142
custom_lu,multiple_rhs_residual,random_dense,64,2,after_multiples_rhs_residual_benchmarks,2507584,2.39142
custom_lu,multiple_rhs_residual,random_dense,64,3,before_problem_setup,2507584,2.39142
custom_lu,multiple_rhs_residual,random_dense,64,3,after_problem_setup,2507584,2.39142
custom_lu,multiple_rhs_residual,random_dense,64,3,before_multiples_rhs_residual_benchmarks,2507584,2.39142
custom_lu,multiple_rhs_residual,random_dense,64,3,after_multiples_rhs_residual_benchmarks,2507584,2.39142
custom_lu,multiple_rhs_residual,random_dense,64,3,before_multiples_rhs_residual_benchmarks,2507584,2.39142
custom_lu,multiple_rhs_residual,random_dense,64,3,after_multiples_rhs_residual_benchmarks,2507584,2.39142
custom_lu,multiple_rhs_residual,random_dense,64,3,before_multiples_rhs_residual_benchmarks,2507584,2.39142
custom_lu,multiple_rhs_residual,random_dense,64,3,after_multiples_rhs_residual_benchmarks,2507584,2.39142
custom_lu,multiple_rhs_residual,random_dense,64,3,before_multiples_rhs_residual_benchmarks,2507584,2.39142
custom_lu,multiple_rhs_residual,random_dense,64,3,after_multiples_rhs_residual_benchmarks,2507584,2.39142
custom_lu,multiple_rhs_residual,random_dense,64,3,before_multiples_rhs_residual_benchmarks,2507584,2.39142
custom_lu,multiple_rhs_residual,random_dense,64,3,after_multiples_rhs_residual_benchmarks,2507584,2.39142
custom_lu,multiple_rhs_residual,random_dense,64,4,before_problem_setup,2507584,2.39142
custom_lu,multiple_rhs_residual,random_dense,64,4,after_problem_setup,2507584,2.39142
custom_lu,multiple_rhs_residual,random_dense,64,4,before_multiples_rhs_residual_benchmarks,2507584,2.39142
custom_lu,multiple_rhs_residual,random_dense,64,4,after_multiples_rhs_residual_benchmarks,2507584,2.39142
custom_lu,multiple_rhs_residual,random_dense,64,4,before_multiples_rhs_residual_benchmarks,2507584,2.39142
custom_lu,multiple_rhs_residual,random_dense,64,4,after_multiples_rhs_residual_benchmarks,2507584,2.39142
custom_lu,multiple_rhs_residual,random_dense,64,4,before_multiples_rhs_residual_benchmarks,2507584,2.39142
custom_lu,multiple_rhs_residual,random_dense,64,4,after_multiples_rhs_residual_benchmarks,2507584,2.39142
custom_lu,multiple_rhs_residual,random_dense,64,4,before_multiples_rhs_residual_benchmarks,2507584,2.39142
custom_lu,multiple_rhs_residual,random_dense,64,4,after_multiples_rhs_residual_benchmarks,2507584,2.39142
custom_lu,multiple_rhs_residual,random_dense,64,4,before_multiples_rhs_residual_benchmarks,2507584,2.39142
custom_lu,multiple_rhs_residual,random_dense,64,4,after_multiples_rhs_residual_benchmarks,2507584,2.39142
custom_lu,multiple_rhs_residual,random_dense,64,5,before_problem_setup,2507584,2.39142
custom_lu,multiple_rhs_residual,random_dense,64,5,after_problem_setup,2507584,2.39142
custom_lu,multiple_rhs_residual,random_dense,64,5,before_multiples_rhs_residual_benchmarks,2507584,2.39142
custom_lu,multiple_rhs_residual,random_dense,64,5,after_multiples_rhs_residual_benchmarks,2507584,2.39142
custom_lu,multiple_rhs_residual,random_dense,64,5,before_multiples_rhs_residual_benchmarks,2507584,2.39142
custom_lu,multiple_rhs_residual,random_dense,64,5,after_multiples_rhs_residual_benchmarks,2507584,2.39142
custom_lu,multiple_rhs_residual,random_dense,64,5,before_multiples_rhs_residual_benchmarks,2507584,2.39142
custom_lu,multiple_rhs_residual,random_dense,64,5,after_multiples_rhs_residual_benchmarks,2507584,2.39142
custom_lu,multiple_rhs_residual,random_dense,64,5,before_multiples_rhs_residual_benchmarks,2507584,2.39142
custom_lu,multiple_rhs_residual,random_dense,64,5,after_multiples_rhs_residual_benchmarks,2507584,2.39142
custom_lu,multiple_rhs_residual,random_dense,64,5,before_multiples_rhs_residual_benchmarks,2507584,2.39142
custom_lu,multiple_rhs_residual,random_dense,64,5,after_multiples_rhs_residual_benchmarks,2507584,2.39142
custom_lu,multiple_rhs_residual,random_dense,64,6,before_problem_setup,2507584,2.39142
custom_lu,multiple_rhs_residual,random_dense,64,6,after_problem_setup,2507584,2.39142
custom_lu,multiple_rhs_residual,random_dense,64,6,before_multiples_rhs_residual_benchmarks,2507584,2.39142
custom_lu,multiple_rhs_residual,random_dense,64,6,after_multiples_rhs_residual_benchmarks,2507584,2.39142
custom_lu,multiple_rhs_residual,random_dense,64,6,before_multiples_rhs_residual_benchmarks,2507584,2.39142
custom_lu,multiple_rhs_residual,random_dense,64,6,after_multiples_rhs_residual_benchmarks,2507584,2.39142
custom_lu,multiple_rhs_residual,random_dense,64,6,before_multiples_rhs_residual_benchmarks,2507584,2.39142
custom_lu,multiple_rhs_residual,random_dense,64,6,after_multiples_rhs_residual_benchmarks,2507584,2.39142
custom_lu,multiple_rhs_residual,random_dense,64,6,before_multiples_rhs_residual_benchmarks,2507584,2.39142
custom_lu,multiple_rhs_residual,random_dense,64,6,after_multiples_rhs_residual_benchmarks,2507584,2.39142
custom_lu,multiple_rhs_residual,random_dense,64,6,before_multiples_rhs_residual_benchmarks,2507584,2.39142
custom_lu,multiple_rhs_residual,random_dense,64,6,after_multiples_rhs_residual_benchmarks,2507584,2.39142
custom_lu,multiple_rhs_residual,random_dense,64,7,before_problem_setup,2507584,2.39142
custom_lu,multiple_rhs_residual,random_dense,64,7,after_problem_setup,2507584,2.39142
custom_lu,multiple_rhs_residual,random_dense,64,7,before_multiples_rhs_residual_benchmarks,2507584,2.39142
custom_lu,multiple_rhs_residual,random_dense,64,7,after_multiples_rhs_residual_benchmarks,2507584,2.39142
custom_lu,multiple_rhs_residual,random_dense,64,7,before_multiples_rhs_residual_benchmarks,2507584,2.39142
custom_lu,multiple_rhs_residual,random_dense,64,7,after_multiples_rhs_residual_benchmarks,2507584,2.39142
custom_lu,multiple_rhs_residual,random_dense,64,7,before_multiples_rhs_residual_benchmarks,2507584,2.39142
custom_lu,multiple_rhs_residual,random_dense,64,7,after_multiples_rhs_residual_benchmarks,2507584,2.39142
custom_lu,multiple_rhs_residual,random_dense,64,7,before_multiples_rhs_residual_benchmarks,2507584,2.39142
custom_lu,multiple_rhs_residual,random_dense,64,7,after_multiples_rhs_residual_benchmarks,2507584,2.39142
custom_lu,multiple_rhs_residual,random_dense,64,7,before_multiples_rhs_residual_benchmarks,2507584,2.39142
custom_lu,multiple_rhs_residual,random_dense,64,7,after_multiples_rhs_residual_benchmarks,2507584,2.39142
custom_lu,multiple_rhs_residual,random_dense,64,8,before_problem_setup,2507584,2.39142
custom_lu,multiple_rhs_residual,random_dense,64,8,after_problem_setup,2507584,2.39142
custom_lu,multiple_rhs_residual,random_dense,64,8,before_multiples_rhs_residual_benchmarks,2507584,2.39142
custom_lu,multiple_rhs_residual,random_dense,64,8,after_multiples_rhs_residual_benchmarks,2507584,2.39142
custom_lu,multiple_rhs_residual,random_dense,64,8,before_multiples_rhs_residual_benchmarks,2507584,2.39142
custom_lu,multiple_rhs_residual,random_dense,64,8,after_multiples_rhs_residual_benchmarks,2507584,2.39142
custom_lu,multiple_rhs_residual,random_dense,64,8,before_multiples_rhs_residual_benchmarks,2507584,2.39142
custom_lu,multiple_rhs_residual,random_dense,64,8,after_multiples_rhs_residual_benchmarks,2507584,2.39142
custom_lu,multiple_rhs_residual,random_dense,64,8,before_multiples_rhs_residual_benchmarks,2507584,2.39142
custom_lu,multiple_rhs_residual,random_dense,64,8,after_multiples_rhs_residual_benchmarks,2507584,2.39142
custom_lu,multiple_rhs_residual,random_dense,64,8,before_multiples_rhs_residual_benchmarks,2507584,2.39142
custom_lu,multiple_rhs_residual,random_dense,64,8,after_multiples_rhs_residual_benchmarks,2507584,2.39142
custom_lu,multiple_rhs_residual,random_dense,64,9,before_problem_setup,2507584,2.39142
custom_lu,multiple_rhs_residual,random_dense,64,9,after_problem_setup,2507584,2.39142
custom_lu,multiple_rhs_residual,random_dense,64,9,before_multiples_rhs_residual_benchmarks,2507584,2.39142
custom_lu,multiple_rhs_residual,random_dense,64,9,after_multiples_rhs_residual_benchmarks,2507584,2.39142
custom_lu,multiple_rhs_residual,random_dense,64,9,before_multiples_rhs_residual_benchmarks,2507584,2.39142
custom_lu,multiple_rhs_residual,random_dense,64,9,after_multiples_rhs_residual_benchmarks,2507584,2.39142
custom_lu,multiple_rhs_residual,random_dense,64,9,before_multiples_rhs_residual_benchmarks,2507584,2.39142
custom_lu,multiple_rhs_residual,random_dense,64,9,after_multiples_rhs_residual_benchmarks,2507584,2.39142
custom_lu,multiple_rhs_residual,random_dense,64,9,before_multiples_rhs_residual_benchmarks,2507584,2.39142
custom_lu,multiple_rhs_residual,random_dense,64,9,after_multiples_rhs_residual_benchmarks,2507584,2.39142
custom_lu,multiple_rhs_residual,random_dense,64,9,before_multiples_rhs_residual_benchmarks,2507584,2.39142
custom_lu,multiple_rhs_residual,random_dense,64,9,after_multiples_rhs_residual_benchmarks,2507584,2.39142
custom_lu,multiple_rhs_residual,random_dense,64,10,before_problem_setup,2507584,2.39142
custom_lu,multiple_rhs_residual,random_dense,64,10,after_problem_setup,2507584,2.39142
custom_lu,multiple_rhs_residual,random_dense,64,10,before_multiples_rhs_residual_benchmarks,2507584,2.39142
custom_lu,multiple_rhs_residual,random_dense,64,10,after_multiples_rhs_residual_benchmarks,2507584,2.39142
custom_lu,multiple_rhs_residual,random_dense,64,10,before_multiples_rhs_residual_benchmarks,2507584,2.39142
custom_lu,multiple_rhs_residual,random_dense,64,10,after_multiples_rhs_residual_benchmarks,2507584,2.39142
custom_lu,multiple_rhs_residual,random_dense,64,10,before_multiples_rhs_residual_benchmarks,2507584,2.39142
custom_lu,multiple_rhs_residual,random_dense,64,10,after_multiples_rhs_residual_benchmarks,2507584,2.39142
custom_lu,multiple_rhs_residual,random_dense,64,10,before_multiples_rhs_residual_benchmarks,2507584,2.39142
custom_lu,multiple_rhs_residual,random_dense,64,10,after_multiples_rhs_residual_benchmarks,2507584,2.39142
custom_lu,multiple_rhs_residual,random_dense,64,10,before_multiples_rhs_residual_benchmarks,2507584,2.39142
custom_lu,multiple_rhs_residual,random_dense,64,10,after_multiples_rhs_residual_benchmarks,2507584,2.39142
custom_lu,multiple_rhs_residual,random_dense,64,11,before_problem_setup,2507584,2.39142
custom_lu,multiple_rhs_residual,random_dense,64,11,after_problem_setup,2507584,2.39142
custom_lu,multiple_rhs_residual,random_dense,64,11,before_multiples_rhs_residual_benchmarks,2507584,2.39142
custom_lu,multiple_rhs_residual,random_dense,64,11,after_multiples_rhs_residual_benchmarks,2507584,2.39142
custom_lu,multiple_rhs_residual,random_dense,64,11,before_multiples_rhs_residual_benchmarks,2507584,2.39142
custom_lu,multiple_rhs_residual,random_dense,64,11,after_multiples_rhs_residual_benchmarks,2507584,2.39142
custom_lu,multiple_rhs_residual,random_dense,64,11,before_multiples_rhs_residual_benchmarks,2507584,2.39142
custom_lu,multiple_rhs_residual,random_dense,64,11,after_multiples_rhs_residual_benchmarks,2507584,2.39142
custom_lu,multiple_rhs_residual,random_dense,64,11,before_multiples_rhs_residual_benchmarks,2507584,2.39142
custom_lu,multiple_rhs_residual,random_dense,64,11,after_multiples_rhs_residual_benchmarks,2507584,2.39142
custom_lu,multiple_rhs_residual,random_dense,64,11,before_multiples_rhs_residual_benchmarks,2507584,2.39142
custom_lu,multiple_rhs_residual,random_dense,64,11,after_multiples_rhs_residual_benchmarks,2507584,2.39142
custom_lu,multiple_rhs_residual,random_dense,64,12,before_problem_setup,2507584,2.39142
custom_lu,multiple_rhs_residual,random_dense,64,12,after_problem_setup,2507584,2.39142
custom_lu,multiple_rhs_residual,random_dense,64,12,before_multiples_rhs_residual_benchmarks,2507584,2.39142
custom_lu,multiple_rhs_residual,random_dense,64,12,after_multiples_rhs_residual_benchmarks,2507584,2.39142
custom_lu,multiple_rhs_residual,random_dense,64,12,before_multiples_rhs_residual_benchmarks,2507584,2.39142
custom_lu,multiple_rhs_residual,random_dense,64,12,after_multiples_rhs_residual_benchmarks,2507584,2.39142
custom_lu,multiple_rhs_residual,random_dense,64,12,before_multiples_rhs_residual_benchmarks,2507584,2.39142
custom_lu,multiple_rhs_residual,random_dense,64,12,after_multiples_rhs_residual_benchmarks,2507584,2.39142
custom_lu,multiple_rhs_residual,random_dense,64,12,before_multiples_rhs_residual_benchmarks,2507584,2.39142
custom_lu,multiple_rhs_residual,random_dense,64,12,after_multiples_rhs_residual_benchmarks,2507584,2.39142
custom_lu,multiple_rhs_residual,random_dense,64,12,before_multiples_rhs_residual_benchmarks,2507584,2.39142
custom_lu,multiple_rhs_residual,random_dense,64,12,after_multiples_rhs_residual_benchmarks,2507584,2.39142
custom_lu,multiple_rhs_residual,random_dense,64,13,before_problem_setup,2507584,2.39142
custom_lu,multiple_rhs_residual,random_dense,64,13,after_problem_setup,2507584,2.39142
custom_lu,multiple_rhs_residual,random_dense,64,13,before_multiples_rhs_residual_benchmarks,2507584,2.39142
custom_lu,multiple_rhs_residual,random_dense,64,13,after_multiples_rhs_residual_benchmarks,2507584,2.39142
custom_lu,multiple_rhs_residual,random_dense,64,13,before_multiples_rhs_residual_benchmarks,2507584,2.39142
custom_lu,multiple_rhs_residual,random_dense,64,13,after_multiples_rhs_residual_benchmarks,2507584,2.39142
custom_lu,multiple_rhs_residual,random_dense,64,13,before_multiples_rhs_residual_benchmarks,2507584,2.39142
custom_lu,multiple_rhs_residual,random_dense,64,13,after_multiples_rhs_residual_benchmarks,2507584,2.39142
custom_lu,multiple_rhs_residual,random_dense,64,13,before_multiples_rhs_residual_benchmarks,2507584,2.39142
custom_lu,multiple_rhs_residual,random_dense,64,13,after_multiples_rhs_residual_benchmarks,2507584,2.39142
custom_lu,multiple_rhs_residual,random_dense,64,13,before_multiples_rhs_residual_benchmarks,2507584,2.39142
custom_lu,multiple_rhs_residual,random_dense,64,13,after_multiples_rhs_residual_benchmarks,2507584,2.39142
custom_lu,multiple_rhs_residual,random_dense,64,14,before_problem_setup,2507584,2.39142
custom_lu,multiple_rhs_residual,random_dense,64,14,after_problem_setup,2507584,2.39142
custom_lu,multiple_rhs_residual,random_dense,64,14,before_multiples_rhs_residual_benchmarks,2507584,2.39142
custom_lu,multiple_rhs_residual,random_dense,64,14,after_multiples_rhs_residual_benchmarks,2507584,2.39142
custom_lu,multiple_rhs_residual,random_dense,64,14,before_multiples_rhs_residual_benchmarks,2507584,2.39142
custom_lu,multiple_rhs_residual,random_dense,64,14,after_multiples_rhs_residual_benchmarks,2507584,2.39142
custom_lu,multiple_rhs_residual,random_dense,64,14,before_multiples_rhs_residual_benchmarks,2507584,2.39142
custom_lu,multiple_rhs_residual,random_dense,64,14,after_multiples_rhs_residual_benchmarks,2507584,2.39142
custom_lu,multiple_rhs_residual,random_dense,64,14,before_multiples_rhs_residual_benchmarks,2507584,2.39142
custom_lu,multiple_rhs_residual,random_dense,64,14,after_multiples_rhs_residual_benchmarks,2507584,2.39142
custom_lu,multiple_rhs_residual,random_dense,64,14,before_multiples_rhs_residual_benchmarks,2507584,2.39142
custom_lu,multiple_rhs_residual,random_dense,64,14,after_multiples_rhs_residual_benchmarks,2507584,2.39142
custom_lu,multiple_rhs_residual,diagonally_dominant,64,0,before_problem_setup,2507584,2.39142
custom_lu,multiple_rhs_residual,diagonally_dominant,64,0,after_problem_setup,2507584,2.39142
custom_lu,multiple_rhs_residual,diagonally_dominant,64,0,before_multiples_rhs_residual_benchmarks,2507584,2.39142
custom_lu,multiple_rhs_residual,diagonally_dominant,64,0,after_multiples_rhs_residual_benchmarks,2507584,2.39142
custom_lu,multiple_rhs_residual,diagonally_dominant,64,0,before_multiples_rhs_residual_benchmarks,2507584,2.39142
custom_lu,multiple_rhs_residual,diagonally_dominant,64,0,after_multiples_rhs_residual_benchmarks,2507584,2.39142
custom_lu,multiple_rhs_residual,diagonally_dominant,64,0,before_multiples_rhs_residual_benchmarks,2507584,2.39142
custom_lu,multiple_rhs_residual,diagonally_dominant,64,0,after_multiples_rhs_residual_benchmarks,2507584,2.39142
custom_lu,multiple_rhs_residual,diagonally_dominant,64,0,before_multiples_rhs_residual_benchmarks,2507584,2.39142
custom_lu,multiple_rhs_residual,diagonally_dominant,64,0,after_multiples_rhs_residual_benchmarks,2507584,2.39142
custom_lu,multiple_rhs_residual,diagonally_dominant,64,0,before_multiples_rhs_residual_benchmarks,2507584,2.39142
custom_lu,multiple_rhs_residual,diagonally_dominant,64,0,after_multiples_rhs_residual_benchmarks,2507584,2.39142
custom_lu,multiple_rhs_residual,diagonally_dominant,64,1,before_problem_setup,2507584,2.39142
custom_lu,multiple_rhs_residual,diagonally_dominant,64,1,after_problem_setup,2507584,2.39142
custom_lu,multiple_rhs_residual,diagonally_dominant,64,1,before_multiples_rhs_residual_benchmarks,2507584,2.39142
custom_lu,multiple_rhs_residual,diagonally_dominant,64,1,after_multiples_rhs_residual_benchmarks,2507584,2.39142
custom_lu,multiple_rhs_residual,diagonally_dominant,64,1,before_multiples_rhs_residual_benchmarks,2507584,2.39142
custom_lu,multiple_rhs_residual,diagonally_dominant,64,1,after_multiples_rhs_residual_benchmarks,2507584,2.39142
custom_lu,multiple_rhs_residual,diagonally_dominant,64,1,before_multiples_rhs_residual_benchmarks,2507584,2.39142
custom_lu,multiple_rhs_residual,diagonally_dominant,64,1,after_multiples_rhs_residual_benchmarks,2507584,2.39142
custom_lu,multiple_rhs_residual,diagonally_dominant,64,1,before_multiples_rhs_residual_benchmarks,2507584,2.39142
custom_lu,multiple_rhs_residual,diagonally_dominant,64,1,after_multiples_rhs_residual_benchmarks,2507584,2.39142
custom_lu,multiple_rhs_residual,diagonally_dominant,64,1,before_multiples_rhs_residual_benchmarks,2507584,2.39142
custom_lu,multiple_rhs_residual,diagonally_dominant,64,1,after_multiples_rhs_residual_benchmarks,2507584,2.39142
custom_lu,multiple_rhs_residual,diagonally_dominant,64,2,before_problem_setup,2507584,2.39142
custom_lu,multiple_rhs_residual,diagonally_dominant,64,2,after_problem_setup,2507584,2.39142
custom_lu,multiple_rhs_residual,diagonally_dominant,64,2,before_multiples_rhs_residual_benchmarks,2507584,2.39142
custom_lu,multiple_rhs_residual,diagonally_dominant,64,2,after_multiples_rhs_residual_benchmarks,2507584,2.39142
custom_lu,multiple_rhs_residual,diagonally_dominant,64,2,before_multiples_rhs_residual_benchmarks,2507584,2.39142
custom_lu,multiple_rhs_residual,diagonally_dominant,64,2,after_multiples_rhs_residual_benchmarks,2507584,2.39142
custom_lu,multiple_rhs_residual,diagonally_dominant,64,2,before_multiples_rhs_residual_benchmarks,2507584,2.39142
custom_lu,multiple_rhs_residual,diagonally_dominant,64,2,after_multiples_rhs_residual_benchmarks,2507584,2.39142
custom_lu,multiple_rhs_residual,diagonally_dominant,64,2,before_multiples_rhs_residual_benchmarks,2507584,2.39142
custom_lu,multiple_rhs_residual,diagonally_dominant,64,2,after_multiples_rhs_residual_benchmarks,2507584,2.39142
custom_lu,multiple_rhs_residual,diagonally_dominant,64,2,before_multiples_rhs_residual_benchmarks,2507584,2.39142
custom_lu,multiple_rhs_residual,diagonally_dominant,64,2,after_multiples_rhs_residual_benchmarks,2507584,2.39142
custom_lu,multiple_rhs_residual,diagonally_dominant,64,3,before_problem_setup,2507584,2.39142
custom_lu,multiple_rhs_residual,diagonally_dominant,64,3,after_problem_setup,2507584,2.39142
custom_lu,multiple_rhs_residual,diagonally_dominant,64,3,before_multiples_rhs_residual_benchmarks,2507584,2.39142
custom_lu,multiple_rhs_residual,diagonally_dominant,64,3,after_multiples_rhs_residual_benchmarks,2507584,2.39142
custom_lu,multiple_rhs_residual,diagonally_dominant,64,3,before_multiples_rhs_residual_benchmarks,2507584,2.39142
custom_lu,multiple_rhs_residual,diagonally_dominant,64,3,after_multiples_rhs_residual_benchmarks,2507584,2.39142
custom_lu,multiple_rhs_residual,diagonally_dominant,64,3,before_multiples_rhs_residual_benchmarks,2507584,2.39142
custom_lu,multiple_rhs_residual,diagonally_dominant,64,3,after_multiples_rhs_residual_benchmarks,2507584,2.39142
custom_lu,multiple_rhs_residual,diagonally_dominant,64,3,before_multiples_rhs_residual_benchmarks,2507584,2.39142
custom_lu,multiple_rhs_residual,diagonally_dominant,64,3,after_multiples_rhs_residual_benchmarks,2507584,2.39142
custom_lu,multiple_rhs_residual,diagonally_dominant,64,3,before_multiples_rhs_residual_benchmarks,2507584,2.39142
custom_lu,multiple_rhs_residual,diagonally_dominant,64,3,after_multiples_rhs_residual_benchmarks,2507584,2.39142
custom_lu,multiple_rhs_residual,diagonally_dominant,64,4,before_problem_setup,2507584,2.39142
custom_lu,multiple_rhs_residual,diagonally_dominant,64,4,after_problem_setup,2507584,2.39142
custom_lu,multiple_rhs_residual,diagonally_dominant,64,4,before_multiples_rhs_residual_benchmarks,2507584,2.39142
custom_lu,multiple_rhs_residual,diagonally_dominant,64,4,after_multiples_rhs_residual_benchmarks,2507584,2.39142
custom_lu,multiple_rhs_residual,diagonally_dominant,64,4,before_multiples_rhs_residual_benchmarks,2507584,2.39142
custom_lu,multiple_rhs_residual,diagonally_dominant,64,4,after_multiples_rhs_residual_benchmarks,2507584,2.39142
custom_lu,multiple_rhs_residual,diagonally_dominant,64,4,before_multiples_rhs_residual_benchmarks,2507584,2.39142
custom_lu,multiple_rhs_residual,diagonally_dominant,64,4,after_multiples_rhs_residual_benchmarks,2507584,2.39142
custom_lu,multiple_rhs_residual,diagonally_dominant,64,4,before_multiples_rhs_residual_benchmarks,2507584,2.39142
custom_lu,multiple_rhs_residual,diagonally_dominant,64,4,after_multiples_rhs_residual_benchmarks,2507584,2.39142
custom_lu,multiple_rhs_residual,diagonally_dominant,64,4,before_multiples_rhs_residual_benchmarks,2507584,2.39142
custom_lu,multiple_rhs_residual,diagonally_dominant,64,4,after_multiples_rhs_residual_benchmarks,2507584,2.39142
custom_lu,multiple_rhs_residual,diagonally_dominant,64,5,before_problem_setup,2507584,2.39142
custom_lu,multiple_rhs_residual,diagonally_dominant,64,5,after_problem_setup,2507584,2.39142
custom_lu,multiple_rhs_residual,diagonally_dominant,64,5,before_multiples_rhs_residual_benchmarks,2507584,2.39142
custom_lu,multiple_rhs_residual,diagonally_dominant,64,5,after_multiples_rhs_residual_benchmarks,2507584,2.39142
custom_lu,multiple_rhs_residual,diagonally_dominant,64,5,before_multiples_rhs_residual_benchmarks,2507584,2.39142
custom_lu,multiple_rhs_residual,diagonally_dominant,64,5,after_multiples_rhs_residual_benchmarks,2507584,2.39142
custom_lu,multiple_rhs_residual,diagonally_dominant,64,5,before_multiples_rhs_residual_benchmarks,2507584,2.39142
custom_lu,multiple_rhs_residual,diagonally_dominant,64,5,after_multiples_rhs_residual_benchmarks,2507584,2.39142
custom_lu,multiple_rhs_residual,diagonally_dominant,64,5,before_multiples_rhs_residual_benchmarks,2507584,2.39142
custom_lu,multiple_rhs_residual,diagonally_dominant,64,5,after_multiples_rhs_residual_benchmarks,2507584,2.39142
custom_lu,multiple_rhs_residual,diagonally_dominant,64,5,before_multiples_rhs_residual_benchmarks,2507584,2.39142
custom_lu,multiple_rhs_residual,diagonally_dominant,64,5,after_multiples_rhs_residual_benchmarks,2507584,2.39142
custom_lu,multiple_rhs_residual,diagonally_dominant,64,6,before_problem_setup,2507584,2.39142
custom_lu,multiple_rhs_residual,diagonally_dominant,64,6,after_problem_setup,2507584,2.39142
custom_lu,multiple_rhs_residual,diagonally_dominant,64,6,before_multiples_rhs_residual_benchmarks,2507584,2.39142
custom_lu,multiple_rhs_residual,diagonally_dominant,64,6,after_multiples_rhs_residual_benchmarks,2507584,2.39142
custom_lu,multiple_rhs_residual,diagonally_dominant,64,6,before_multiples_rhs_residual_benchmarks,2507584,2.39142
custom_lu,multiple_rhs_residual,diagonally_dominant,64,6,after_multiples_rhs_residual_benchmarks,2507584,2.39142
custom_lu,multiple_rhs_residual,diagonally_dominant,64,6,before_multiples_rhs_residual_benchmarks,2507584,2.39142
custom_lu,multiple_rhs_residual,diagonally_dominant,64,6,after_multiples_rhs_residual_benchmarks,2507584,2.39142
custom_lu,multiple_rhs_residual,diagonally_dominant,64,6,before_multiples_rhs_residual_benchmarks,2507584,2.39142
custom_lu,multiple_rhs_residual,diagonally_dominant,64,6,after_multiples_rhs_residual_benchmarks,2507584,2.39142
custom_lu,multiple_rhs_residual,diagonally_dominant,64,6,before_multiples_rhs_residual_benchmarks,2507584,2.39142
custom_lu,multiple_rhs_residual,diagonally_dominant,64,6,after_multiples_rhs_residual_benchmarks,2507584,2.39142
custom_lu,multiple_rhs_residual,diagonally_dominant,64,7,before_problem_setup,2507584,2.39142
custom_lu,multiple_rhs_residual,diagonally_dominant,64,7,after_problem_setup,2507584,2.39142
custom_lu,multiple_rhs_residual,diagonally_dominant,64,7,before_multiples_rhs_residual_benchmarks,2507584,2.39142
custom_lu,multiple_rhs_residual,diagonally_dominant,64,7,after_multiples_rhs_residual_benchmarks,2507584,2.39142
custom_lu,multiple_rhs_residual,diagonally_dominant,64,7,before_multiples_rhs_residual_benchmarks,2507584,2.39142
custom_lu,multiple_rhs_residual,diagonally_dominant,64,7,after_multiples_rhs_residual_benchmarks,2507584,2.39142
custom_lu,multiple_rhs_residual,diagonally_dominant,64,7,before_multiples_rhs_residual_benchmarks,2507584,2.39142
custom_lu,multiple_rhs_residual,diagonally_dominant,64,7,after_multiples_rhs_residual_benchmarks,2507584,2.39142
custom_lu,multiple_rhs_residual,diagonally_dominant,64,7,before_multiples_rhs_residual_benchmarks,2507584,2.39142
custom_lu,multiple_rhs_residual,diagonally_dominant,64,7,after_multiples_rhs_residual_benchmarks,2507584,2.39142
custom_lu,multiple_rhs_residual,diagonally_dominant,64,7,before_multiples_rhs_residual_benchmarks,2507584,2.39142
custom_lu,multiple_rhs_residual,diagonally_dominant,64,7,after_multiples_rhs_residual_benchmarks,2507584,2.39142
custom_lu,multiple_rhs_residual,diagonally_dominant,64,8,before_problem_setup,2507584,2.39142
custom_lu,multiple_rhs_residual,diagonally_dominant,64,8,after_problem_setup,2507584,2.39142
custom_lu,multiple_rhs_residual,diagonally_dominant,64,8,before_multiples_rhs_residual_benchmarks,2507584,2.39142
custom_lu,multiple_rhs_residual,diagonally_dominant,64,8,after_multiples_rhs_residual_benchmarks,2507584,2.39142
custom_lu,multiple_rhs_residual,diagonally_dominant,64,8,before_multiples_rhs_residual_benchmarks,2507584,2.39142
custom_lu,multiple_rhs_residual,diagonally_dominant,64,8,after_multiples_rhs_residual_benchmarks,2507584,2.39142
custom_lu,multiple_rhs_residual,diagonally_dominant,64,8,before_multiples_rhs_residual_benchmarks,2507584,2.39142
custom_lu,multiple_rhs_residual,diagonally_dominant,64,8,after_multiples_rhs_residual_benchmarks,2507584,2.39142
custom_lu,multiple_rhs_residual,diagonally_dominant,64,8,before_multiples_rhs_residual_benchmarks,2507584,2.39142
custom_lu,multiple_rhs_residual,diagonally_dominant,64,8,after_multiples_rhs_residual_benchmarks,2507584,2.39142
custom_lu,multiple_rhs_residual,diagonally_dominant,64,8,before_multiples_rhs_residual_benchmarks,2507584,2.39142
custom_lu,multiple_rhs_residual,diagonally_dominant,64,8,after_multiples_rhs_residual_benchmarks,2507584,2.39142
custom_lu,multiple_rhs_residual,diagonally_dominant,64,9,before_problem_setup,2507584,2.39142
custom_lu,multiple_rhs_residual,diagonally_dominant,64,9,after_problem_setup,2507584,2.39142
custom_lu,multiple_rhs_residual,diagonally_dominant,64,9,before_multiples_rhs_residual_benchmarks,2507584,2.39142
custom_lu,multiple_rhs_residual,diagonally_dominant,64,9,after_multiples_rhs_residual_benchmarks,2507584,2.39142
custom_lu,multiple_rhs_residual,diagonally_dominant,64,9,before_multiples_rhs_residual_benchmarks,2507584,2.39142
custom_lu,multiple_rhs_residual,diagonally_dominant,64,9,after_multiples_rhs_residual_benchmarks,2507584,2.39142
custom_lu,multiple_rhs_residual,diagonally_dominant,64,9,before_multiples_rhs_residual_benchmarks,2507584,2.39142
custom_lu,multiple_rhs_residual,diagonally_dominant,64,9,after_multiples_rhs_residual_benchmarks,2507584,2.39142
custom_lu,multiple_rhs_residual,diagonally_dominant,64,9,before_multiples_rhs_residual_benchmarks,2507584,2.39142
custom_lu,multiple_rhs_residual,diagonally_dominant,64,9,after_multiples_rhs_residual_benchmarks,2507584,2.39142
custom_lu,multiple_rhs_residual,diagonally_dominant,64,9,before_multiples_rhs_residual_benchmarks,2507584,2.39142
custom_lu,multiple_rhs_residual,diagonally_dominant,64,9,after_multiples_rhs_residual_benchmarks,2507584,2.39142
custom_lu,multiple_rhs_residual,diagonally_dominant,64,10,before_problem_setup,2507584,2.39142
custom_lu,multiple_rhs_residual,diagonally_dominant,64,10,after_problem_setup,2507584,2.39142
custom_lu,multiple_rhs_residual,diagonally_dominant,64,10,before_multiples_rhs_residual_benchmarks,2507584,2.39142
custom_lu,multiple_rhs_residual,diagonally_dominant,64,10,after_multiples_rhs_residual_benchmarks,2507584,2.39142
custom_lu,multiple_rhs_residual,diagonally_dominant,64,10,before_multiples_rhs_residual_benchmarks,2507584,2.39142
custom_lu,multiple_rhs_residual,diagonally_dominant,64,10,after_multiples_rhs_residual_benchmarks,2507584,2.39142
custom_lu,multiple_rhs_residual,diagonally_dominant,64,10,before_multiples_rhs_residual_benchmarks,2507584,2.39142
custom_lu,multiple_rhs_residual,diagonally_dominant,64,10,after_multiples_rhs_residual_benchmarks,2507584,2.39142
custom_lu,multiple_rhs_residual,diagonally_dominant,64,10,before_multiples_rhs_residual_benchmarks,2507584,2.39142
custom_lu,multiple_rhs_residual,diagonally_dominant,64,10,after_multiples_rhs_residual_benchmarks,2507584,2.39142
custom_lu,multiple_rhs_residual,diagonally_dominant,64,10,before_multiples_rhs_residual_benchmarks,2507584,2.39142
custom_lu,multiple_rhs_residual,diagonally_dominant,64,10,after_multiples_rhs_residual_benchmarks,2507584,2.39142
custom_lu,multiple_rhs_residual,diagonally_dominant,64,11,before_problem_setup,2507584,2.39142
custom_lu,multiple_rhs_residual,diagonally_dominant,64,11,after_problem_setup,2507584,2.39142
custom_lu,multiple_rhs_residual,diagonally_dominant,64,11,before_multiples_rhs_residual_benchmarks,2507584,2.39142
custom_lu,multiple_rhs_residual,diagonally_dominant,64,11,after_multiples_rhs_residual_benchmarks,2507584,2.39142
custom_lu,multiple_rhs_residual,diagonally_dominant,64,11,before_multiples_rhs_residual_benchmarks,2507584,2.39142
custom_lu,multiple_rhs_residual,diagonally_dominant,64,11,after_multiples_rhs_residual_benchmarks,2507584,2.39142
custom_lu,multiple_rhs_residual,diagonally_dominant,64,11,before_multiples_rhs_residual_benchmarks,2507584,2.39142
custom_lu,multiple_rhs_residual,diagonally_dominant,64,11,after_multiples_rhs_residual_benchmarks,2507584,2.39142
custom_lu,multiple_rhs_residual,diagonally_dominant,64,11,before_multiples_rhs_residual_benchmarks,2507584,2.39142
custom_lu,multiple_rhs_residual,diagonally_dominant,64,11,after_multiples_rhs_residual_benchmarks,2507584,2.39142
custom_lu,multiple_rhs_residual,diagonally_dominant,64,11,before_multiples_rhs_residual_benchmarks,2507584,2.39142
custom_lu,multiple_rhs_residual,diagonally_dominant,64,11,after_multiples_rhs_residual_benchmarks,2507584,2.39142
custom_lu,multiple_rhs_residual,diagonally_dominant,64,12,before_problem_setup,2507584,2.39142
custom_lu,multiple_rhs_residual,diagonally_dominant,64,12,after_problem_setup,2507584,2.39142
custom_lu,multiple_rhs_residual,diagonally_dominant,64,12,before_multiples_rhs_residual_benchmarks,2507584,2.39142
custom_lu,multiple_rhs_residual,diagonally_dominant,64,12,after_multiples_rhs_residual_benchmarks,2507584,2.39142
custom_lu,multiple_rhs_residual,diagonally_dominant,64,12,before_multiples_rhs_residual_benchmarks,2507584,2.39142
custom_lu,multiple_rhs_residual,diagonally_dominant,64,12,after_multiples_rhs_residual_benchmarks,2507584,2.39142
custom_lu,multiple_rhs_residual,diagonally_dominant,64,12,before_multiples_rhs_residual_benchmarks,2507584,2.39142
custom_lu,multiple_rhs_residual,diagonally_dominant,64,12,after_multiples_rhs_residual_benchmarks,2507584,2.39142
custom_lu,multiple_rhs_residual,diagonally_dominant,64,12,before_multiples_rhs_residual_benchmarks,2507584,2.39142
custom_lu,multiple_rhs_residual,diagonally_dominant,64,12,after_multiples_rhs_residual_benchmarks,2507584,2.39142
custom_lu,multiple_rhs_residual,diagonally_dominant,64,12,before_multiples_rhs_residual_benchmarks,2507584,2.39142
custom_lu,multiple_rhs_residual,diagonally_dominant,64,12,after_multiples_rhs_residual_benchmarks,2507584,2.39142
custom_lu,multiple_rhs_residual,diagonally_dominant,64,13,before_problem_setup,2507584,2.39142
custom_lu,multiple_rhs_residual,diagonally_dominant,64,13,after_problem_setup,2507584,2.39142
custom_lu,multiple_rhs_residual,diagonally_dominant,64,13,before_multiples_rhs_residual_benchmarks,2507584,2.39142
custom_lu,multiple_rhs_residual,diagonally_dominant,64,13,after_multiples_rhs_residual_benchmarks,2507584,2.39142
custom_lu,multiple_rhs_residual,diagonally_dominant,64,13,before_multiples_rhs_residual_benchmarks,2507584,2.39142
custom_lu,multiple_rhs_residual,diagonally_dominant,64,13,after_multiples_rhs_residual_benchmarks,2507584,2.39142
custom_lu,multiple_rhs_residual,diagonally_dominant,64,13,before_multiples_rhs_residual_benchmarks,2507584,2.39142
custom_lu,multiple_rhs_residual,diagonally_dominant,64,13,after_multiples_rhs_residual_benchmarks,2507584,2.39142
custom_lu,multiple_rhs_residual,diagonally_dominant,64,13,before_multiples_rhs_residual_benchmarks,2507584,2.39142
custom_lu,multiple_rhs_residual,diagonally_dominant,64,13,after_multiples_rhs_residual_benchmarks,2507584,2.39142
custom_lu,multiple_rhs_residual,diagonally_dominant,64,13,before_multiples_rhs_residual_benchmarks,2507584,2.39142
custom_lu,multiple_rhs_residual,diagonally_dominant,64,13,after_multiples_rhs_residual_benchmarks,2507584,2.39142
custom_lu,multiple_rhs_residual,diagonally_dominant,64,14,before_problem_setup,2507584,2.39142
custom_lu,multiple_rhs_residual,diagonally_dominant,64,14,after_problem_setup,2507584,2.39142
custom_lu,multiple_rhs_residual,diagonally_dominant,64,14,before_multiples_rhs_residual_benchmarks,2507584,2.39142
custom_lu,multiple_rhs_residual,diagonally_dominant,64,14,after_multiples_rhs_residual_benchmarks,2507584,2.39142
custom_lu,multiple_rhs_residual,diagonally_dominant,64,14,before_multiples_rhs_residual_benchmarks,2507584,2.39142
custom_lu,multiple_rhs_residual,diagonally_dominant,64,14,after_multiples_rhs_residual_benchmarks,2507584,2.39142
custom_lu,multiple_rhs_residual,diagonally_dominant,64,14,before_multiples_rhs_residual_benchmarks,2507584,2.39142
custom_lu,multiple_rhs_residual,diagonally_dominant,64,14,after_multiples_rhs_residual_benchmarks,2507584,2.39142
custom_lu,multiple_rhs_residual,diagonally_dominant,64,14,before_multiples_rhs_residual_benchmarks,2507584,2.39142
custom_lu,multiple_rhs_residual,diagonally_dominant,64,14,after_multiples_rhs_residual_benchmarks,2507584,2.39142
custom_lu,multiple_rhs_residual,diagonally_dominant,64,14,before_multiples_rhs_residual_benchmarks,2507584,2.39142
custom_lu,multiple_rhs_residual,diagonally_dominant,64,14,after_multiples_rhs_residual_benchmarks,2507584,2.39142
custom_lu,multiple_rhs_residual,random_dense,128,0,before_problem_setup,2507584,2.39142
custom_lu,multiple_rhs_residual,random_dense,128,0,after_problem_setup,2507584,2.39142
custom_lu,multiple_rhs_residual,random_dense,128,0,before_multiples_rhs_residual_benchmarks,2507584,2.39142
custom_lu,multiple_rhs_residual,random_dense,128,0,after_multiples_rhs_residual_benchmarks,2507584,2.39142
custom_lu,multiple_rhs_residual,random_dense,128,0,before_multiples_rhs_residual_benchmarks,2507584,2.39142
custom_lu,multiple_rhs_residual,random_dense,128,0,after_multiples_rhs_residual_benchmarks,2507584,2.39142
custom_lu,multiple_rhs_residual,random_dense,128,0,before_multiples_rhs_residual_benchmarks,2507584,2.39142
custom_lu,multiple_rhs_residual,random_dense,128,0,after_multiples_rhs_residual_benchmarks,2507584,2.39142
custom_lu,multiple_rhs_residual,random_dense,128,0,before_multiples_rhs_residual_benchmarks,2507584,2.39142
custom_lu,multiple_rhs_residual,random_dense,128,0,after_multiples_rhs_residual_benchmarks,2507584,2.39142
custom_lu,multiple_rhs_residual,random_dense,128,0,before_multiples_rhs_residual_benchmarks,2507584,2.39142
custom_lu,multiple_rhs_residual,random_dense,128,0,after_multiples_rhs_residual_benchmarks,2507584,2.39142
custom_lu,multiple_rhs_residual,random_dense,128,1,before_problem_setup,2507584,2.39142
custom_lu,multiple_rhs_residual,random_dense,128,1,after_problem_setup,2507584,2.39142
custom_lu,multiple_rhs_residual,random_dense,128,1,before_multiples_rhs_residual_benchmarks,2507584,2.39142
custom_lu,multiple_rhs_residual,random_dense,128,1,after_multiples_rhs_residual_benchmarks,2507584,2.39142
custom_lu,multiple_rhs_residual,random_dense,128,1,before_multiples_rhs_residual_benchmarks,2507584,2.39142
custom_lu,multiple_rhs_residual,random_dense,128,1,after_multiples_rhs_residual_benchmarks,2507584,2.39142
custom_lu,multiple_rhs_residual,random_dense,128,1,before_multiples_rhs_residual_benchmarks,2507584,2.39142
custom_lu,multiple_rhs_residual,random_dense,128,1,after_multiples_rhs_residual_benchmarks,2507584,2.39142
custom_lu,multiple_rhs_residual,random_dense,128,1,before_multiples_rhs_residual_benchmarks,2507584,2.39142
custom_lu,multiple_rhs_residual,random_dense,128,1,after_multiples_rhs_residual_benchmarks,2507584,2.39142
custom_lu,multiple_rhs_residual,random_dense,128,1,before_multiples_rhs_residual_benchmarks,2507584,2.39142
custom_lu,multiple_rhs_residual,random_dense,128,1,after_multiples_rhs_residual_benchmarks,2507584,2.39142
custom_lu,multiple_rhs_residual,random_dense,128,2,before_problem_setup,2507584,2.39142
custom_lu,multiple_rhs_residual,random_dense,128,2,after_problem_setup,2507584,2.39142
custom_lu,multiple_rhs_residual,random_dense,128,2,before_multiples_rhs_residual_benchmarks,2507584,2.39142
custom_lu,multiple_rhs_residual,random_dense,128,2,after_multiples_rhs_residual_benchmarks,2507584,2.39142
custom_lu,multiple_rhs_residual,random_dense,128,2,before_multiples_rhs_residual_benchmarks,2507584,2.39142
custom_lu,multiple_rhs_residual,random_dense,128,2,after_multiples_rhs_residual_benchmarks,2507584,2.39142
custom_lu,multiple_rhs_residual,random_dense,128,2,before_multiples_rhs_residual_benchmarks,2507584,2.39142
custom_lu,multiple_rhs_residual,random_dense,128,2,after_multiples_rhs_residual_benchmarks,2507584,2.39142
custom_lu,multiple_rhs_residual,random_dense,128,2,before_multiples_rhs_residual_benchmarks,2507584,2.39142
custom_lu,multiple_rhs_residual,random_dense,128,2,after_multiples_rhs_residual_benchmarks,2507584,2.39142
custom_lu,multiple_rhs_residual,random_dense,128,2,before_multiples_rhs_residual_benchmarks,2507584,2.39142
custom_lu,multiple_rhs_residual,random_dense,128,2,after_multiples_rhs_residual_benchmarks,2507584,2.39142
custom_lu,multiple_rhs_residual,random_dense,128,3,before_problem_setup,2507584,2.39142
custom_lu,multiple_rhs_residual,random_dense,128,3,after_problem_setup,2507584,2.39142
custom_lu,multiple_rhs_residual,random_dense,128,3,before_multiples_rhs_residual_benchmarks,2507584,2.39142
custom_lu,multiple_rhs_residual,random_dense,128,3,after_multiples_rhs_residual_benchmarks,2507584,2.39142
custom_lu,multiple_rhs_residual,random_dense,128,3,before_multiples_rhs_residual_benchmarks,2507584,2.39142
custom_lu,multiple_rhs_residual,random_dense,128,3,after_multiples_rhs_residual_benchmarks,2507584,2.39142
custom_lu,multiple_rhs_residual,random_dense,128,3,before_multiples_rhs_residual_benchmarks,2507584,2.39142
custom_lu,multiple_rhs_residual,random_dense,128,3,after_multiples_rhs_residual_benchmarks,2507584,2.39142
custom_lu,multiple_rhs_residual,random_dense,128,3,before_multiples_rhs_residual_benchmarks,2507584,2.39142
custom_lu,multiple_rhs_residual,random_dense,128,3,after_multiples_rhs_residual_benchmarks,2507584,2.39142
custom_lu,multiple_rhs_residual,random_dense,128,3,before_multiples_rhs_residual_benchmarks,2507584,2.39142
custom_lu,multiple_rhs_residual,random_dense,128,3,after_multiples_rhs_residual_benchmarks,2507584,2.39142
custom_lu,multiple_rhs_residual,random_dense,128,4,before_problem_setup,2507584,2.39142
custom_lu,multiple_rhs_residual,random_dense,128,4,after_problem_setup,2507584,2.39142
custom_lu,multiple_rhs_residual,random_dense,128,4,before_multiples_rhs_residual_benchmarks,2507584,2.39142
custom_lu,multiple_rhs_residual,random_dense,128,4,after_multiples_rhs_residual_benchmarks,2507584,2.39142
custom_lu,multiple_rhs_residual,random_dense,128,4,before_multiples_rhs_residual_benchmarks,2507584,2.39142
custom_lu,multiple_rhs_residual,random_dense,128,4,after_multiples_rhs_residual_benchmarks,2507584,2.39142
custom_lu,multiple_rhs_residual,random_dense,128,4,before_multiples_rhs_residual_benchmarks,2507584,2.39142
custom_lu,multiple_rhs_residual,random_dense,128,4,after_multiples_rhs_residual_benchmarks,2507584,2.39142
custom_lu,multiple_rhs_residual,random_dense,128,4,before_multiples_rhs_residual_benchmarks,2507584,2.39142
custom_lu,multiple_rhs_residual,random_dense,128,4,after_multiples_rhs_residual_benchmarks,2507584,2.39142
custom_lu,multiple_rhs_residual,random_dense,128,4,before_multiples_rhs_residual_benchmarks,2507584,2.39142
custom_lu,multiple_rhs_residual,random_dense,128,4,after_multiples_rhs_residual_benchmarks,2507584,2.39142
custom_lu,multiple_rhs_residual,random_dense,128,5,before_problem_setup,2507584,2.39142
custom_lu,multiple_rhs_residual,random_dense,128,5,after_problem_setup,2507584,2.39142
custom_lu,multiple_rhs_residual,random_dense,128,5,before_multiples_rhs_residual_benchmarks,2507584,2.39142
custom_lu,multiple_rhs_residual,random_dense,128,5,after_multiples_rhs_residual_benchmarks,2507584,2.39142
custom_lu,multiple_rhs_residual,random_dense,128,5,before_multiples_rhs_residual_benchmarks,2507584,2.39142
custom_lu,multiple_rhs_residual,random_dense,128,5,after_multiples_rhs_residual_benchmarks,2507584,2.39142
custom_lu,multiple_rhs_residual,random_dense,128,5,before_multiples_rhs_residual_benchmarks,2507584,2.39142
custom_lu,multiple_rhs_residual,random_dense,128,5,after_multiples_rhs_residual_benchmarks,2507584,2.39142
custom_lu,multiple_rhs_residual,random_dense,128,5,before_multiples_rhs_residual_benchmarks,2507584,2.39142
custom_lu,multiple_rhs_residual,random_dense,128,5,after_multiples_rhs_residual_benchmarks,2507584,2.39142
custom_lu,multiple_rhs_residual,random_dense,128,5,before_multiples_rhs_residual_benchmarks,2507584,2.39142
custom_lu,multiple_rhs_residual,random_dense,128,5,after_multiples_rhs_residual_benchmarks,2507584,2.39142
custom_lu,multiple_rhs_residual,random_dense,128,6,before_problem_setup,2507584,2.39142
custom_lu,multiple_rhs_residual,random_dense,128,6,after_problem_setup,2507584,2.39142
custom_lu,multiple_rhs_residual,random_dense,128,6,before_multiples_rhs_residual_benchmarks,2507584,2.39142
custom_lu,multiple_rhs_residual,random_dense,128,6,after_multiples_rhs_residual_benchmarks,2507584,2.39142
custom_lu,multiple_rhs_residual,random_dense,128,6,before_multiples_rhs_residual_benchmarks,2507584,2.39142
custom_lu,multiple_rhs_residual,random_dense,128,6,after_multiples_rhs_residual_benchmarks,2507584,2.39142
custom_lu,multiple_rhs_residual,random_dense,128,6,before_multiples_rhs_residual_benchmarks,2507584,2.39142
custom_lu,multiple_rhs_residual,random_dense,128,6,after_multiples_rhs_residual_benchmarks,2507584,2.39142
custom_lu,multiple_rhs_residual,random_dense,128,6,before_multiples_rhs_residual_benchmarks,2507584,2.39142
custom_lu,multiple_rhs_residual,random_dense,128,6,after_multiples_rhs_residual_benchmarks,2507584,2.39142
custom_lu,multiple_rhs_residual,random_dense,128,6,before_multiples_rhs_residual_benchmarks,2507584,2.39142
custom_lu,multiple_rhs_residual,random_dense,128,6,after_multiples_rhs_residual_benchmarks,2507584,2.39142
custom_lu,multiple_rhs_residual,random_dense,128,7,before_problem_setup,2507584,2.39142
custom_lu,multiple_rhs_residual,random_dense,128,7,after_problem_setup,2507584,2.39142
custom_lu,multiple_rhs_residual,random_dense,128,7,before_multiples_rhs_residual_benchmarks,2507584,2.39142
custom_lu,multiple_rhs_residual,random_dense,128,7,after_multiples_rhs_residual_benchmarks,2507584,2.39142
custom_lu,multiple_rhs_residual,random_dense,128,7,before_multiples_rhs_residual_benchmarks,2507584,2.39142
custom_lu,multiple_rhs_residual,random_dense,128,7,after_multiples_rhs_residual_benchmarks,2507584,2.39142
custom_lu,multiple_rhs_residual,random_dense,128,7,before_multiples_rhs_residual_benchmarks,2507584,2.39142
custom_lu,multiple_rhs_residual,random_dense,128,7,after_multiples_rhs_residual_benchmarks,2507584,2.39142
custom_lu,multiple_rhs_residual,random_dense,128,7,before_multiples_rhs_residual_benchmarks,2507584,2.39142
custom_lu,multiple_rhs_residual,random_dense,128,7,after_multiples_rhs_residual_benchmarks,2507584,2.39142
custom_lu,multiple_rhs_residual,random_dense,128,7,before_multiples_rhs_residual_benchmarks,2507584,2.39142
custom_lu,multiple_rhs_residual,random_dense,128,7,after_multiples_rhs_residual_benchmarks,2507584,2.39142
custom_lu,multiple_rhs_residual,random_dense,128,8,before_problem_setup,2507584,2.39142
custom_lu,multiple_rhs_residual,random_dense,128,8,after_problem_setup,2507584,2.39142
custom_lu,multiple_rhs_residual,random_dense,128,8,before_multiples_rhs_residual_benchmarks,2507584,2.39142
custom_lu,multiple_rhs_residual,random_dense,128,8,after_multiples_rhs_residual_benchmarks,2507584,2.39142
custom_lu,multiple_rhs_residual,random_dense,128,8,before_multiples_rhs_residual_benchmarks,2507584,2.39142
custom_lu,multiple_rhs_residual,random_dense,128,8,after_multiples_rhs_residual_benchmarks,2507584,2.39142
custom_lu,multiple_rhs_residual,random_dense,128,8,before_multiples_rhs_residual_benchmarks,2507584,2.39142
custom_lu,multiple_rhs_residual,random_dense,128,8,after_multiples_rhs_residual_benchmarks,2507584,2.39142
custom_lu,multiple_rhs_residual,random_dense,128,8,before_multiples_rhs_residual_benchmarks,2507584,2.39142
custom_lu,multiple_rhs_residual,random_dense,128,8,after_multiples_rhs_residual_benchmarks,2507584,2.39142
custom_lu,multiple_rhs_residual,random_dense,128,8,before_multiples_rhs_residual_benchmarks,2507584,2.39142
custom_lu,multiple_rhs_residual,random_dense,128,8,after_multiples_rhs_residual_benchmarks,2507584,2.39142
custom_lu,multiple_rhs_residual,random_dense,128,9,before_problem_setup,2507584,2.39142
custom_lu,multiple_rhs_residual,random_dense,128,9,after_problem_setup,2507584,2.39142
custom_lu,multiple_rhs_residual,random_dense,128,9,before_multiples_rhs_residual_benchmarks,2507584,2.39142
custom_lu,multiple_rhs_residual,random_dense,128,9,after_multiples_rhs_residual_benchmarks,2507584,2.39142
custom_lu,multiple_rhs_residual,random_dense,128,9,before_multiples_rhs_residual_benchmarks,2507584,2.39142
custom_lu,multiple_rhs_residual,random_dense,128,9,after_multiples_rhs_residual_benchmarks,2507584,2.39142
custom_lu,multiple_rhs_residual,random_dense,128,9,before_multiples_rhs_residual_benchmarks,2507584,2.39142
custom_lu,multiple_rhs_residual,random_dense,128,9,after_multiples_rhs_residual_benchmarks,2507584,2.39142
custom_lu,multiple_rhs_residual,random_dense,128,9,before_multiples_rhs_residual_benchmarks,2507584,2.39142
custom_lu,multiple_rhs_residual,random_dense,128,9,after_multiples_rhs_residual_benchmarks,2507584,2.39142
custom_lu,multiple_rhs_residual,random_dense,128,9,before_multiples_rhs_residual_benchmarks,2507584,2.39142
custom_lu,multiple_rhs_residual,random_dense,128,9,after_multiples_rhs_residual_benchmarks,2507584,2.39142
custom_lu,multiple_rhs_residual,random_dense,128,10,before_problem_setup,2507584,2.39142
custom_lu,multiple_rhs_residual,random_dense,128,10,after_problem_setup,2507584,2.39142
custom_lu,multiple_rhs_residual,random_dense,128,10,before_multiples_rhs_residual_benchmarks,2507584,2.39142
custom_lu,multiple_rhs_residual,random_dense,128,10,after_multiples_rhs_residual_benchmarks,2507584,2.39142
custom_lu,multiple_rhs_residual,random_dense,128,10,before_multiples_rhs_residual_benchmarks,2507584,2.39142
custom_lu,multiple_rhs_residual,random_dense,128,10,after_multiples_rhs_residual_benchmarks,2507584,2.39142
custom_lu,multiple_rhs_residual,random_dense,128,10,before_multiples_rhs_residual_benchmarks,2507584,2.39142
custom_lu,multiple_rhs_residual,random_dense,128,10,after_multiples_rhs_residual_benchmarks,2507584,2.39142
custom_lu,multiple_rhs_residual,random_dense,128,10,before_multiples_rhs_residual_benchmarks,2507584,2.39142
custom_lu,multiple_rhs_residual,random_dense,128,10,after_multiples_rhs_residual_benchmarks,2507584,2.39142
custom_lu,multiple_rhs_residual,random_dense,128,10,before_multiples_rhs_residual_benchmarks,2507584,2.39142
custom_lu,multiple_rhs_residual,random_dense,128,10,after_multiples_rhs_residual_benchmarks,2507584,2.39142
custom_lu,multiple_rhs_residual,random_dense,128,11,before_problem_setup,2507584,2.39142
custom_lu,multiple_rhs_residual,random_dense,128,11,after_problem_setup,2507584,2.39142
custom_lu,multiple_rhs_residual,random_dense,128,11,before_multiples_rhs_residual_benchmarks,2507584,2.39142
custom_lu,multiple_rhs_residual,random_dense,128,11,after_multiples_rhs_residual_benchmarks,2507584,2.39142
custom_lu,multiple_rhs_residual,random_dense,128,11,before_multiples_rhs_residual_benchmarks,2507584,2.39142
custom_lu,multiple_rhs_residual,random_dense,128,11,after_multiples_rhs_residual_benchmarks,2507584,2.39142
custom_lu,multiple_rhs_residual,random_dense,128,11,before_multiples_rhs_residual_benchmarks,2507584,2.39142
custom_lu,multiple_rhs_residual,random_dense,128,11,after_multiples_rhs_residual_benchmarks,2507584,2.39142
custom_lu,multiple_rhs_residual,random_dense,128,11,before_multiples_rhs_residual_benchmarks,2507584,2.39142
custom_lu,multiple_rhs_residual,random_dense,128,11,after_multiples_rhs_residual_benchmarks,2507584,2.39142
custom_lu,multiple_rhs_residual,random_dense,128,11,before_multiples_rhs_residual_benchmarks,2507584,2.39142
custom_lu,multiple_rhs_residual,random_dense,128,11,after_multiples_rhs_residual_benchmarks,2507584,2.39142
custom_lu,multiple_rhs_residual,random_dense,128,12,before_problem_setup,2507584,2.39142
custom_lu,multiple_rhs_residual,random_dense,128,12,after_problem_setup,2507584,2.39142
custom_lu,multiple_rhs_residual,random_dense,128,12,before_multiples_rhs_residual_benchmarks,2507584,2.39142
custom_lu,multiple_rhs_residual,random_dense,128,12,after_multiples_rhs_residual_benchmarks,2507584,2.39142
custom_lu,multiple_rhs_residual,random_dense,128,12,before_multiples_rhs_residual_benchmarks,2507584,2.39142
custom_lu,multiple_rhs_residual,random_dense,128,12,after_multiples_rhs_residual_benchmarks,2507584,2.39142
custom_lu,multiple_rhs_residual,random_dense,128,12,before_multiples_rhs_residual_benchmarks,2507584,2.39142
custom_lu,multiple_rhs_residual,random_dense,128,12,after_multiples_rhs_residual_benchmarks,2507584,2.39142
custom_lu,multiple_rhs_residual,random_dense,128,12,before_multiples_rhs_residual_benchmarks,2507584,2.39142
custom_lu,multiple_rhs_residual,random_dense,128,12,after_multiples_rhs_residual_benchmarks,2507584,2.39142
custom_lu,multiple_rhs_residual,random_dense,128,12,before_multiples_rhs_residual_benchmarks,2507584,2.39142
custom_lu,multiple_rhs_residual,random_dense,128,12,after_multiples_rhs_residual_benchmarks,2507584,2.39142
custom_lu,multiple_rhs_residual,random_dense,128,13,before_problem_setup,2507584,2.39142
custom_lu,multiple_rhs_residual,random_dense,128,13,after_problem_setup,2507584,2.39142
custom_lu,multiple_rhs_residual,random_dense,128,13,before_multiples_rhs_residual_benchmarks,2507584,2.39142
custom_lu,multiple_rhs_residual,random_dense,128,13,after_multiples_rhs_residual_benchmarks,2507584,2.39142
custom_lu,multiple_rhs_residual,random_dense,128,13,before_multiples_rhs_residual_benchmarks,2507584,2.39142
custom_lu,multiple_rhs_residual,random_dense,128,13,after_multiples_rhs_residual_benchmarks,2507584,2.39142
custom_lu,multiple_rhs_residual,random_dense,128,13,before_multiples_rhs_residual_benchmarks,2507584,2.39142
custom_lu,multiple_rhs_residual,random_dense,128,13,after_multiples_rhs_residual_benchmarks,2507584,2.39142
custom_lu,multiple_rhs_residual,random_dense,128,13,before_multiples_rhs_residual_benchmarks,2507584,2.39142
custom_lu,multiple_rhs_residual,random_dense,128,13,after_multiples_rhs_residual_benchmarks,2507584,2.39142
custom_lu,multiple_rhs_residual,random_dense,128,13,before_multiples_rhs_residual_benchmarks,2507584,2.39142
custom_lu,multiple_rhs_residual,random_dense,128,13,after_multiples_rhs_residual_benchmarks,2523968,2.40704
custom_lu,multiple_rhs_residual,random_dense,128,14,before_problem_setup,2523968,2.40704
custom_lu,multiple_rhs_residual,random_dense,128,14,after_problem_setup,2523968,2.40704
custom_lu,multiple_rhs_residual,random_dense,128,14,before_multiples_rhs_residual_benchmarks,2523968,2.40704
custom_lu,multiple_rhs_residual,random_dense,128,14,after_multiples_rhs_residual_benchmarks,2523968,2.40704
custom_lu,multiple_rhs_residual,random_dense,128,14,before_multiples_rhs_residual_benchmarks,2523968,2.40704
custom_lu,multiple_rhs_residual,random_dense,128,14,after_multiples_rhs_residual_benchmarks,2523968,2.40704
custom_lu,multiple_rhs_residual,random_dense,128,14,before_multiples_rhs_residual_benchmarks,2523968,2.40704
custom_lu,multiple_rhs_residual,random_dense,128,14,after_multiples_rhs_residual_benchmarks,2523968,2.40704
custom_lu,multiple_rhs_residual,random_dense,128,14,before_multiples_rhs_residual_benchmarks,2523968,2.40704
custom_lu,multiple_rhs_residual,random_dense,128,14,after_multiples_rhs_residual_benchmarks,2523968,2.40704
custom_lu,multiple_rhs_residual,random_dense,128,14,before_multiples_rhs_residual_benchmarks,2523968,2.40704
custom_lu,multiple_rhs_residual,random_dense,128,14,after_multiples_rhs_residual_benchmarks,2523968,2.40704
custom_lu,multiple_rhs_residual,diagonally_dominant,128,0,before_problem_setup,2523968,2.40704
custom_lu,multiple_rhs_residual,diagonally_dominant,128,0,after_problem_setup,2523968,2.40704
custom_lu,multiple_rhs_residual,diagonally_dominant,128,0,before_multiples_rhs_residual_benchmarks,2523968,2.40704
custom_lu,multiple_rhs_residual,diagonally_dominant,128,0,after_multiples_rhs_residual_benchmarks,2523968,2.40704
custom_lu,multiple_rhs_residual,diagonally_dominant,128,0,before_multiples_rhs_residual_benchmarks,2523968,2.40704
custom_lu,multiple_rhs_residual,diagonally_dominant,128,0,after_multiples_rhs_residual_benchmarks,2523968,2.40704
custom_lu,multiple_rhs_residual,diagonally_dominant,128,0,before_multiples_rhs_residual_benchmarks,2523968,2.40704
custom_lu,multiple_rhs_residual,diagonally_dominant,128,0,after_multiples_rhs_residual_benchmarks,2523968,2.40704
custom_lu,multiple_rhs_residual,diagonally_dominant,128,0,before_multiples_rhs_residual_benchmarks,2523968,2.40704
custom_lu,multiple_rhs_residual,diagonally_dominant,128,0,after_multiples_rhs_residual_benchmarks,2523968,2.40704
custom_lu,multiple_rhs_residual,diagonally_dominant,128,0,before_multiples_rhs_residual_benchmarks,2523968,2.40704
custom_lu,multiple_rhs_residual,diagonally_dominant,128,0,after_multiples_rhs_residual_benchmarks,2523968,2.40704
custom_lu,multiple_rhs_residual,diagonally_dominant,128,1,before_problem_setup,2523968,2.40704
custom_lu,multiple_rhs_residual,diagonally_dominant,128,1,after_problem_setup,2523968,2.40704
custom_lu,multiple_rhs_residual,diagonally_dominant,128,1,before_multiples_rhs_residual_benchmarks,2523968,2.40704
custom_lu,multiple_rhs_residual,diagonally_dominant,128,1,after_multiples_rhs_residual_benchmarks,2523968,2.40704
custom_lu,multiple_rhs_residual,diagonally_dominant,128,1,before_multiples_rhs_residual_benchmarks,2523968,2.40704
custom_lu,multiple_rhs_residual,diagonally_dominant,128,1,after_multiples_rhs_residual_benchmarks,2523968,2.40704
custom_lu,multiple_rhs_residual,diagonally_dominant,128,1,before_multiples_rhs_residual_benchmarks,2523968,2.40704
custom_lu,multiple_rhs_residual,diagonally_dominant,128,1,after_multiples_rhs_residual_benchmarks,2523968,2.40704
custom_lu,multiple_rhs_residual,diagonally_dominant,128,1,before_multiples_rhs_residual_benchmarks,2523968,2.40704
custom_lu,multiple_rhs_residual,diagonally_dominant,128,1,after_multiples_rhs_residual_benchmarks,2523968,2.40704
custom_lu,multiple_rhs_residual,diagonally_dominant,128,1,before_multiples_rhs_residual_benchmarks,2523968,2.40704
custom_lu,multiple_rhs_residual,diagonally_dominant,128,1,after_multiples_rhs_residual_benchmarks,2523968,2.40704
custom_lu,multiple_rhs_residual,diagonally_dominant,128,2,before_problem_setup,2523968,2.40704
custom_lu,multiple_rhs_residual,diagonally_dominant,128,2,after_problem_setup,2523968,2.40704
custom_lu,multiple_rhs_residual,diagonally_dominant,128,2,before_multiples_rhs_residual_benchmarks,2523968,2.40704
custom_lu,multiple_rhs_residual,diagonally_dominant,128,2,after_multiples_rhs_residual_benchmarks,2523968,2.40704
custom_lu,multiple_rhs_residual,diagonally_dominant,128,2,before_multiples_rhs_residual_benchmarks,2523968,2.40704
custom_lu,multiple_rhs_residual,diagonally_dominant,128,2,after_multiples_rhs_residual_benchmarks,2523968,2.40704
custom_lu,multiple_rhs_residual,diagonally_dominant,128,2,before_multiples_rhs_residual_benchmarks,2523968,2.40704
custom_lu,multiple_rhs_residual,diagonally_dominant,128,2,after_multiples_rhs_residual_benchmarks,2523968,2.40704
custom_lu,multiple_rhs_residual,diagonally_dominant,128,2,before_multiples_rhs_residual_benchmarks,2523968,2.40704
custom_lu,multiple_rhs_residual,diagonally_dominant,128,2,after_multiples_rhs_residual_benchmarks,2523968,2.40704
custom_lu,multiple_rhs_residual,diagonally_dominant,128,2,before_multiples_rhs_residual_benchmarks,2523968,2.40704
custom_lu,multiple_rhs_residual,diagonally_dominant,128,2,after_multiples_rhs_residual_benchmarks,2523968,2.40704
custom_lu,multiple_rhs_residual,diagonally_dominant,128,3,before_problem_setup,2523968,2.40704
custom_lu,multiple_rhs_residual,diagonally_dominant,128,3,after_problem_setup,2523968,2.40704
custom_lu,multiple_rhs_residual,diagonally_dominant,128,3,before_multiples_rhs_residual_benchmarks,2523968,2.40704
custom_lu,multiple_rhs_residual,diagonally_dominant,128,3,after_multiples_rhs_residual_benchmarks,2523968,2.40704
custom_lu,multiple_rhs_residual,diagonally_dominant,128,3,before_multiples_rhs_residual_benchmarks,2523968,2.40704
custom_lu,multiple_rhs_residual,diagonally_dominant,128,3,after_multiples_rhs_residual_benchmarks,2523968,2.40704
custom_lu,multiple_rhs_residual,diagonally_dominant,128,3,before_multiples_rhs_residual_benchmarks,2523968,2.40704
custom_lu,multiple_rhs_residual,diagonally_dominant,128,3,after_multiples_rhs_residual_benchmarks,2523968,2.40704
custom_lu,multiple_rhs_residual,diagonally_dominant,128,3,before_multiples_rhs_residual_benchmarks,2523968,2.40704
custom_lu,multiple_rhs_residual,diagonally_dominant,128,3,after_multiples_rhs_residual_benchmarks,2523968,2.40704
custom_lu,multiple_rhs_residual,diagonally_dominant,128,3,before_multiples_rhs_residual_benchmarks,2523968,2.40704
custom_lu,multiple_rhs_residual,diagonally_dominant,128,3,after_multiples_rhs_residual_benchmarks,2523968,2.40704
custom_lu,multiple_rhs_residual,diagonally_dominant,128,4,before_problem_setup,2523968,2.40704
custom_lu,multiple_rhs_residual,diagonally_dominant,128,4,after_problem_setup,2523968,2.40704
custom_lu,multiple_rhs_residual,diagonally_dominant,128,4,before_multiples_rhs_residual_benchmarks,2523968,2.40704
custom_lu,multiple_rhs_residual,diagonally_dominant,128,4,after_multiples_rhs_residual_benchmarks,2523968,2.40704
custom_lu,multiple_rhs_residual,diagonally_dominant,128,4,before_multiples_rhs_residual_benchmarks,2523968,2.40704
custom_lu,multiple_rhs_residual,diagonally_dominant,128,4,after_multiples_rhs_residual_benchmarks,2523968,2.40704
custom_lu,multiple_rhs_residual,diagonally_dominant,128,4,before_multiples_rhs_residual_benchmarks,2523968,2.40704
custom_lu,multiple_rhs_residual,diagonally_dominant,128,4,after_multiples_rhs_residual_benchmarks,2523968,2.40704
custom_lu,multiple_rhs_residual,diagonally_dominant,128,4,before_multiples_rhs_residual_benchmarks,2523968,2.40704
custom_lu,multiple_rhs_residual,diagonally_dominant,128,4,after_multiples_rhs_residual_benchmarks,2523968,2.40704
custom_lu,multiple_rhs_residual,diagonally_dominant,128,4,before_multiples_rhs_residual_benchmarks,2523968,2.40704
custom_lu,multiple_rhs_residual,diagonally_dominant,128,4,after_multiples_rhs_residual_benchmarks,2523968,2.40704
custom_lu,multiple_rhs_residual,diagonally_dominant,128,5,before_problem_setup,2523968,2.40704
custom_lu,multiple_rhs_residual,diagonally_dominant,128,5,after_problem_setup,2523968,2.40704
custom_lu,multiple_rhs_residual,diagonally_dominant,128,5,before_multiples_rhs_residual_benchmarks,2523968,2.40704
custom_lu,multiple_rhs_residual,diagonally_dominant,128,5,after_multiples_rhs_residual_benchmarks,2523968,2.40704
custom_lu,multiple_rhs_residual,diagonally_dominant,128,5,before_multiples_rhs_residual_benchmarks,2523968,2.40704
custom_lu,multiple_rhs_residual,diagonally_dominant,128,5,after_multiples_rhs_residual_benchmarks,2523968,2.40704
custom_lu,multiple_rhs_residual,diagonally_dominant,128,5,before_multiples_rhs_residual_benchmarks,2523968,2.40704
custom_lu,multiple_rhs_residual,diagonally_dominant,128,5,after_multiples_rhs_residual_benchmarks,2523968,2.40704
custom_lu,multiple_rhs_residual,diagonally_dominant,128,5,before_multiples_rhs_residual_benchmarks,2523968,2.40704
custom_lu,multiple_rhs_residual,diagonally_dominant,128,5,after_multiples_rhs_residual_benchmarks,2523968,2.40704
custom_lu,multiple_rhs_residual,diagonally_dominant,128,5,before_multiples_rhs_residual_benchmarks,2523968,2.40704
custom_lu,multiple_rhs_residual,diagonally_dominant,128,5,after_multiples_rhs_residual_benchmarks,2523968,2.40704
custom_lu,multiple_rhs_residual,diagonally_dominant,128,6,before_problem_setup,2523968,2.40704
custom_lu,multiple_rhs_residual,diagonally_dominant,128,6,after_problem_setup,2523968,2.40704
custom_lu,multiple_rhs_residual,diagonally_dominant,128,6,before_multiples_rhs_residual_benchmarks,2523968,2.40704
custom_lu,multiple_rhs_residual,diagonally_dominant,128,6,after_multiples_rhs_residual_benchmarks,2523968,2.40704
custom_lu,multiple_rhs_residual,diagonally_dominant,128,6,before_multiples_rhs_residual_benchmarks,2523968,2.40704
custom_lu,multiple_rhs_residual,diagonally_dominant,128,6,after_multiples_rhs_residual_benchmarks,2523968,2.40704
custom_lu,multiple_rhs_residual,diagonally_dominant,128,6,before_multiples_rhs_residual_benchmarks,2523968,2.40704
custom_lu,multiple_rhs_residual,diagonally_dominant,128,6,after_multiples_rhs_residual_benchmarks,2523968,2.40704
custom_lu,multiple_rhs_residual,diagonally_dominant,128,6,before_multiples_rhs_residual_benchmarks,2523968,2.40704
custom_lu,multiple_rhs_residual,diagonally_dominant,128,6,after_multiples_rhs_residual_benchmarks,2523968,2.40704
custom_lu,multiple_rhs_residual,diagonally_dominant,128,6,before_multiples_rhs_residual_benchmarks,2523968,2.40704
custom_lu,multiple_rhs_residual,diagonally_dominant,128,6,after_multiples_rhs_residual_benchmarks,2523968,2.40704
custom_lu,multiple_rhs_residual,diagonally_dominant,128,7,before_problem_setup,2523968,2.40704
custom_lu,multiple_rhs_residual,diagonally_dominant,128,7,after_problem_setup,2523968,2.40704
custom_lu,multiple_rhs_residual,diagonally_dominant,128,7,before_multiples_rhs_residual_benchmarks,2523968,2.40704
custom_lu,multiple_rhs_residual,diagonally_dominant,128,7,after_multiples_rhs_residual_benchmarks,2523968,2.40704
custom_lu,multiple_rhs_residual,diagonally_dominant,128,7,before_multiples_rhs_residual_benchmarks,2523968,2.40704
custom_lu,multiple_rhs_residual,diagonally_dominant,128,7,after_multiples_rhs_residual_benchmarks,2523968,2.40704
custom_lu,multiple_rhs_residual,diagonally_dominant,128,7,before_multiples_rhs_residual_benchmarks,2523968,2.40704
custom_lu,multiple_rhs_residual,diagonally_dominant,128,7,after_multiples_rhs_residual_benchmarks,2523968,2.40704
custom_lu,multiple_rhs_residual,diagonally_dominant,128,7,before_multiples_rhs_residual_benchmarks,2523968,2.40704
custom_lu,multiple_rhs_residual,diagonally_dominant,128,7,after_multiples_rhs_residual_benchmarks,2523968,2.40704
custom_lu,multiple_rhs_residual,diagonally_dominant,128,7,before_multiples_rhs_residual_benchmarks,2523968,2.40704
custom_lu,multiple_rhs_residual,diagonally_dominant,128,7,after_multiples_rhs_residual_benchmarks,2523968,2.40704
custom_lu,multiple_rhs_residual,diagonally_dominant,128,8,before_problem_setup,2523968,2.40704
custom_lu,multiple_rhs_residual,diagonally_dominant,128,8,after_problem_setup,2523968,2.40704
custom_lu,multiple_rhs_residual,diagonally_dominant,128,8,before_multiples_rhs_residual_benchmarks,2523968,2.40704
custom_lu,multiple_rhs_residual,diagonally_dominant,128,8,after_multiples_rhs_residual_benchmarks,2523968,2.40704
custom_lu,multiple_rhs_residual,diagonally_dominant,128,8,before_multiples_rhs_residual_benchmarks,2523968,2.40704
custom_lu,multiple_rhs_residual,diagonally_dominant,128,8,after_multiples_rhs_residual_benchmarks,2523968,2.40704
custom_lu,multiple_rhs_residual,diagonally_dominant,128,8,before_multiples_rhs_residual_benchmarks,2523968,2.40704
custom_lu,multiple_rhs_residual,diagonally_dominant,128,8,after_multiples_rhs_residual_benchmarks,2523968,2.40704
custom_lu,multiple_rhs_residual,diagonally_dominant,128,8,before_multiples_rhs_residual_benchmarks,2523968,2.40704
custom_lu,multiple_rhs_residual,diagonally_dominant,128,8,after_multiples_rhs_residual_benchmarks,2523968,2.40704
custom_lu,multiple_rhs_residual,diagonally_dominant,128,8,before_multiples_rhs_residual_benchmarks,2523968,2.40704
custom_lu,multiple_rhs_residual,diagonally_dominant,128,8,after_multiples_rhs_residual_benchmarks,2523968,2.40704
custom_lu,multiple_rhs_residual,diagonally_dominant,128,9,before_problem_setup,2523968,2.40704
custom_lu,multiple_rhs_residual,diagonally_dominant,128,9,after_problem_setup,2523968,2.40704
custom_lu,multiple_rhs_residual,diagonally_dominant,128,9,before_multiples_rhs_residual_benchmarks,2523968,2.40704
custom_lu,multiple_rhs_residual,diagonally_dominant,128,9,after_multiples_rhs_residual_benchmarks,2523968,2.40704
custom_lu,multiple_rhs_residual,diagonally_dominant,128,9,before_multiples_rhs_residual_benchmarks,2523968,2.40704
custom_lu,multiple_rhs_residual,diagonally_dominant,128,9,after_multiples_rhs_residual_benchmarks,2523968,2.40704
custom_lu,multiple_rhs_residual,diagonally_dominant,128,9,before_multiples_rhs_residual_benchmarks,2523968,2.40704
custom_lu,multiple_rhs_residual,diagonally_dominant,128,9,after_multiples_rhs_residual_benchmarks,2523968,2.40704
custom_lu,multiple_rhs_residual,diagonally_dominant,128,9,before_multiples_rhs_residual_benchmarks,2523968,2.40704
custom_lu,multiple_rhs_residual,diagonally_dominant,128,9,after_multiples_rhs_residual_benchmarks,2523968,2.40704
custom_lu,multiple_rhs_residual,diagonally_dominant,128,9,before_multiples_rhs_residual_benchmarks,2523968,2.40704
custom_lu,multiple_rhs_residual,diagonally_dominant,128,9,after_multiples_rhs_residual_benchmarks,2523968,2.40704
custom_lu,multiple_rhs_residual,diagonally_dominant,128,10,before_problem_setup,2523968,2.40704
custom_lu,multiple_rhs_residual,diagonally_dominant,128,10,after_problem_setup,2523968,2.40704
custom_lu,multiple_rhs_residual,diagonally_dominant,128,10,before_multiples_rhs_residual_benchmarks,2523968,2.40704
custom_lu,multiple_rhs_residual,diagonally_dominant,128,10,after_multiples_rhs_residual_benchmarks,2523968,2.40704
custom_lu,multiple_rhs_residual,diagonally_dominant,128,10,before_multiples_rhs_residual_benchmarks,2523968,2.40704
custom_lu,multiple_rhs_residual,diagonally_dominant,128,10,after_multiples_rhs_residual_benchmarks,2523968,2.40704
custom_lu,multiple_rhs_residual,diagonally_dominant,128,10,before_multiples_rhs_residual_benchmarks,2523968,2.40704
custom_lu,multiple_rhs_residual,diagonally_dominant,128,10,after_multiples_rhs_residual_benchmarks,2523968,2.40704
custom_lu,multiple_rhs_residual,diagonally_dominant,128,10,before_multiples_rhs_residual_benchmarks,2523968,2.40704
custom_lu,multiple_rhs_residual,diagonally_dominant,128,10,after_multiples_rhs_residual_benchmarks,2523968,2.40704
custom_lu,multiple_rhs_residual,diagonally_dominant,128,10,before_multiples_rhs_residual_benchmarks,2523968,2.40704
custom_lu,multiple_rhs_residual,diagonally_dominant,128,10,after_multiples_rhs_residual_benchmarks,2523968,2.40704
custom_lu,multiple_rhs_residual,diagonally_dominant,128,11,before_problem_setup,2523968,2.40704
custom_lu,multiple_rhs_residual,diagonally_dominant,128,11,after_problem_setup,2523968,2.40704
custom_lu,multiple_rhs_residual,diagonally_dominant,128,11,before_multiples_rhs_residual_benchmarks,2523968,2.40704
custom_lu,multiple_rhs_residual,diagonally_dominant,128,11,after_multiples_rhs_residual_benchmarks,2523968,2.40704
custom_lu,multiple_rhs_residual,diagonally_dominant,128,11,before_multiples_rhs_residual_benchmarks,2523968,2.40704
custom_lu,multiple_rhs_residual,diagonally_dominant,128,11,after_multiples_rhs_residual_benchmarks,2523968,2.40704
custom_lu,multiple_rhs_residual,diagonally_dominant,128,11,before_multiples_rhs_residual_benchmarks,2523968,2.40704
custom_lu,multiple_rhs_residual,diagonally_dominant,128,11,after_multiples_rhs_residual_benchmarks,2523968,2.40704
custom_lu,multiple_rhs_residual,diagonally_dominant,128,11,before_multiples_rhs_residual_benchmarks,2523968,2.40704
custom_lu,multiple_rhs_residual,diagonally_dominant,128,11,after_multiples_rhs_residual_benchmarks,2523968,2.40704
custom_lu,multiple_rhs_residual,diagonally_dominant,128,11,before_multiples_rhs_residual_benchmarks,2523968,2.40704
custom_lu,multiple_rhs_residual,diagonally_dominant,128,11,after_multiples_rhs_residual_benchmarks,2523968,2.40704
custom_lu,multiple_rhs_residual,diagonally_dominant,128,12,before_problem_setup,2523968,2.40704
custom_lu,multiple_rhs_residual,diagonally_dominant,128,12,after_problem_setup,2523968,2.40704
custom_lu,multiple_rhs_residual,diagonally_dominant,128,12,before_multiples_rhs_residual_benchmarks,2523968,2.40704
custom_lu,multiple_rhs_residual,diagonally_dominant,128,12,after_multiples_rhs_residual_benchmarks,2523968,2.40704
custom_lu,multiple_rhs_residual,diagonally_dominant,128,12,before_multiples_rhs_residual_benchmarks,2523968,2.40704
custom_lu,multiple_rhs_residual,diagonally_dominant,128,12,after_multiples_rhs_residual_benchmarks,2523968,2.40704
custom_lu,multiple_rhs_residual,diagonally_dominant,128,12,before_multiples_rhs_residual_benchmarks,2523968,2.40704
custom_lu,multiple_rhs_residual,diagonally_dominant,128,12,after_multiples_rhs_residual_benchmarks,2523968,2.40704
custom_lu,multiple_rhs_residual,diagonally_dominant,128,12,before_multiples_rhs_residual_benchmarks,2523968,2.40704
custom_lu,multiple_rhs_residual,diagonally_dominant,128,12,after_multiples_rhs_residual_benchmarks,2523968,2.40704
custom_lu,multiple_rhs_residual,diagonally_dominant,128,12,before_multiples_rhs_residual_benchmarks,2523968,2.40704
custom_lu,multiple_rhs_residual,diagonally_dominant,128,12,after_multiples_rhs_residual_benchmarks,2523968,2.40704
custom_lu,multiple_rhs_residual,diagonally_dominant,128,13,before_problem_setup,2523968,2.40704
custom_lu,multiple_rhs_residual,diagonally_dominant,128,13,after_problem_setup,2523968,2.40704
custom_lu,multiple_rhs_residual,diagonally_dominant,128,13,before_multiples_rhs_residual_benchmarks,2523968,2.40704
custom_lu,multiple_rhs_residual,diagonally_dominant,128,13,after_multiples_rhs_residual_benchmarks,2523968,2.40704
custom_lu,multiple_rhs_residual,diagonally_dominant,128,13,before_multiples_rhs_residual_benchmarks,2523968,2.40704
custom_lu,multiple_rhs_residual,diagonally_dominant,128,13,after_multiples_rhs_residual_benchmarks,2523968,2.40704
custom_lu,multiple_rhs_residual,diagonally_dominant,128,13,before_multiples_rhs_residual_benchmarks,2523968,2.40704
custom_lu,multiple_rhs_residual,diagonally_dominant,128,13,after_multiples_rhs_residual_benchmarks,2523968,2.40704
custom_lu,multiple_rhs_residual,diagonally_dominant,128,13,before_multiples_rhs_residual_benchmarks,2523968,2.40704
custom_lu,multiple_rhs_residual,diagonally_dominant,128,13,after_multiples_rhs_residual_benchmarks,2523968,2.40704
custom_lu,multiple_rhs_residual,diagonally_dominant,128,13,before_multiples_rhs_residual_benchmarks,2523968,2.40704
custom_lu,multiple_rhs_residual,diagonally_dominant,128,13,after_multiples_rhs_residual_benchmarks,2523968,2.40704
custom_lu,multiple_rhs_residual,diagonally_dominant,128,14,before_problem_setup,2523968,2.40704
custom_lu,multiple_rhs_residual,diagonally_dominant,128,14,after_problem_setup,2523968,2.40704
custom_lu,multiple_rhs_residual,diagonally_dominant,128,14,before_multiples_rhs_residual_benchmarks,2523968,2.40704
custom_lu,multiple_rhs_residual,diagonally_dominant,128,14,after_multiples_rhs_residual_benchmarks,2523968,2.40704
custom_lu,multiple_rhs_residual,diagonally_dominant,128,14,before_multiples_rhs_residual_benchmarks,2523968,2.40704
custom_lu,multiple_rhs_residual,diagonally_dominant,128,14,after_multiples_rhs_residual_benchmarks,2523968,2.40704
custom_lu,multiple_rhs_residual,diagonally_dominant,128,14,before_multiples_rhs_residual_benchmarks,2523968,2.40704
custom_lu,multiple_rhs_residual,diagonally_dominant,128,14,after_multiples_rhs_residual_benchmarks,2523968,2.40704
custom_lu,multiple_rhs_residual,diagonally_dominant,128,14,before_multiples_rhs_residual_benchmarks,2523968,2.40704
custom_lu,multiple_rhs_residual,diagonally_dominant,128,14,after_multiples_rhs_residual_benchmarks,2523968,2.40704
custom_lu,multiple_rhs_residual,diagonally_dominant,128,14,before_multiples_rhs_residual_benchmarks,2523968,2.40704
custom_lu,multiple_rhs_residual,diagonally_dominant,128,14,after_multiples_rhs_residual_benchmarks,2523968,2.40704
custom_lu,multiple_rhs_residual,random_dense,256,0,before_problem_setup,2523968,2.40704
custom_lu,multiple_rhs_residual,random_dense,256,0,after_problem_setup,2523968,2.40704
custom_lu,multiple_rhs_residual,random_dense,256,0,before_multiples_rhs_residual_benchmarks,2523968,2.40704
custom_lu,multiple_rhs_residual,random_dense,256,0,after_multiples_rhs_residual_benchmarks,2523968,2.40704
custom_lu,multiple_rhs_residual,random_dense,256,0,before_multiples_rhs_residual_benchmarks,2523968,2.40704
custom_lu,multiple_rhs_residual,random_dense,256,0,after_multiples_rhs_residual_benchmarks,2523968,2.40704
custom_lu,multiple_rhs_residual,random_dense,256,0,before_multiples_rhs_residual_benchmarks,2523968,2.40704
custom_lu,multiple_rhs_residual,random_dense,256,0,after_multiples_rhs_residual_benchmarks,2523968,2.40704
custom_lu,multiple_rhs_residual,random_dense,256,0,before_multiples_rhs_residual_benchmarks,2523968,2.40704
custom_lu,multiple_rhs_residual,random_dense,256,0,after_multiples_rhs_residual_benchmarks,2523968,2.40704
custom_lu,multiple_rhs_residual,random_dense,256,0,before_multiples_rhs_residual_benchmarks,2523968,2.40704
custom_lu,multiple_rhs_residual,random_dense,256,0,after_multiples_rhs_residual_benchmarks,2523968,2.40704
custom_lu,multiple_rhs_residual,random_dense,256,1,before_problem_setup,2523968,2.40704
custom_lu,multiple_rhs_residual,random_dense,256,1,after_problem_setup,2523968,2.40704
custom_lu,multiple_rhs_residual,random_dense,256,1,before_multiples_rhs_residual_benchmarks,2523968,2.40704
custom_lu,multiple_rhs_residual,random_dense,256,1,after_multiples_rhs_residual_benchmarks,2523968,2.40704
custom_lu,multiple_rhs_residual,random_dense,256,1,before_multiples_rhs_residual_benchmarks,2523968,2.40704
custom_lu,multiple_rhs_residual,random_dense,256,1,after_multiples_rhs_residual_benchmarks,2523968,2.40704
custom_lu,multiple_rhs_residual,random_dense,256,1,before_multiples_rhs_residual_benchmarks,2523968,2.40704
custom_lu,multiple_rhs_residual,random_dense,256,1,after_multiples_rhs_residual_benchmarks,2523968,2.40704
custom_lu,multiple_rhs_residual,random_dense,256,1,before_multiples_rhs_residual_benchmarks,2523968,2.40704
custom_lu,multiple_rhs_residual,random_dense,256,1,after_multiples_rhs_residual_benchmarks,2523968,2.40704
custom_lu,multiple_rhs_residual,random_dense,256,1,before_multiples_rhs_residual_benchmarks,2523968,2.40704
custom_lu,multiple_rhs_residual,random_dense,256,1,after_multiples_rhs_residual_benchmarks,2523968,2.40704
custom_lu,multiple_rhs_residual,random_dense,256,2,before_problem_setup,2523968,2.40704
custom_lu,multiple_rhs_residual,random_dense,256,2,after_problem_setup,2523968,2.40704
custom_lu,multiple_rhs_residual,random_dense,256,2,before_multiples_rhs_residual_benchmarks,2523968,2.40704
custom_lu,multiple_rhs_residual,random_dense,256,2,after_multiples_rhs_residual_benchmarks,2523968,2.40704
custom_lu,multiple_rhs_residual,random_dense,256,2,before_multiples_rhs_residual_benchmarks,2523968,2.40704
custom_lu,multiple_rhs_residual,random_dense,256,2,after_multiples_rhs_residual_benchmarks,2523968,2.40704
custom_lu,multiple_rhs_residual,random_dense,256,2,before_multiples_rhs_residual_benchmarks,2523968,2.40704
custom_lu,multiple_rhs_residual,random_dense,256,2,after_multiples_rhs_residual_benchmarks,2523968,2.40704
custom_lu,multiple_rhs_residual,random_dense,256,2,before_multiples_rhs_residual_benchmarks,2523968,2.40704
custom_lu,multiple_rhs_residual,random_dense,256,2,after_multiples_rhs_residual_benchmarks,2523968,2.40704
custom_lu,multiple_rhs_residual,random_dense,256,2,before_multiples_rhs_residual_benchmarks,2523968,2.40704
custom_lu,multiple_rhs_residual,random_dense,256,2,after_multiples_rhs_residual_benchmarks,2523968,2.40704
custom_lu,multiple_rhs_residual,random_dense,256,3,before_problem_setup,2523968,2.40704
custom_lu,multiple_rhs_residual,random_dense,256,3,after_problem_setup,2523968,2.40704
custom_lu,multiple_rhs_residual,random_dense,256,3,before_multiples_rhs_residual_benchmarks,2523968,2.40704
custom_lu,multiple_rhs_residual,random_dense,256,3,after_multiples_rhs_residual_benchmarks,2523968,2.40704
custom_lu,multiple_rhs_residual,random_dense,256,3,before_multiples_rhs_residual_benchmarks,2523968,2.40704
custom_lu,multiple_rhs_residual,random_dense,256,3,after_multiples_rhs_residual_benchmarks,2523968,2.40704
custom_lu,multiple_rhs_residual,random_dense,256,3,before_multiples_rhs_residual_benchmarks,2523968,2.40704
custom_lu,multiple_rhs_residual,random_dense,256,3,after_multiples_rhs_residual_benchmarks,2523968,2.40704
custom_lu,multiple_rhs_residual,random_dense,256,3,before_multiples_rhs_residual_benchmarks,2523968,2.40704
custom_lu,multiple_rhs_residual,random_dense,256,3,after_multiples_rhs_residual_benchmarks,2523968,2.40704
custom_lu,multiple_rhs_residual,random_dense,256,3,before_multiples_rhs_residual_benchmarks,2523968,2.40704
custom_lu,multiple_rhs_residual,random_dense,256,3,after_multiples_rhs_residual_benchmarks,2523968,2.40704
custom_lu,multiple_rhs_residual,random_dense,256,4,before_problem_setup,2523968,2.40704
custom_lu,multiple_rhs_residual,random_dense,256,4,after_problem_setup,2523968,2.40704
custom_lu,multiple_rhs_residual,random_dense,256,4,before_multiples_rhs_residual_benchmarks,2523968,2.40704
custom_lu,multiple_rhs_residual,random_dense,256,4,after_multiples_rhs_residual_benchmarks,2523968,2.40704
custom_lu,multiple_rhs_residual,random_dense,256,4,before_multiples_rhs_residual_benchmarks,2523968,2.40704
custom_lu,multiple_rhs_residual,random_dense,256,4,after_multiples_rhs_residual_benchmarks,2523968,2.40704
custom_lu,multiple_rhs_residual,random_dense,256,4,before_multiples_rhs_residual_benchmarks,2523968,2.40704
custom_lu,multiple_rhs_residual,random_dense,256,4,after_multiples_rhs_residual_benchmarks,2523968,2.40704
custom_lu,multiple_rhs_residual,random_dense,256,4,before_multiples_rhs_residual_benchmarks,2523968,2.40704
custom_lu,multiple_rhs_residual,random_dense,256,4,after_multiples_rhs_residual_benchmarks,2523968,2.40704
custom_lu,multiple_rhs_residual,random_dense,256,4,before_multiples_rhs_residual_benchmarks,2523968,2.40704
custom_lu,multiple_rhs_residual,random_dense,256,4,after_multiples_rhs_residual_benchmarks,2523968,2.40704
custom_lu,multiple_rhs_residual,random_dense,256,5,before_problem_setup,2523968,2.40704
custom_lu,multiple_rhs_residual,random_dense,256,5,after_problem_setup,2523968,2.40704
custom_lu,multiple_rhs_residual,random_dense,256,5,before_multiples_rhs_residual_benchmarks,2523968,2.40704
custom_lu,multiple_rhs_residual,random_dense,256,5,after_multiples_rhs_residual_benchmarks,2523968,2.40704
custom_lu,multiple_rhs_residual,random_dense,256,5,before_multiples_rhs_residual_benchmarks,2523968,2.40704
custom_lu,multiple_rhs_residual,random_dense,256,5,after_multiples_rhs_residual_benchmarks,2523968,2.40704
custom_lu,multiple_rhs_residual,random_dense,256,5,before_multiples_rhs_residual_benchmarks,2523968,2.40704
custom_lu,multiple_rhs_residual,random_dense,256,5,after_multiples_rhs_residual_benchmarks,2523968,2.40704
custom_lu,multiple_rhs_residual,random_dense,256,5,before_multiples_rhs_residual_benchmarks,2523968,2.40704
custom_lu,multiple_rhs_residual,random_dense,256,5,after_multiples_rhs_residual_benchmarks,2523968,2.40704
custom_lu,multiple_rhs_residual,random_dense,256,5,before_multiples_rhs_residual_benchmarks,2523968,2.40704
custom_lu,multiple_rhs_residual,random_dense,256,5,after_multiples_rhs_residual_benchmarks,2523968,2.40704
custom_lu,multiple_rhs_residual,random_dense,256,6,before_problem_setup,2523968,2.40704
custom_lu,multiple_rhs_residual,random_dense,256,6,after_problem_setup,2523968,2.40704
custom_lu,multiple_rhs_residual,random_dense,256,6,before_multiples_rhs_residual_benchmarks,2523968,2.40704
custom_lu,multiple_rhs_residual,random_dense,256,6,after_multiples_rhs_residual_benchmarks,2523968,2.40704
custom_lu,multiple_rhs_residual,random_dense,256,6,before_multiples_rhs_residual_benchmarks,2523968,2.40704
custom_lu,multiple_rhs_residual,random_dense,256,6,after_multiples_rhs_residual_benchmarks,2523968,2.40704
custom_lu,multiple_rhs_residual,random_dense,256,6,before_multiples_rhs_residual_benchmarks,2523968,2.40704
custom_lu,multiple_rhs_residual,random_dense,256,6,after_multiples_rhs_residual_benchmarks,2523968,2.40704
custom_lu,multiple_rhs_residual,random_dense,256,6,before_multiples_rhs_residual_benchmarks,2523968,2.40704
custom_lu,multiple_rhs_residual,random_dense,256,6,after_multiples_rhs_residual_benchmarks,2523968,2.40704
custom_lu,multiple_rhs_residual,random_dense,256,6,before_multiples_rhs_residual_benchmarks,2523968,2.40704
custom_lu,multiple_rhs_residual,random_dense,256,6,after_multiples_rhs_residual_benchmarks,2523968,2.40704
custom_lu,multiple_rhs_residual,random_dense,256,7,before_problem_setup,2523968,2.40704
custom_lu,multiple_rhs_residual,random_dense,256,7,after_problem_setup,2523968,2.40704
custom_lu,multiple_rhs_residual,random_dense,256,7,before_multiples_rhs_residual_benchmarks,2523968,2.40704
custom_lu,multiple_rhs_residual,random_dense,256,7,after_multiples_rhs_residual_benchmarks,2523968,2.40704
custom_lu,multiple_rhs_residual,random_dense,256,7,before_multiples_rhs_residual_benchmarks,2523968,2.40704
custom_lu,multiple_rhs_residual,random_dense,256,7,after_multiples_rhs_residual_benchmarks,2523968,2.40704
custom_lu,multiple_rhs_residual,random_dense,256,7,before_multiples_rhs_residual_benchmarks,2523968,2.40704
custom_lu,multiple_rhs_residual,random_dense,256,7,after_multiples_rhs_residual_benchmarks,2523968,2.40704
custom_lu,multiple_rhs_residual,random_dense,256,7,before_multiples_rhs_residual_benchmarks,2523968,2.40704
custom_lu,multiple_rhs_residual,random_dense,256,7,after_multiples_rhs_residual_benchmarks,2523968,2.40704
custom_lu,multiple_rhs_residual,random_dense,256,7,before_multiples_rhs_residual_benchmarks,2523968,2.40704
custom_lu,multiple_rhs_residual,random_dense,256,7,after_multiples_rhs_residual_benchmarks,2523968,2.40704
custom_lu,multiple_rhs_residual,random_dense,256,8,before_problem_setup,2523968,2.40704
custom_lu,multiple_rhs_residual,random_dense,256,8,after_problem_setup,2523968,2.40704
custom_lu,multiple_rhs_residual,random_dense,256,8,before_multiples_rhs_residual_benchmarks,2523968,2.40704
custom_lu,multiple_rhs_residual,random_dense,256,8,after_multiples_rhs_residual_benchmarks,2523968,2.40704
custom_lu,multiple_rhs_residual,random_dense,256,8,before_multiples_rhs_residual_benchmarks,2523968,2.40704
custom_lu,multiple_rhs_residual,random_dense,256,8,after_multiples_rhs_residual_benchmarks,2523968,2.40704
custom_lu,multiple_rhs_residual,random_dense,256,8,before_multiples_rhs_residual_benchmarks,2523968,2.40704
custom_lu,multiple_rhs_residual,random_dense,256,8,after_multiples_rhs_residual_benchmarks,2523968,2.40704
custom_lu,multiple_rhs_residual,random_dense,256,8,before_multiples_rhs_residual_benchmarks,2523968,2.40704
custom_lu,multiple_rhs_residual,random_dense,256,8,after_multiples_rhs_residual_benchmarks,2523968,2.40704
custom_lu,multiple_rhs_residual,random_dense,256,8,before_multiples_rhs_residual_benchmarks,2523968,2.40704
custom_lu,multiple_rhs_residual,random_dense,256,8,after_multiples_rhs_residual_benchmarks,2523968,2.40704
custom_lu,multiple_rhs_residual,random_dense,256,9,before_problem_setup,2523968,2.40704
custom_lu,multiple_rhs_residual,random_dense,256,9,after_problem_setup,2523968,2.40704
custom_lu,multiple_rhs_residual,random_dense,256,9,before_multiples_rhs_residual_benchmarks,2523968,2.40704
custom_lu,multiple_rhs_residual,random_dense,256,9,after_multiples_rhs_residual_benchmarks,2523968,2.40704
custom_lu,multiple_rhs_residual,random_dense,256,9,before_multiples_rhs_residual_benchmarks,2523968,2.40704
custom_lu,multiple_rhs_residual,random_dense,256,9,after_multiples_rhs_residual_benchmarks,2523968,2.40704
custom_lu,multiple_rhs_residual,random_dense,256,9,before_multiples_rhs_residual_benchmarks,2523968,2.40704
custom_lu,multiple_rhs_residual,random_dense,256,9,after_multiples_rhs_residual_benchmarks,2523968,2.40704
custom_lu,multiple_rhs_residual,random_dense,256,9,before_multiples_rhs_residual_benchmarks,2523968,2.40704
custom_lu,multiple_rhs_residual,random_dense,256,9,after_multiples_rhs_residual_benchmarks,2523968,2.40704
custom_lu,multiple_rhs_residual,random_dense,256,9,before_multiples_rhs_residual_benchmarks,2523968,2.40704
custom_lu,multiple_rhs_residual,random_dense,256,9,after_multiples_rhs_residual_benchmarks,2523968,2.40704
custom_lu,multiple_rhs_residual,random_dense,256,10,before_problem_setup,2523968,2.40704
custom_lu,multiple_rhs_residual,random_dense,256,10,after_problem_setup,2523968,2.40704
custom_lu,multiple_rhs_residual,random_dense,256,10,before_multiples_rhs_residual_benchmarks,2523968,2.40704
custom_lu,multiple_rhs_residual,random_dense,256,10,after_multiples_rhs_residual_benchmarks,2523968,2.40704
custom_lu,multiple_rhs_residual,random_dense,256,10,before_multiples_rhs_residual_benchmarks,2523968,2.40704
custom_lu,multiple_rhs_residual,random_dense,256,10,after_multiples_rhs_residual_benchmarks,2523968,2.40704
custom_lu,multiple_rhs_residual,random_dense,256,10,before_multiples_rhs_residual_benchmarks,2523968,2.40704
custom_lu,multiple_rhs_residual,random_dense,256,10,after_multiples_rhs_residual_benchmarks,2523968,2.40704
custom_lu,multiple_rhs_residual,random_dense,256,10,before_multiples_rhs_residual_benchmarks,2523968,2.40704
custom_lu,multiple_rhs_residual,random_dense,256,10,after_multiples_rhs_residual_benchmarks,2523968,2.40704
custom_lu,multiple_rhs_residual,random_dense,256,10,before_multiples_rhs_residual_benchmarks,2523968,2.40704
custom_lu,multiple_rhs_residual,random_dense,256,10,after_multiples_rhs_residual_benchmarks,2523968,2.40704
custom_lu,multiple_rhs_residual,random_dense,256,11,before_problem_setup,2523968,2.40704
custom_lu,multiple_rhs_residual,random_dense,256,11,after_problem_setup,2523968,2.40704
custom_lu,multiple_rhs_residual,random_dense,256,11,before_multiples_rhs_residual_benchmarks,2523968,2.40704
custom_lu,multiple_rhs_residual,random_dense,256,11,after_multiples_rhs_residual_benchmarks,2523968,2.40704
custom_lu,multiple_rhs_residual,random_dense,256,11,before_multiples_rhs_residual_benchmarks,2523968,2.40704
custom_lu,multiple_rhs_residual,random_dense,256,11,after_multiples_rhs_residual_benchmarks,2523968,2.40704
custom_lu,multiple_rhs_residual,random_dense,256,11,before_multiples_rhs_residual_benchmarks,2523968,2.40704
custom_lu,multiple_rhs_residual,random_dense,256,11,after_multiples_rhs_residual_benchmarks,2523968,2.40704
custom_lu,multiple_rhs_residual,random_dense,256,11,before_multiples_rhs_residual_benchmarks,2523968,2.40704
custom_lu,multiple_rhs_residual,random_dense,256,11,after_multiples_rhs_residual_benchmarks,2523968,2.40704
custom_lu,multiple_rhs_residual,random_dense,256,11,before_multiples_rhs_residual_benchmarks,2523968,2.40704
custom_lu,multiple_rhs_residual,random_dense,256,11,after_multiples_rhs_residual_benchmarks,2523968,2.40704
custom_lu,multiple_rhs_residual,random_dense,256,12,before_problem_setup,2523968,2.40704
custom_lu,multiple_rhs_residual,random_dense,256,12,after_problem_setup,2523968,2.40704
custom_lu,multiple_rhs_residual,random_dense,256,12,before_multiples_rhs_residual_benchmarks,2523968,2.40704
custom_lu,multiple_rhs_residual,random_dense,256,12,after_multiples_rhs_residual_benchmarks,2523968,2.40704
custom_lu,multiple_rhs_residual,random_dense,256,12,before_multiples_rhs_residual_benchmarks,2523968,2.40704
custom_lu,multiple_rhs_residual,random_dense,256,12,after_multiples_rhs_residual_benchmarks,2523968,2.40704
custom_lu,multiple_rhs_residual,random_dense,256,12,before_multiples_rhs_residual_benchmarks,2523968,2.40704
custom_lu,multiple_rhs_residual,random_dense,256,12,after_multiples_rhs_residual_benchmarks,2523968,2.40704
custom_lu,multiple_rhs_residual,random_dense,256,12,before_multiples_rhs_residual_benchmarks,2523968,2.40704
custom_lu,multiple_rhs_residual,random_dense,256,12,after_multiples_rhs_residual_benchmarks,2523968,2.40704
custom_lu,multiple_rhs_residual,random_dense,256,12,before_multiples_rhs_residual_benchmarks,2523968,2.40704
custom_lu,multiple_rhs_residual,random_dense,256,12,after_multiples_rhs_residual_benchmarks,2523968,2.40704
custom_lu,multiple_rhs_residual,random_dense,256,13,before_problem_setup,2523968,2.40704
custom_lu,multiple_rhs_residual,random_dense,256,13,after_problem_setup,2523968,2.40704
custom_lu,multiple_rhs_residual,random_dense,256,13,before_multiples_rhs_residual_benchmarks,2523968,2.40704
custom_lu,multiple_rhs_residual,random_dense,256,13,after_multiples_rhs_residual_benchmarks,2523968,2.40704
custom_lu,multiple_rhs_residual,random_dense,256,13,before_multiples_rhs_residual_benchmarks,2523968,2.40704
custom_lu,multiple_rhs_residual,random_dense,256,13,after_multiples_rhs_residual_benchmarks,2523968,2.40704
custom_lu,multiple_rhs_residual,random_dense,256,13,before_multiples_rhs_residual_benchmarks,2523968,2.40704
custom_lu,multiple_rhs_residual,random_dense,256,13,after_multiples_rhs_residual_benchmarks,2523968,2.40704
custom_lu,multiple_rhs_residual,random_dense,256,13,before_multiples_rhs_residual_benchmarks,2523968,2.40704
custom_lu,multiple_rhs_residual,random_dense,256,13,after_multiples_rhs_residual_benchmarks,2523968,2.40704
custom_lu,multiple_rhs_residual,random_dense,256,13,before_multiples_rhs_residual_benchmarks,2523968,2.40704
custom_lu,multiple_rhs_residual,random_dense,256,13,after_multiples_rhs_residual_benchmarks,2523968,2.40704
custom_lu,multiple_rhs_residual,random_dense,256,14,before_problem_setup,2523968,2.40704
custom_lu,multiple_rhs_residual,random_dense,256,14,after_problem_setup,2523968,2.40704
custom_lu,multiple_rhs_residual,random_dense,256,14,before_multiples_rhs_residual_benchmarks,2523968,2.40704
custom_lu,multiple_rhs_residual,random_dense,256,14,after_multiples_rhs_residual_benchmarks,2523968,2.40704
custom_lu,multiple_rhs_residual,random_dense,256,14,before_multiples_rhs_residual_benchmarks,2523968,2.40704
custom_lu,multiple_rhs_residual,random_dense,256,14,after_multiples_rhs_residual_benchmarks,2523968,2.40704
custom_lu,multiple_rhs_residual,random_dense,256,14,before_multiples_rhs_residual_benchmarks,2523968,2.40704
custom_lu,multiple_rhs_residual,random_dense,256,14,after_multiples_rhs_residual_benchmarks,2523968,2.40704
custom_lu,multiple_rhs_residual,random_dense,256,14,before_multiples_rhs_residual_benchmarks,2523968,2.40704
custom_lu,multiple_rhs_residual,random_dense,256,14,after_multiples_rhs_residual_benchmarks,2523968,2.40704
custom_lu,multiple_rhs_residual,random_dense,256,14,before_multiples_rhs_residual_benchmarks,2523968,2.40704
custom_lu,multiple_rhs_residual,random_dense,256,14,after_multiples_rhs_residual_benchmarks,2523968,2.40704
custom_lu,multiple_rhs_residual,diagonally_dominant,256,0,before_problem_setup,2523968,2.40704
custom_lu,multiple_rhs_residual,diagonally_dominant,256,0,after_problem_setup,2523968,2.40704
custom_lu,multiple_rhs_residual,diagonally_dominant,256,0,before_multiples_rhs_residual_benchmarks,2523968,2.40704
custom_lu,multiple_rhs_residual,diagonally_dominant,256,0,after_multiples_rhs_residual_benchmarks,2523968,2.40704
custom_lu,multiple_rhs_residual,diagonally_dominant,256,0,before_multiples_rhs_residual_benchmarks,2523968,2.40704
custom_lu,multiple_rhs_residual,diagonally_dominant,256,0,after_multiples_rhs_residual_benchmarks,2523968,2.40704
custom_lu,multiple_rhs_residual,diagonally_dominant,256,0,before_multiples_rhs_residual_benchmarks,2523968,2.40704
custom_lu,multiple_rhs_residual,diagonally_dominant,256,0,after_multiples_rhs_residual_benchmarks,2523968,2.40704
custom_lu,multiple_rhs_residual,diagonally_dominant,256,0,before_multiples_rhs_residual_benchmarks,2523968,2.40704
custom_lu,multiple_rhs_residual,diagonally_dominant,256,0,after_multiples_rhs_residual_benchmarks,2523968,2.40704
custom_lu,multiple_rhs_residual,diagonally_dominant,256,0,before_multiples_rhs_residual_benchmarks,2523968,2.40704
custom_lu,multiple_rhs_residual,diagonally_dominant,256,0,after_multiples_rhs_residual_benchmarks,2523968,2.40704
custom_lu,multiple_rhs_residual,diagonally_dominant,256,1,before_problem_setup,2523968,2.40704
custom_lu,multiple_rhs_residual,diagonally_dominant,256,1,after_problem_setup,2523968,2.40704
custom_lu,multiple_rhs_residual,diagonally_dominant,256,1,before_multiples_rhs_residual_benchmarks,2523968,2.40704
custom_lu,multiple_rhs_residual,diagonally_dominant,256,1,after_multiples_rhs_residual_benchmarks,2523968,2.40704
custom_lu,multiple_rhs_residual,diagonally_dominant,256,1,before_multiples_rhs_residual_benchmarks,2523968,2.40704
custom_lu,multiple_rhs_residual,diagonally_dominant,256,1,after_multiples_rhs_residual_benchmarks,2523968,2.40704
custom_lu,multiple_rhs_residual,diagonally_dominant,256,1,before_multiples_rhs_residual_benchmarks,2523968,2.40704
custom_lu,multiple_rhs_residual,diagonally_dominant,256,1,after_multiples_rhs_residual_benchmarks,2523968,2.40704
custom_lu,multiple_rhs_residual,diagonally_dominant,256,1,before_multiples_rhs_residual_benchmarks,2523968,2.40704
custom_lu,multiple_rhs_residual,diagonally_dominant,256,1,after_multiples_rhs_residual_benchmarks,2523968,2.40704
custom_lu,multiple_rhs_residual,diagonally_dominant,256,1,before_multiples_rhs_residual_benchmarks,2523968,2.40704
custom_lu,multiple_rhs_residual,diagonally_dominant,256,1,after_multiples_rhs_residual_benchmarks,2523968,2.40704
custom_lu,multiple_rhs_residual,diagonally_dominant,256,2,before_problem_setup,2523968,2.40704
custom_lu,multiple_rhs_residual,diagonally_dominant,256,2,after_problem_setup,2523968,2.40704
custom_lu,multiple_rhs_residual,diagonally_dominant,256,2,before_multiples_rhs_residual_benchmarks,2523968,2.40704
custom_lu,multiple_rhs_residual,diagonally_dominant,256,2,after_multiples_rhs_residual_benchmarks,2523968,2.40704
custom_lu,multiple_rhs_residual,diagonally_dominant,256,2,before_multiples_rhs_residual_benchmarks,2523968,2.40704
custom_lu,multiple_rhs_residual,diagonally_dominant,256,2,after_multiples_rhs_residual_benchmarks,2523968,2.40704
custom_lu,multiple_rhs_residual,diagonally_dominant,256,2,before_multiples_rhs_residual_benchmarks,2523968,2.40704
custom_lu,multiple_rhs_residual,diagonally_dominant,256,2,after_multiples_rhs_residual_benchmarks,2523968,2.40704
custom_lu,multiple_rhs_residual,diagonally_dominant,256,2,before_multiples_rhs_residual_benchmarks,2523968,2.40704
custom_lu,multiple_rhs_residual,diagonally_dominant,256,2,after_multiples_rhs_residual_benchmarks,2523968,2.40704
custom_lu,multiple_rhs_residual,diagonally_dominant,256,2,before_multiples_rhs_residual_benchmarks,2523968,2.40704
custom_lu,multiple_rhs_residual,diagonally_dominant,256,2,after_multiples_rhs_residual_benchmarks,2523968,2.40704
custom_lu,multiple_rhs_residual,diagonally_dominant,256,3,before_problem_setup,2523968,2.40704
custom_lu,multiple_rhs_residual,diagonally_dominant,256,3,after_problem_setup,2523968,2.40704
custom_lu,multiple_rhs_residual,diagonally_dominant,256,3,before_multiples_rhs_residual_benchmarks,2523968,2.40704
custom_lu,multiple_rhs_residual,diagonally_dominant,256,3,after_multiples_rhs_residual_benchmarks,2523968,2.40704
custom_lu,multiple_rhs_residual,diagonally_dominant,256,3,before_multiples_rhs_residual_benchmarks,2523968,2.40704
custom_lu,multiple_rhs_residual,diagonally_dominant,256,3,after_multiples_rhs_residual_benchmarks,2523968,2.40704
custom_lu,multiple_rhs_residual,diagonally_dominant,256,3,before_multiples_rhs_residual_benchmarks,2523968,2.40704
custom_lu,multiple_rhs_residual,diagonally_dominant,256,3,after_multiples_rhs_residual_benchmarks,2523968,2.40704
custom_lu,multiple_rhs_residual,diagonally_dominant,256,3,before_multiples_rhs_residual_benchmarks,2523968,2.40704
custom_lu,multiple_rhs_residual,diagonally_dominant,256,3,after_multiples_rhs_residual_benchmarks,2523968,2.40704
custom_lu,multiple_rhs_residual,diagonally_dominant,256,3,before_multiples_rhs_residual_benchmarks,2523968,2.40704
custom_lu,multiple_rhs_residual,diagonally_dominant,256,3,after_multiples_rhs_residual_benchmarks,2523968,2.40704
custom_lu,multiple_rhs_residual,diagonally_dominant,256,4,before_problem_setup,2523968,2.40704
custom_lu,multiple_rhs_residual,diagonally_dominant,256,4,after_problem_setup,2523968,2.40704
custom_lu,multiple_rhs_residual,diagonally_dominant,256,4,before_multiples_rhs_residual_benchmarks,2523968,2.40704
custom_lu,multiple_rhs_residual,diagonally_dominant,256,4,after_multiples_rhs_residual_benchmarks,2523968,2.40704
custom_lu,multiple_rhs_residual,diagonally_dominant,256,4,before_multiples_rhs_residual_benchmarks,2523968,2.40704
custom_lu,multiple_rhs_residual,diagonally_dominant,256,4,after_multiples_rhs_residual_benchmarks,2523968,2.40704
custom_lu,multiple_rhs_residual,diagonally_dominant,256,4,before_multiples_rhs_residual_benchmarks,2523968,2.40704
custom_lu,multiple_rhs_residual,diagonally_dominant,256,4,after_multiples_rhs_residual_benchmarks,2523968,2.40704
custom_lu,multiple_rhs_residual,diagonally_dominant,256,4,before_multiples_rhs_residual_benchmarks,2523968,2.40704
custom_lu,multiple_rhs_residual,diagonally_dominant,256,4,after_multiples_rhs_residual_benchmarks,2523968,2.40704
custom_lu,multiple_rhs_residual,diagonally_dominant,256,4,before_multiples_rhs_residual_benchmarks,2523968,2.40704
custom_lu,multiple_rhs_residual,diagonally_dominant,256,4,after_multiples_rhs_residual_benchmarks,2523968,2.40704
custom_lu,multiple_rhs_residual,diagonally_dominant,256,5,before_problem_setup,2523968,2.40704
custom_lu,multiple_rhs_residual,diagonally_dominant,256,5,after_problem_setup,2523968,2.40704
custom_lu,multiple_rhs_residual,diagonally_dominant,256,5,before_multiples_rhs_residual_benchmarks,2523968,2.40704
custom_lu,multiple_rhs_residual,diagonally_dominant,256,5,after_multiples_rhs_residual_benchmarks,2523968,2.40704
custom_lu,multiple_rhs_residual,diagonally_dominant,256,5,before_multiples_rhs_residual_benchmarks,2523968,2.40704
custom_lu,multiple_rhs_residual,diagonally_dominant,256,5,after_multiples_rhs_residual_benchmarks,2523968,2.40704
custom_lu,multiple_rhs_residual,diagonally_dominant,256,5,before_multiples_rhs_residual_benchmarks,2523968,2.40704
custom_lu,multiple_rhs_residual,diagonally_dominant,256,5,after_multiples_rhs_residual_benchmarks,2523968,2.40704
custom_lu,multiple_rhs_residual,diagonally_dominant,256,5,before_multiples_rhs_residual_benchmarks,2523968,2.40704
custom_lu,multiple_rhs_residual,diagonally_dominant,256,5,after_multiples_rhs_residual_benchmarks,2523968,2.40704
custom_lu,multiple_rhs_residual,diagonally_dominant,256,5,before_multiples_rhs_residual_benchmarks,2523968,2.40704
custom_lu,multiple_rhs_residual,diagonally_dominant,256,5,after_multiples_rhs_residual_benchmarks,2523968,2.40704
custom_lu,multiple_rhs_residual,diagonally_dominant,256,6,before_problem_setup,2523968,2.40704
custom_lu,multiple_rhs_residual,diagonally_dominant,256,6,after_problem_setup,2523968,2.40704
custom_lu,multiple_rhs_residual,diagonally_dominant,256,6,before_multiples_rhs_residual_benchmarks,2523968,2.40704
custom_lu,multiple_rhs_residual,diagonally_dominant,256,6,after_multiples_rhs_residual_benchmarks,2523968,2.40704
custom_lu,multiple_rhs_residual,diagonally_dominant,256,6,before_multiples_rhs_residual_benchmarks,2523968,2.40704
custom_lu,multiple_rhs_residual,diagonally_dominant,256,6,after_multiples_rhs_residual_benchmarks,2523968,2.40704
custom_lu,multiple_rhs_residual,diagonally_dominant,256,6,before_multiples_rhs_residual_benchmarks,2523968,2.40704
custom_lu,multiple_rhs_residual,diagonally_dominant,256,6,after_multiples_rhs_residual_benchmarks,2523968,2.40704
custom_lu,multiple_rhs_residual,diagonally_dominant,256,6,before_multiples_rhs_residual_benchmarks,2523968,2.40704
custom_lu,multiple_rhs_residual,diagonally_dominant,256,6,after_multiples_rhs_residual_benchmarks,2523968,2.40704
custom_lu,multiple_rhs_residual,diagonally_dominant,256,6,before_multiples_rhs_residual_benchmarks,2523968,2.40704
custom_lu,multiple_rhs_residual,diagonally_dominant,256,6,after_multiples_rhs_residual_benchmarks,2523968,2.40704
custom_lu,multiple_rhs_residual,diagonally_dominant,256,7,before_problem_setup,2523968,2.40704
custom_lu,multiple_rhs_residual,diagonally_dominant,256,7,after_problem_setup,2523968,2.40704
custom_lu,multiple_rhs_residual,diagonally_dominant,256,7,before_multiples_rhs_residual_benchmarks,2523968,2.40704
custom_lu,multiple_rhs_residual,diagonally_dominant,256,7,after_multiples_rhs_residual_benchmarks,2523968,2.40704
custom_lu,multiple_rhs_residual,diagonally_dominant,256,7,before_multiples_rhs_residual_benchmarks,2523968,2.40704
custom_lu,multiple_rhs_residual,diagonally_dominant,256,7,after_multiples_rhs_residual_benchmarks,2523968,2.40704
custom_lu,multiple_rhs_residual,diagonally_dominant,256,7,before_multiples_rhs_residual_benchmarks,2523968,2.40704
custom_lu,multiple_rhs_residual,diagonally_dominant,256,7,after_multiples_rhs_residual_benchmarks,2523968,2.40704
custom_lu,multiple_rhs_residual,diagonally_dominant,256,7,before_multiples_rhs_residual_benchmarks,2523968,2.40704
custom_lu,multiple_rhs_residual,diagonally_dominant,256,7,after_multiples_rhs_residual_benchmarks,2523968,2.40704
custom_lu,multiple_rhs_residual,diagonally_dominant,256,7,before_multiples_rhs_residual_benchmarks,2523968,2.40704
custom_lu,multiple_rhs_residual,diagonally_dominant,256,7,after_multiples_rhs_residual_benchmarks,2523968,2.40704
custom_lu,multiple_rhs_residual,diagonally_dominant,256,8,before_problem_setup,2523968,2.40704
custom_lu,multiple_rhs_residual,diagonally_dominant,256,8,after_problem_setup,2523968,2.40704
custom_lu,multiple_rhs_residual,diagonally_dominant,256,8,before_multiples_rhs_residual_benchmarks,2523968,2.40704
custom_lu,multiple_rhs_residual,diagonally_dominant,256,8,after_multiples_rhs_residual_benchmarks,2523968,2.40704
custom_lu,multiple_rhs_residual,diagonally_dominant,256,8,before_multiples_rhs_residual_benchmarks,2523968,2.40704
custom_lu,multiple_rhs_residual,diagonally_dominant,256,8,after_multiples_rhs_residual_benchmarks,2523968,2.40704
custom_lu,multiple_rhs_residual,diagonally_dominant,256,8,before_multiples_rhs_residual_benchmarks,2523968,2.40704
custom_lu,multiple_rhs_residual,diagonally_dominant,256,8,after_multiples_rhs_residual_benchmarks,2523968,2.40704
custom_lu,multiple_rhs_residual,diagonally_dominant,256,8,before_multiples_rhs_residual_benchmarks,2523968,2.40704
custom_lu,multiple_rhs_residual,diagonally_dominant,256,8,after_multiples_rhs_residual_benchmarks,2523968,2.40704
custom_lu,multiple_rhs_residual,diagonally_dominant,256,8,before_multiples_rhs_residual_benchmarks,2523968,2.40704
custom_lu,multiple_rhs_residual,diagonally_dominant,256,8,after_multiples_rhs_residual_benchmarks,2523968,2.40704
custom_lu,multiple_rhs_residual,diagonally_dominant,256,9,before_problem_setup,2523968,2.40704
custom_lu,multiple_rhs_residual,diagonally_dominant,256,9,after_problem_setup,2523968,2.40704
custom_lu,multiple_rhs_residual,diagonally_dominant,256,9,before_multiples_rhs_residual_benchmarks,2523968,2.40704
custom_lu,multiple_rhs_residual,diagonally_dominant,256,9,after_multiples_rhs_residual_benchmarks,2523968,2.40704
custom_lu,multiple_rhs_residual,diagonally_dominant,256,9,before_multiples_rhs_residual_benchmarks,2523968,2.40704
custom_lu,multiple_rhs_residual,diagonally_dominant,256,9,after_multiples_rhs_residual_benchmarks,2523968,2.40704
custom_lu,multiple_rhs_residual,diagonally_dominant,256,9,before_multiples_rhs_residual_benchmarks,2523968,2.40704
custom_lu,multiple_rhs_residual,diagonally_dominant,256,9,after_multiples_rhs_residual_benchmarks,2523968,2.40704
custom_lu,multiple_rhs_residual,diagonally_dominant,256,9,before_multiples_rhs_residual_benchmarks,2523968,2.40704
custom_lu,multiple_rhs_residual,diagonally_dominant,256,9,after_multiples_rhs_residual_benchmarks,2523968,2.40704
custom_lu,multiple_rhs_residual,diagonally_dominant,256,9,before_multiples_rhs_residual_benchmarks,2523968,2.40704
custom_lu,multiple_rhs_residual,diagonally_dominant,256,9,after_multiples_rhs_residual_benchmarks,2523968,2.40704
custom_lu,multiple_rhs_residual,diagonally_dominant,256,10,before_problem_setup,2523968,2.40704
custom_lu,multiple_rhs_residual,diagonally_dominant,256,10,after_problem_setup,2523968,2.40704
custom_lu,multiple_rhs_residual,diagonally_dominant,256,10,before_multiples_rhs_residual_benchmarks,2523968,2.40704
custom_lu,multiple_rhs_residual,diagonally_dominant,256,10,after_multiples_rhs_residual_benchmarks,2523968,2.40704
custom_lu,multiple_rhs_residual,diagonally_dominant,256,10,before_multiples_rhs_residual_benchmarks,2523968,2.40704
custom_lu,multiple_rhs_residual,diagonally_dominant,256,10,after_multiples_rhs_residual_benchmarks,2523968,2.40704
custom_lu,multiple_rhs_residual,diagonally_dominant,256,10,before_multiples_rhs_residual_benchmarks,2523968,2.40704
custom_lu,multiple_rhs_residual,diagonally_dominant,256,10,after_multiples_rhs_residual_benchmarks,2523968,2.40704
custom_lu,multiple_rhs_residual,diagonally_dominant,256,10,before_multiples_rhs_residual_benchmarks,2523968,2.40704
custom_lu,multiple_rhs_residual,diagonally_dominant,256,10,after_multiples_rhs_residual_benchmarks,2523968,2.40704
custom_lu,multiple_rhs_residual,diagonally_dominant,256,10,before_multiples_rhs_residual_benchmarks,2523968,2.40704
custom_lu,multiple_rhs_residual,diagonally_dominant,256,10,after_multiples_rhs_residual_benchmarks,2523968,2.40704
custom_lu,multiple_rhs_residual,diagonally_dominant,256,11,before_problem_setup,2523968,2.40704
custom_lu,multiple_rhs_residual,diagonally_dominant,256,11,after_problem_setup,2523968,2.40704
custom_lu,multiple_rhs_residual,diagonally_dominant,256,11,before_multiples_rhs_residual_benchmarks,2523968,2.40704
custom_lu,multiple_rhs_residual,diagonally_dominant,256,11,after_multiples_rhs_residual_benchmarks,2523968,2.40704
custom_lu,multiple_rhs_residual,diagonally_dominant,256,11,before_multiples_rhs_residual_benchmarks,2523968,2.40704
custom_lu,multiple_rhs_residual,diagonally_dominant,256,11,after_multiples_rhs_residual_benchmarks,2523968,2.40704
custom_lu,multiple_rhs_residual,diagonally_dominant,256,11,before_multiples_rhs_residual_benchmarks,2523968,2.40704
custom_lu,multiple_rhs_residual,diagonally_dominant,256,11,after_multiples_rhs_residual_benchmarks,2523968,2.40704
custom_lu,multiple_rhs_residual,diagonally_dominant,256,11,before_multiples_rhs_residual_benchmarks,2523968,2.40704
custom_lu,multiple_rhs_residual,diagonally_dominant,256,11,after_multiples_rhs_residual_benchmarks,2523968,2.40704
custom_lu,multiple_rhs_residual,diagonally_dominant,256,11,before_multiples_rhs_residual_benchmarks,2523968,2.40704
custom_lu,multiple_rhs_residual,diagonally_dominant,256,11,after_multiples_rhs_residual_benchmarks,2523968,2.40704
custom_lu,multiple_rhs_residual,diagonally_dominant,256,12,before_problem_setup,2523968,2.40704
custom_lu,multiple_rhs_residual,diagonally_dominant,256,12,after_problem_setup,2523968,2.40704
custom_lu,multiple_rhs_residual,diagonally_dominant,256,12,before_multiples_rhs_residual_benchmarks,2523968,2.40704
custom_lu,multiple_rhs_residual,diagonally_dominant,256,12,after_multiples_rhs_residual_benchmarks,2523968,2.40704
custom_lu,multiple_rhs_residual,diagonally_dominant,256,12,before_multiples_rhs_residual_benchmarks,2523968,2.40704
custom_lu,multiple_rhs_residual,diagonally_dominant,256,12,after_multiples_rhs_residual_benchmarks,2523968,2.40704
custom_lu,multiple_rhs_residual,diagonally_dominant,256,12,before_multiples_rhs_residual_benchmarks,2523968,2.40704
custom_lu,multiple_rhs_residual,diagonally_dominant,256,12,after_multiples_rhs_residual_benchmarks,2523968,2.40704
custom_lu,multiple_rhs_residual,diagonally_dominant,256,12,before_multiples_rhs_residual_benchmarks,2523968,2.40704
custom_lu,multiple_rhs_residual,diagonally_dominant,256,12,after_multiples_rhs_residual_benchmarks,2523968,2.40704
custom_lu,multiple_rhs_residual,diagonally_dominant,256,12,before_multiples_rhs_residual_benchmarks,2523968,2.40704
custom_lu,multiple_rhs_residual,diagonally_dominant,256,12,after_multiples_rhs_residual_benchmarks,2523968,2.40704
custom_lu,multiple_rhs_residual,diagonally_dominant,256,13,before_problem_setup,2523968,2.40704
custom_lu,multiple_rhs_residual,diagonally_dominant,256,13,after_problem_setup,2523968,2.40704
custom_lu,multiple_rhs_residual,diagonally_dominant,256,13,before_multiples_rhs_residual_benchmarks,2523968,2.40704
custom_lu,multiple_rhs_residual,diagonally_dominant,256,13,after_multiples_rhs_residual_benchmarks,2523968,2.40704
custom_lu,multiple_rhs_residual,diagonally_dominant,256,13,before_multiples_rhs_residual_benchmarks,2523968,2.40704
custom_lu,multiple_rhs_residual,diagonally_dominant,256,13,after_multiples_rhs_residual_benchmarks,2523968,2.40704
custom_lu,multiple_rhs_residual,diagonally_dominant,256,13,before_multiples_rhs_residual_benchmarks,2523968,2.40704
custom_lu,multiple_rhs_residual,diagonally_dominant,256,13,after_multiples_rhs_residual_benchmarks,2523968,2.40704
custom_lu,multiple_rhs_residual,diagonally_dominant,256,13,before_multiples_rhs_residual_benchmarks,2523968,2.40704
custom_lu,multiple_rhs_residual,diagonally_dominant,256,13,after_multiples_rhs_residual_benchmarks,2523968,2.40704
custom_lu,multiple_rhs_residual,diagonally_dominant,256,13,before_multiples_rhs_residual_benchmarks,2523968,2.40704
custom_lu,multiple_rhs_residual,diagonally_dominant,256,13,after_multiples_rhs_residual_benchmarks,2523968,2.40704
custom_lu,multiple_rhs_residual,diagonally_dominant,256,14,before_problem_setup,2523968,2.40704
custom_lu,multiple_rhs_residual,diagonally_dominant,256,14,after_problem_setup,2523968,2.40704
custom_lu,multiple_rhs_residual,diagonally_dominant,256,14,before_multiples_rhs_residual_benchmarks,2523968,2.40704
custom_lu,multiple_rhs_residual,diagonally_dominant,256,14,after_multiples_rhs_residual_benchmarks,2523968,2.40704
custom_lu,multiple_rhs_residual,diagonally_dominant,256,14,before_multiples_rhs_residual_benchmarks,2523968,2.40704
custom_lu,multiple_rhs_residual,diagonally_dominant,256,14,after_multiples_rhs_residual_benchmarks,2523968,2.40704
custom_lu,multiple_rhs_residual,diagonally_dominant,256,14,before_multiples_rhs_residual_benchmarks,2523968,2.40704
custom_lu,multiple_rhs_residual,diagonally_dominant,256,14,after_multiples_rhs_residual_benchmarks,2523968,2.40704
custom_lu,multiple_rhs_residual,diagonally_dominant,256,14,before_multiples_rhs_residual_benchmarks,2523968,2.40704
custom_lu,multiple_rhs_residual,diagonally_dominant,256,14,after_multiples_rhs_residual_benchmarks,2523968,2.40704
custom_lu,multiple_rhs_residual,diagonally_dominant,256,14,before_multiples_rhs_residual_benchmarks,2523968,2.40704
custom_lu,multiple_rhs_residual,diagonally_dominant,256,14,after_multiples_rhs_residual_benchmarks,2523968,2.40704
